node,value,error_n,error_p,chi2,ndof,n_meas,n_params
B021W,32.37703125,4.2041015625,4.2333984375,14.947483858122144,3,4,1
B025M,2109.0609374999995,3.134765625,3.203125,13.142460938621056,4,5,1
B025W,99.94114583333334,8.484375,8.4375,46.39819698804037,2,3,1
B033R90,0.00542109375,0.00015625000000000014,0.0001572265624999996,0.39027404785156455,1,2,1
B037M1,1405.088232421875,0.97998046875,1.396484375,0.13022532748495225,2,3,1
B037W1,50.443749999999994,1.953125,1.982421875,1.38469765625,1,2,1
B038IM,15.29203125,0.890625,0.9375,0.0011499125718070402,1,2,1
B038M,1519.4231491597493,0.17670072023406647,0.16565692521930941,10.100236628924474,8,9,1
B038RE,1517.4907745361327,0.39453125,0.40234375,0.015585660229560832,1,2,1
B038W,15.727191406249997,0.2529785156249993,0.25136718749999964,7.723093032869326,9,10,1
B043M+,1382.8318280029296,0.1845703125,0.185546875,34.81487599627589,11,12,1
B043M-,1387.1830295138889,0.251953125,0.251953125,37.67977647645903,8,9,1
B043M0,1383.6575764973957,0.712890625,0.7177734375,3.98320164152715,2,3,1
B043R1,0.13516640624999998,0.011484374999999991,0.010800781250000002,10.167647282160479,11,12,1
B043R4,0.014312109374999998,0.0013594800605953184,0.0015506213511708878,0.05559568973955261,1,2,1
B043W+,36.15863281250002,0.7249999999999943,0.6999999999999957,9.163278829281712,11,12,1
B043W-,39.43908854166666,1.20166015625,1.25390625,23.77655903022879,8,9,1
B043W0,35.8921875,4.960546874999999,4.860937499999999,0.14966037783377945,1,2,1
B049D,2.9141666666666666,0.90625,0.9249999999999994,0.9897973527319638,2,3,1
B049M-,1535.1813412475585,0.8374999999998636,0.849999999999909,0.7575074203542924,3,4,1
B049M0,1531.781492047991,0.2492187500001819,0.2492187500001819,11.40827662440241,6,7,1
B049W-,9.853046875,1.721484375000001,1.5992187500000004,2.3549426327497134,3,4,1
B049W0,9.140104166666667,0.483642578125,0.478515625,3.6141438280812923,8,9,1
B050M,1823.17494594029,1.2982038560844558,1.311185894645405,3.648940532945539,6,7,1
B050R1,0.246375,0.04804687499999999,0.04716796875000001,0.1440625,1,2,1
B050R41,0.37603124999999976,0.11835937499999999,0.12070312499999997,5.122608747136443,1,2,1
B050W,23.914125000000006,3.84765625,3.88671875,6.850707776364711,4,5,1
B056R04,0.4050000000000001,0.048750000000000016,0.04781249999999998,10.24001736111111,1,2,1
B068M,2025.0910970052082,1.7763671875,1.79296875,10.824823193240398,5,6,1
B068W,21.16593750000001,4.51171875,4.6093750000000036,7.01717534122517,4,5,1
B101IM,158.56250000000003,9.111328125,9.66796875,39.02520073784722,1,2,1
B101RE,1546.2132080078125,2.8125,2.875,4.438360681485178,1,2,1
B102D,341.53711600341796,0.04557524175618255,0.045920508739186516,5.96867992381997,4,5,1
B104D+,166.19568676757814,0.09894139730522511,0.169714425270854,0.36546367188448226,1,2,1
B104D++,167.50993881225588,0.022145586856368027,0.0215164508661303,5.823656266188323,9,10,1
B104D0,167.28967672729493,0.021665675128332396,0.021920565423954486,3.216050751584492,8,9,1
B104D13,0.22076116071428545,0.01422379498531709,0.013898414054280411,7.336993139671508,6,7,1
B104W++,1.885096679687499,0.08659295933671207,0.0671475491290221,2.5796052591008176,3,4,1
B104W0,1.8233749999999995,0.09566405452480575,0.08199776102126188,5.9838932742955855,4,5,1
B115D+,230.904892578125,0.5706356105256702,0.6776297874992565,0.0018041637145622417,1,2,1
B115D++,231.94901037597657,0.09895601102547857,0.0976277424211105,8.86644346069932,3,4,1
B115D0,232.01657409667968,0.11130430803351032,0.11067900293221555,4.964908418649363,3,4,1
B115W++,14.779072265625,0.3751830607870801,0.30037738984197304,0.4040264133426654,3,4,1
B115W0,15.323687500000002,0.5029296875,0.4496368028641555,2.073899860627952,3,4,1
B119R1,0.363859375,0.10504509820191521,0.10297183968477219,0.0021241358637137404,1,2,1
B119R2,0.36609374999999994,0.10220422263781476,0.09581645872295125,0.44137820267329697,1,2,1
B122M,2939.547369181315,1.2511467518161226,1.2458604858570652,1.3741072051653522,2,3,1
B122W,19.703125000000007,6.396435317082867,6.655060424530369,0.7126969222423523,2,3,1
B130M+,2967.0644764709477,0.7385139348925804,0.7276534358502431,11.592195936393303,3,4,1
B130M0,2965.9250097656254,0.314449546272499,0.2878600625808758,58.608712950499466,4,5,1
B130W+,20.8419140625,3.0923292192132443,2.834635117612141,4.032794020046532,3,4,1
B141M,2251.8900390625,8.8359375,8.88671875,0.012753257581784447,1,2,1
B141W,55.22812499999998,17.8125,17.6640625,0.5905795336440659,1,2,1
B146W+,2.1388671874999994,0.17119895452732758,0.16945202641990553,1.2472420066066041,1,2,1
B147M+,3077.177642669678,0.4007812499994543,0.4078124999996362,0.801982260414671,1,2,1
B147M0,3079.9404910278326,1.0022136791149023,1.0250952699625486,1.8175803754976076,1,2,1
B147R01,0.44778125,0.06295013682719441,0.06322147362386321,0.00412176469397669,1,2,1
B147R02,0.8947343750000001,0.12648652233353253,0.12480003536908546,0.41413917382299403,1,2,1
B147W+,3.599218749999999,0.704705255458133,0.7158910531638178,2.314828863376524,1,2,1
B147W0,5.6540625,2.1984229590959234,2.1704175710819635,0.02406648925211777,1,2,1
B151M,2881.6210636647543,0.24897556218684258,0.2430001486945912,1.3220084329696027,2,3,1
B151R1,0.39242109375000006,0.023714549058249823,0.023583529450193152,1.7200807917108283,1,2,1
B151W,5.596838541666667,0.6830082313857027,0.8137970416510498,0.06766423998807936,2,3,1
B152M,1533.5944146728514,1.25,1.2060546875,38.20916106856413,9,10,1
B155W0,73.7296875,17.52237165171374,20.848996715969335,0.4616097319235761,1,2,1
B156A04,2938.5474191665653,0.30028546579796966,0.30390336297659815,0.0004406268197164858,1,2,1
B156M,2929.663872070312,4.2519526764185684,2.4599328306376265,0.08077515981727364,1,2,1
B156W,21.01677083333333,6.162683523668129,6.111752254877487,1.8021959156110503,2,3,1
B161M,5952.357548308802,0.7912016177933765,0.6181262639011038,2.426581645745749,1,4,3
B161W,0.87,0.07503661215741608,0.07544565672814196,0.0,1,2,1
B162M,5912.166756570047,0.16274967672961793,0.16369042630594777,1.1114127728483487,0,2,2
B163M,5920.067629516572,0.16130873445763427,0.16351844314885966,0.8467483430831377,0,2,2
B169M,5934.928405608434,0.40081869342702703,0.40081869342702703,0.10655640182456451,-1,2,3
B170M,5955.523313154257,0.4024922359494667,0.4024922359494667,5.057936903288984,-1,2,3
B173M,3000.4555373382564,0.26291819366997515,0.24300014869413644,0.06101611313641795,1,2,1
B174M,3050.1646541748046,0.18866823560119883,0.19216209181604427,0.03467962054206929,2,3,1
B175M,3065.579572682699,0.2137007950041152,0.21493605971500074,1.4778078904060898,2,3,1
B175W,3.4226718750000007,0.4651196086010305,0.4760379092724163,2.9173369527567377,1,2,1
B176M,3090.143902933756,0.2641636039807054,0.25612539192479744,0.8097064002321346,2,3,1
B179M,2012.4561415100097,0.6338436814389752,0.6266409123318226,0.006307496408192039,1,2,1
B180R01,0.0031999999999999997,0.0003554687500000003,0.0003554687500000003,0.3199999999999996,1,2,1
B180R02,0.027815624999999986,0.00591255037637101,0.0058648685184970566,3.2216575113022,1,2,1
B183M,2105.279541015625,15.18359375,15.09375,11.867620860196524,1,2,1
B183W,313.875,52.60546875,97.8515625,0.014799302909668124,1,2,1
B187M,6146.1850914424895,0.42076615027053776,0.41472644476380083,0.02023808042899954,0,2,2
B188M,6152.5233263672535,0.3566275754055823,0.3589136496075298,0.016679028117996344,0,2,2
B192M0,2923.158799301147,0.3337668333911097,0.33148075918961695,1.4305194880152012,1,2,1
B192W0,5.8198437499999995,1.3157458469586993,1.308051426801046,0.7622669816246876,1,2,1
B200DM,23.697501953125,0.10120704775910383,0.10167130027176086,4.22609722105852,1,2,1
B200M,6099.835616218573,0.410399221188527,0.41597025133978605,4.226149471801197,-1,2,3
J032R1,0.40658515625,0.023906250000000018,0.024375000000000036,0.06761561690436481,1,2,1
J032R2,0.57940390625,0.024062499999999987,0.024375000000000036,0.019610052532619944,1,2,1
J032R3,0.021992187500000003,0.0008867187500000012,0.0009023437499999995,20.00007629394531,1,2,1
K001M,1205.8765625,6.884262226720466,6.77322573919264,1.2450090914584622,2,3,1
K001R1,0.64283203125,0.010019531249999991,0.009843749999999929,2.702874607510036,1,2,1
K001W,40.93229166666664,5.6640625,5.595703125,6.827310901447101,2,3,1
K002M,1793.296875,8.75,8.203125,1.3333532714843748,2,3,1
K002W,98.690625,12.03125,12.031250000000014,0.006405992296006946,1,2,1
K003M,2001.965087890625,9.0625,8.984375,0.20001523569226262,1,2,1
K003W,98.9625,11.875,12.1875,0.4625722656249999,1,2,1
K999M,896.103518486023,0.1953125,0.1953125,38.921485725334186,19,20,1
M001A00,0.13279054687500003,0.007910156249999994,0.008015625000000026,0.16301324667371095,1,2,1
M001G2,6.447940429687501e-05,1.0253906249999955e-06,1.0014648437499987e-06,6.367671961960561,3,4,1
M001G3,3.181291666666666e-08,2.8115174641467917e-09,2.7728204819878097e-09,0.22744772809663938,2,3,1
M001G4,6.3433589843750005e-06,9.630795208035069e-08,9.71172626020342e-08,0.0984324891651483,2,3,1
M001G5,1.2253373046875e-06,2.268184515728524e-08,2.275120859813322e-08,3.47489549574133,2,3,1
M001LAM,0.6698075634765623,0.005632807082174951,0.005521633258184666,0.05340523499086385,1,2,1
M001M,782.6554233398438,0.0630457510958422,0.06603671307038894,22.85219598028954,8,9,1
M001R1,0.10430859375,0.011015625000000001,0.010937500000000003,4.362687400977642,5,6,1
M001R12,0.00013377708333333333,1.2759582508874704e-05,1.2535730184157619e-05,4.647765276037876,2,3,1
M001R14,0.08082083333333333,0.010693359375000003,0.010644531249999992,0.10831583641975329,2,3,1
M001R15,0.014911250000000011,0.0010761718750000003,0.0010483398437499958,5.461419093191771,5,6,1
M001R19,0.0006414166666666667,0.00012263671875000002,0.000125,2.6834274432134517,2,3,1
M001R2,0.025737500000000003,0.004785156250000002,0.0050312499999999975,0.39158197018122454,2,3,1
M001R23,0.0007674114583333334,5.937499999999986e-05,5.937499999999986e-05,1.1773680476198134,2,3,1
M001R29,6.540625000000001e-05,1.2116620816052636e-05,1.29455741713143e-05,0.005239374558263192,1,2,1
M001R3,0.09050953125000001,0.0015136718749999833,0.0015136718749999833,5.139213180206703,5,6,1
M001R30,7.41e-05,1.8052353909932436e-05,1.793119717228188e-05,0.39807460831172164,1,2,1
M001W,8.68,0.13225713965140073,0.13225713965140073,0.0,1,2,1
M002A,-0.029700000000000004,0.04160156250000001,0.041406250000000006,0.37857823756188874,2,3,1
M002B0,-0.6123541666666668,0.06064453124999991,0.06093749999999987,3.10888018113265,2,3,1
M002FFL,1.5257328125000003,0.04375000000000018,0.041015625,0.1915928009817563,1,2,1
M002G1,0.0012574620535714287,6.242391991160201e-05,6.147088296638674e-05,8.731973642291951,6,7,1
M002M,957.7844436286928,0.06337890625002274,0.06203613281252274,4.099503931129961,5,6,1
M002R19,0.023135537155801602,0.0003588401425975614,0.000360592738340295,4.27673167672782,1,3,2
M002R21,0.0036099109374999995,0.00017892062120312274,0.000177735716426943,0.3229702692861867,2,3,1
M002R27,0.9678125,0.0859375,0.0850781249999999,2.5838406974753325,3,4,1
M002R32,0.00774765625,0.0010093749999999999,0.0009908203125000015,0.2738915790403789,2,3,1
M002R38,0.105068359375,0.005185546875000002,0.0051679687500000016,3.6446322229173465,1,2,1
M002R43,0.68243203125,0.01968749999999997,0.020156249999999987,0.10597218300423816,1,2,1
M002R49,0.0249981640625,0.0007121984010793614,0.0006931216581933103,0.11520519156818947,1,2,1
M002R50,2.1542368474641358e-05,1.2740647067375182e-06,1.2777791811011828e-06,0.1909221576909157,0,2,2
M002R55,0.0035715624999999997,0.00026073687084935413,0.0002644974987942969,0.9354886394723276,1,2,1
M002W,0.2300390624999999,0.021484375,0.02234375000000005,0.8800797578997396,2,3,1
M002W4,0.0042852607421875015,0.0001884389130142397,0.00019578068884596334,4.715075445176768,7,8,1
M003W4,0.00029227916666666663,6.837190175403116e-05,0.00010749564228540416,0.7317122302342454,2,3,1
M004BFP,1.2938124999999978,0.12919921874999973,0.13447265624999982,1.9495956848276936,1,2,1
M004D1,0.090725,0.012114926942045343,0.012114926942045343,0.05079764903742927,1,2,1
M004G10,0.0001460572265625,2.6558515326127134e-06,2.5972665723344806e-06,6.383699728634996,2,3,1
M004G2,3.929003749999999e-06,7.051358745394344e-08,6.988507894526446e-08,6.3326961672095825,4,5,1
M004G3,3.9497734375000003e-07,1.7567726959330273e-08,1.732541348402919e-08,0.5990406341571378,1,2,1
M004G4,2.8226660156249973e-08,2.8678710937499952e-09,2.8660156250000044e-09,7.9676593985246065,3,4,1
M004G5,8.840277343749998e-08,6.453125000000002e-09,6.2802734375000065e-09,4.317180510544068,3,4,1
M004G6,9.936166406250002e-05,8.000287050819507e-07,8.203684179229956e-07,2.1892765091983524,3,4,1
M004G7,4.515377604166667e-05,1.3860125842823608e-06,1.3530122846565874e-06,0.665995331859746,2,3,1
M004M,1019.459588705876,0.015478515624977263,0.018749999999954525,16.05369972921474,18,19,1
M004R1,0.4933603125,0.010546874999999956,0.010546875000000067,3.1481905222369515,4,5,1
M004R10,0.00029602578125,1.4531250000000004e-05,1.4414062499999995e-05,2.375382428964933,2,3,1
M004R11,0.012562473214285715,0.00038281249999999947,0.00038281249999999947,5.5708534321654195,6,7,1
M004R16,0.00029782142857142854,5.83007812500003e-06,5.947265625000039e-06,7.414915530437416,6,7,1
M004R17,0.0013067578125,0.0001269531250000001,0.00012548828125000006,0.03747867240228583,1,2,1
M004R19,0.7396687500000001,0.0302734375,0.030468750000000044,4.194991247016061,4,5,1
M004R2,0.3309997395833334,0.009023437500000009,0.008886718750000022,0.9460328828842899,2,3,1
M004R20,0.23169140624999995,0.016874999999999973,0.01705078124999998,0.2977786596767261,1,2,1
M004R24,0.00010844570312499999,3.6429551162153555e-06,3.599064090718793e-06,0.5073235414888108,2,3,1
M004R25,6.236408105206819e-05,2.952282659297825e-06,2.971763607147724e-06,0.030604374348066336,0,2,2
M004R26,0.00010708007812500002,6.311610395235903e-06,5.8232119717950445e-06,0.002444901518302199,1,2,1
M004R3,0.15081250000000002,0.005281250000000015,0.005500000000000005,2.8672585000797244,1,2,1
M004R30,0.00032029765625,2.0035282675317622e-05,1.8441567007962834e-05,0.03934088261471434,1,2,1
M004R31,1.3257187500000002e-05,1.1337549958544847e-06,8.030764553969271e-07,0.7528983503175253,2,3,1
M004R32,7.265039062499999e-05,1.993164062500001e-06,2.0249023437500058e-06,5.742713950934101,4,5,1
M004R33,7.600078125000003e-05,6.507812500000003e-06,6.507812500000003e-06,0.5799014604405642,1,2,1
M004R34,0.004782682291666666,0.00019423828125000007,0.0002054969681193619,1.0456822817086526,2,3,1
M004R41,0.0003072968750000001,2.53125e-05,2.500000000000001e-05,0.7737121424955488,1,2,1
M004R5,0.44825000000000004,0.04453124999999997,0.04433593749999998,0.45242359693877504,2,3,1
M004R6,0.24081093749999993,0.07500000000000001,0.03793945312500002,0.16525271184472082,1,2,1
M004R7,0.5077578125,0.04539062499999996,0.045937499999999964,0.9530035680654115,1,2,1
M004W,4.248806790364583,0.011601562500000995,0.011601562500000995,7.59549257330526,14,15,1
M004W8,0.0012513684895833332,1.9588354021746017e-05,2.0043897138530753e-05,2.2285281664081538,2,3,1
M005M,1275.4156527549342,0.8203125,0.791015625,18.947208971371577,18,19,1
M005R1,0.03320375,0.0038574218749999993,0.004296874999999999,5.113262568856589,4,5,1
M005R10,0.8375554687499998,0.019628906250000022,0.01953125,1.1530184867095914,2,3,1
M005R3,0.04117578125,0.004429687500000008,0.00390625,0.585545584364851,3,4,1
M005R7,0.002942499999999998,0.0004764648437500002,0.0004748046875000002,1.9248818497987437,2,3,1
M005W,185.83449928977274,1.40625,1.640625,47.07874993333109,21,22,1
M006G2,0.0019522500000000002,0.000372772019675504,0.0003701806199765867,4.221131677062226,4,5,1
M006M1,1414.8661938476564,2.8515625,2.890625,6.081981585049883,4,5,1
M006M2,1428.4018427530923,0.7080078125,0.6987235857332053,40.30373777134572,17,18,1
M006R7,0.042374999999999816,0.014287109375000002,0.014101562500000005,4.407860760041551,1,2,1
M006W,56.801997070312495,2.592529296875,2.54736328125,24.737937254384214,15,16,1
M008G3,0.0013539374999999995,0.00029219294415466237,0.00029653244332527575,1.9269487834754426,1,2,1
M008M,1281.7898971710204,0.26682747125096284,0.26543774483820926,75.75046611299467,31,32,1
M008R1,0.27140234375000005,0.013210750386758896,0.013096864607562708,3.0979646224004727,2,3,1
M008R11,0.022806250000000007,0.004374999999999997,0.004197265625000005,3.041502359693878,1,2,1
M008R16,8.467291666666672,0.8937499999999989,0.9624999999999986,9.911608001553173,2,3,1
M008R2,0.17550546874999998,0.011718749999999972,0.011718749999999972,7.516979802646931,5,6,1
M008R3,0.7242187499999998,0.07578125000000002,0.07705078124999998,0.2500766662273465,2,3,1
M008R4,0.40400000000000025,0.14375000000000004,0.146484375,0.3958685950413223,1,2,1
M008W,22.949806385869564,0.6767578125,0.703125,50.20543342540967,22,23,1
M009D,-0.6870535714285715,0.5273437499999998,0.5322265625,11.93316066015485,6,7,1
M009G1,1.4473437500000002e-08,1.2560100876712863e-09,1.2560100876712863e-09,1.813229819962493,3,4,1
M009G2,2.2043046875000006e-08,2.2188116188626737e-09,2.184142687317944e-09,4.815243529371513,2,3,1
M009G4,4.8853608398437506e-05,3.559759859708125e-07,3.612890603882883e-07,0.026531059589287566,1,2,1
M009M0,775.2618973083496,0.23559456464272444,0.23559456464272444,3.702682665708731,7,8,1
M009M0P,769.2385137939452,0.927734375,0.91796875,4.638155693116315,9,10,1
M009M0R,769.0148518880208,0.603515625,0.59765625,22.139141164905613,11,12,1
M009M2,766.4995880126953,1.125,1.107421875,3.3488512768728675,7,8,1
M009M5,775.1087619018554,0.34219563792407826,0.3775951866748528,1.5783166267853734,3,4,1
M009R14,4.46109375e-05,8.109703336621379e-06,8.645713811454223e-06,0.3789207594350252,1,2,1
M009R7,0.00028987598467681376,3.234374999999998e-05,3.208007812499999e-05,0.6959782424891285,0,2,2
M009W0,147.3944659423828,0.42063740364818614,0.4148221400033094,24.16196210284688,7,8,1
M009W0P,151.506875,2.0325191347692737,2.0846350100197526,0.6366273913579046,3,4,1
M009W0R,150.86621582031248,1.5234375,1.5185546875,9.887343470974649,7,8,1
M009W2,150.25636160714285,2.3828125,2.3828125,1.0581205549665837,6,7,1
M009W3,0.067593984375,0.002953125000000001,0.0029804687499999927,9.649680171464416,2,3,1
M009W4,0.007040888020833334,6.361613261666836e-05,6.238086790566564e-05,0.7676196321064456,2,3,1
M009W5,149.116640625,0.8572359742947242,0.8483064328958108,0.8345305127835891,3,4,1
M009W6,0.3293750000000003,0.928456380235496,0.9308742353923593,2.025260385017333,1,2,1
M010DS,-0.061406250000000044,0.009447958298787355,0.008070131046880875,11.91166495224907,3,4,1
M011DS,0.2768593749999999,0.01123046875,0.01123046875,24.664276826342764,7,8,1
M011M,1229.496787109375,2.046875,2.015625,21.995574494740115,9,10,1
M011W,142.4020833333333,7.1044921875,7.812499999999972,11.562433252488548,8,9,1
M012M1,1318.6118063964839,0.927734375,0.94482421875,27.716235125353762,14,15,1
M012M2,1318.0658515082464,0.7001953125,0.697265625,7.955359661989349,8,9,1
M012M3,1317.6894677734376,1.4765625,1.44140625,4.090829508177109,6,7,1
M012M4,1321.595947265625,6.812890624999909,6.562109375000091,0.4224760536445186,1,2,1
M012R12,0.15166666666666673,0.039023437499999994,0.03779296874999999,3.226476551783265,2,3,1
M012R13,0.03769374999999999,0.005468750000000001,0.005351562499999997,1.6787483772870306,3,4,1
M012R2,0.14,0.028437500000000004,0.028437500000000004,0.12499999999999988,1,2,1
M012R3,0.21322792968749998,0.020126953124999986,0.020390624999999968,2.645985134975961,7,8,1
M012R8,0.0479765625,0.012226562499999996,0.012148437499999998,2.0824841690063476,3,4,1
M012W1,104.91914062499998,1.8544921875,1.8369140625,15.679774302504892,18,19,1
M012W2,109.75036892361112,2.3681640625,2.392578125,6.519070837191201,8,9,1
M012W3,111.06157366071427,2.4609375,2.441406249999986,2.2281790135112494,6,7,1
M012W4,118.38749999999999,24.32849261937747,26.454283236604596,0.4372999182128907,1,2,1
M012W7,0.31111328125000004,0.024843750000000053,0.024843750000000053,1.8815391891479472,2,3,1
M012W9,0.0010012934027777778,6.214524563613664e-05,6.150457300071262e-05,1.1592154675162512,8,9,1
M013G1,7.196218750000001e-05,7.558366639029898e-06,7.2297381748643685e-06,5.45992478647415,7,8,1
M013M2,1524.8389176432288,1.435546875,1.423828125,8.836879955396778,8,9,1
M013M3,1513.8781494140621,1.1966626887842722,1.1009663801819443,127.88604350646386,12,13,1
M013M9,1512.1594848632812,3.65625,3.673828125,0.25775057912436256,1,2,1
M013R1,0.007478645833333332,0.00157421875,0.0015513916015625004,2.3122790013540895,2,3,1
M013R3,0.11449999999999999,0.02781249999999999,0.028124999999999956,0.02596985946745559,1,2,1
M013W2,81.56785714285715,6.25,6.25,1.2639825865359997,6,7,1
M013W3,85.86608473557695,1.845703125,1.768798828125,49.660327031338674,12,13,1
M013W9,77.13671875,4.859375,4.75,0.09013962745666504,1,2,1
M015M1,1685.7861328125,4.142578125,3.828125,2.791951920634776,5,6,1
M015M2,1696.0740234375,3.65625,3.5,0.9733757343351848,3,4,1
M015M3,1686.2255096435547,4.2578125,4.296875,7.165864242466949,7,8,1
M015M5,1681.35927734375,6.5673828125,6.494140625,2.007774110015905,3,4,1
M015M6,1681.51416015625,12.577882373436296,12.577882373436296,0.03449185207155015,1,2,1
M015R1,0.2426109375,0.013124999999999998,0.013007812499999993,1.4667292587245657,2,3,1
M015R10,0.23304687500000001,0.040429687500000006,0.04375000000000004,4.583911157724809,3,4,1
M015R14,0.013,0.0024062500000000004,0.0024062500000000004,0.0,1,2,1
M015R4,0.119925,0.023125000000000007,0.023437499999999944,5.878727648030013,2,3,1
M015R6,0.9437083333333334,0.09433593749999991,0.09515625000000005,0.3272409344293272,2,3,1
M015W1,186.20976562500002,11.1083984375,11.171875000000028,11.257040704696605,7,8,1
M015W2,203.7359375,18.125,17.96874999999997,0.01801282501220703,1,2,1
M015W3,128.66875,10.03125,10.185546875,2.613601721983981,4,5,1
M015W5,190.01041666666669,35.673828125,35.419921875,0.6656901665457118,2,3,1
M015W6,126.32499999999997,24.71321408557482,24.37155674798622,3.147558390068991,1,2,1
M016M,2018.3959248860676,5.3759765625,5.624999999999773,45.73945734368119,11,12,1
M016R1,0.17,0.014999999999999986,0.014999999999999986,0.22222222222222202,2,3,1
M016W,237.18840144230762,9.93603515625,9.78515625,42.6951239405554,12,13,1
M017M,1967.7997349330356,7.77176882215349,7.812499999999773,21.883343487069965,6,7,1
M017R4,1.6999999999999997,0.23125000000000018,0.2320312499999999,13.499999999999996,1,2,1
M017W,323.39531250000005,19.04296875,17.578125,3.7292232576494024,6,7,1
M018D,6.64875,1.1371093749999996,1.1771484375000014,0.7010945823744517,2,3,1
M018M1,891.6735282628676,0.2578125,0.28125,13.91253574991021,16,17,1
M018M2,895.5520799755861,0.1240234375,0.125,59.242670989821306,24,25,1
M018W1,51.412916666666675,0.8211425781249986,0.81787109375,10.67243974585688,11,12,1
M018W2,47.27291441761363,0.2578125,0.2537841796875071,68.41898069085299,21,22,1
M018W3,0.050505468750000004,0.004576171875,0.004533203125000003,0.06166156742316644,1,2,1
M020M,2090.4990234375,29.58984375,30.46875,0.004288629574245877,1,2,1
M020W,623.9234375,50.0,45.703125,1.3732641809082031,1,2,1
M022M1,1427.2584019252233,1.16796875,1.14892578125,21.746487149627217,13,14,1
M022M4,1432.3500055803572,1.21875,1.224609375,14.152137363440959,6,7,1
M022R1,0.4876904296875,0.01468168102815548,0.01566045976336583,0.029937149734672104,1,2,1
M022R4,0.47380598958333336,0.044345703125000024,0.04750000000000004,0.9415372469847832,5,6,1
M022R5,0.06975000000000003,0.035,0.0347265625,0.9846181441326529,1,2,1
M022R6,0.14960000000000007,0.02851562499999999,0.029199218750000006,2.1205681632653057,4,5,1
M022R7,0.35405651041666675,0.022587890624999996,0.02320312499999999,4.1364826390258855,2,3,1
M022W1,100.069375,2.01953125,2.062499999999986,7.501410602873015,7,8,1
M022W4,108.94257812499998,2.84716796875,2.8388671875,13.73159666033098,6,7,1
M023M,1773.006591796875,7.9707983937137215,7.99455047309857,0.0015728812465981652,1,2,1
M023W,186.07265625,13.932842485704242,14.137141453035525,0.02099503810078536,1,2,1
M025M,4191.367696126301,5.094158358440836,5.124662300707314,0.025872033007936085,2,3,1
M025W,69.32770833333336,10.112666400535304,10.650574187797815,0.15881650179066453,2,3,1
M026G01,6.218749999999999e-06,9.843750000000002e-07,8.949218749999995e-07,2.6166484721480754,2,3,1
M026G11,4.181230468749996e-05,6.469628905512962e-06,6.416307788159828e-06,3.632601290666406,1,2,1
M026G14,0.00039608754340277746,1.6346098302621667e-05,1.6123702407347938e-05,15.50460362792268,8,9,1
M026G15,2.7005885416666712e-05,5.7797032942070074e-06,5.893589073403215e-06,7.763074355001075,2,3,1
M026G27,5.804895833333386e-06,1.940976699804223e-06,1.954180622932142e-06,16.01382337149957,2,3,1
M026M,2984.06163669752,0.335596665761841,0.335596665761841,35.19611531459546,22,23,1
M026P01,1.5471093749999996e-06,1.6351844314938918e-07,1.528134036671264e-07,1.1849931593497878,1,2,1
M026P08,3.916523437500002e-06,1.1739356881873897e-06,1.146072181545516e-06,1.1890959630348035,1,2,1
M026R08,0.1593996913955738,0.019546087791061734,0.01987005609699094,0.1579668852186634,-1,2,3
M026R23,0.008409837251786297,0.002378752202300159,0.0024912607524089497,0.008652174794081372,-2,2,4
M026R24,0.0189653129473406,0.003343507022492743,0.0035976917668927716,0.04696719143982849,-2,2,4
M026R32,2.6091666666666666e-07,3.693359374999999e-08,3.6298828125e-08,3.7193207560807005,2,3,1
M026R4,0.07384453125000001,0.006230395277779965,0.006338436814388865,0.5159437946992756,1,2,1
M026R65,0.0002575729166666667,4.671875000000002e-05,4.5703124999999954e-05,3.1030798697074857,2,3,1
M026R67,0.00011678333333333333,2.9179687500000004e-05,2.9062500000000022e-05,0.2622801657185505,2,3,1
M026R70,3.3179296875e-06,9.039062500000004e-07,7.947265625000008e-07,2.130085282952991,1,2,1
M026R73,0.00067497,8.583984375000009e-05,8.37890625000001e-05,1.294075575940512,4,5,1
M026R74,7.524414062500001e-05,7.7149770953666e-06,7.703603560185328e-06,0.10033677386126509,1,2,1
M026R76,0.04095486443107192,0.0058139659982668485,0.006432473019359064,0.731726908686558,0,2,2
M026R79,0.0004235,9.736500319753623e-05,9.300537618869143e-05,0.48242266994697347,1,2,1
M026R80,4.120260416666668e-05,5.545647713726352e-06,5.133685312135253e-06,6.942902358581519,5,6,1
M026R84,0.00019031250000000005,2.343750000000002e-05,2.2812499999999992e-05,6.000183105468753,1,2,1
M026R93,0.00013571249999999997,2.2500000000000005e-05,2.343750000000002e-05,0.1884957620820765,2,3,1
M026R99,1.6004166666666668e-05,2.8984374999999985e-06,3.007812500000003e-06,0.9415859134857646,2,3,1
M026W,30.533593749999987,0.4340925011589789,0.43888910338172593,26.925949225003023,20,21,1
M027M1,1405.8068516956675,1.1552734375,1.17578125,49.43072397035758,10,11,1
M027M2,1403.4275390625003,9.407434129162539,9.349363548118163,3.1671254847084476,1,2,1
M027M4,1413.4295153808594,1.4697265625,1.5380859375,10.23821245714018,7,8,1
M027W1,52.5597052556818,2.40966796875,2.378906249999993,18.03001233825895,10,11,1
M027W2,89.07421875,10.40625,10.265625,2.858769650289494,1,2,1
M027W4,48.61661458333331,2.059330441075339,1.9779570111963665,28.883437245285286,8,9,1
M029M,3942.344677734375,8.477070173539232,8.790706660450724,0.0064132696644991815,1,2,1
M029W,43.315625000000026,19.692607301945387,29.88560546588441,1.108823166835478,1,2,1
M034M,1670.6381256103514,2.2450283675111677,2.232760452934599,16.25134792570058,11,12,1
M034R16,0.97419140625,0.04648981142711062,0.04625140213774104,3.591959772752595,1,2,1
M034R3,0.6024479166666667,0.03917968749999989,0.03890625000000014,1.8896397601367048,2,3,1
M034W,257.482421875,7.406666482409804,7.469434842430246,14.958285321895511,11,12,1
M035M,2048.409338378906,8.28125,8.30078125,3.470778957272712,3,4,1
M035W,199.5296875,20.652254719521522,24.40883068942469,0.24424014460242174,2,3,1
M036G1,0.00022425,7.699102810200114e-05,9.02047357301408e-05,0.7203069986419832,2,3,1
M036R2,0.17183697916666665,0.019123351979775466,0.019231393516384393,1.8179216961032532,2,3,1
M037M,1293.7415039062498,2.445948898817278,2.398911419993965,7.8121050047594895,3,4,1
M037W,55.36666666666666,5.413846186380354,5.353016453949117,0.8273768113158808,2,3,1
M038M,1814.9787760416666,8.587007742242577,8.516597027378793,6.344753616820022,5,6,1
M038W,197.29687499999997,14.192727802041617,14.454342121735607,4.863098397204174,5,6,1
M040M,2246.486328125,17.1875,16.89453125,1.8599343014717102,2,3,1
M040W,180.0,21.328125,21.328125,2.0,1,2,1
M042M3,2156.8335937499996,11.689453125,11.89453125,1.5457678518197981,2,3,1
M042W3,151.95833333333334,21.6015625,21.73828125000003,3.8847240331317714,2,3,1
M045M,1667.1906599934896,3.984375,4.0234375,4.5865290320903815,8,9,1
M045W,167.41562499999998,9.7265625,9.9609375,7.2655676750447515,7,8,1
M047M,10579.375564498901,1.189453125,1.1962890625,0.03539892512026264,1,2,1
M047R18,0.000181284375,1.8915622676771707e-05,1.8378247032545237e-05,0.50079666416391,1,2,1
M047R5,1.5659999999999986e-05,8.067229310687838e-07,8.067229310687771e-07,2.997180983472761,1,2,1
M047R7,8.15282734558627e-05,4.457034336099612e-06,4.4830988643808925e-06,0.12401679485756079,1,3,2
M047R9,8.185546875e-05,8.352728081665884e-06,8.301796812875244e-06,0.17133252838320434,1,2,1
M047W,20.4771875,2.480637912538832,2.515576474687265,0.01702051584336865,1,2,1
M047W1,0.0002723625,1.942009385059757e-05,1.951968407547239e-05,6.524155506916679,3,4,1
M048DM2,331.8239724731445,0.04354344572720947,0.044185679439976866,7.518084590233395,2,3,1
M048G2,0.00041405458984375,7.126310529145677e-06,7.126310529145677e-06,0.7392057491135404,1,2,1
M048R1,0.021830000000000002,0.0009660577588238642,0.0010021046901232608,9.562236652266114,3,4,1
M048R10,0.018548750000000003,0.001388362801839363,0.0013410322517766575,0.748873136186776,2,3,1
M048R11,0.02201940104166667,0.0012695312500000007,0.0012792968750000022,0.4602950040210847,2,3,1
M048R15,0.002743125,0.000412301680546236,0.00041440526054902296,0.06618224676724131,1,2,1
M048R17,0.0005057499999999999,7.415656574630557e-05,7.328923749196276e-05,0.9549069347920057,1,2,1
M048R19,0.968428125,0.015938268904744035,0.016214655070722284,0.7703132868207122,1,2,1
M048R21,0.010051562791483271,0.0006299029537064002,0.0006089061885828535,2.586901497195905,0,2,2
M048R22,0.0009188218701969492,0.00027584931222500116,0.00027584931222500116,3.286949018195472,0,2,2
M048R3,0.04372561848958334,0.000808953771376103,0.0008148585434299416,1.8933111846680883,5,6,1
M048R4,0.028205859375000003,0.0011675781250000024,0.0011675781250000024,7.565087695484331,3,4,1
M048R5,0.13110972656250003,0.004720263105915001,0.0046865469408727545,22.68957018431807,2,3,1
M048R6,0.12608203125,0.004778218823167299,0.004846776398295893,11.554669755939956,2,3,1
M048R7,0.058807968749999995,0.00404216100022721,0.003943571707538729,3.874603336842605,2,3,1
M048R8,0.10615007812499999,0.0080625,0.007828125000000019,0.2977953327490358,1,2,1
M049G2,0.001239963818359375,1.5930175781249736e-05,1.574707031249973e-05,5.447699468497161,7,8,1
M049M,9460.400337614536,0.0988043191464385,0.09810851408292365,0.00012506076701058246,1,2,1
M049R1,0.024797502790178574,0.00042480468749999875,0.00042749023437500117,8.134865625820119,13,14,1
M049R12,0.0005420664062500001,2.62039216113257e-05,2.6313104618039523e-05,3.7676993906533855,2,3,1
M049R2,0.023863554687500003,0.0007983398437500025,0.0008056640625000028,2.6779491880815054,4,5,1
M049R3,0.02597026987110423,0.0010385630848677406,0.0010164659979556602,2.3063817795864883,2,4,2
M049R33,2.8482890625e-05,2.5149621846141257e-06,2.5221819873948607e-06,0.006799229483078075,1,2,1
M049R43,1.0093359375,0.024822244032885576,0.021561695028565975,0.06800530292595512,1,2,1
M049R51,0.00010163515625000001,6.650305444113062e-06,5.78336110103805e-06,0.3372609271142016,3,4,1
M049R52,2.8892519448033206e-05,5.728474612297363e-06,5.672858353925544e-06,2.136916564787391,1,3,2
M049R73,0.029407812499999998,0.0023758222260935255,0.002445699350390393,0.14293255615234354,1,2,1
M050G1,0.00020704687500000004,4.3020990970251934e-05,4.327111301077668e-05,0.48001261509987025,1,2,1
M050M,3922.463612823487,0.5995203007942109,0.594261350787292,7.316975862896573,3,4,1
M050W,35.1946875,1.9021732951098116,1.9121323175972975,4.099080806531062,3,4,1
M052A00,562.8126318969726,0.10676072106571155,0.10556563836735222,0.34447082575818677,1,2,1
M052G2,0.0005768166294642858,9.843749999999978e-06,9.140625000000034e-06,2.3688633028982107,6,7,1
M052R1,0.019264156250000004,0.0007923070091375647,0.0007923070091375647,10.821884317265022,4,5,1
M052R15,0.0005515625000000002,7.772554126942441e-05,8.021242549084901e-05,1.4579072618978808,1,2,1
M052R18,2.7843203125000006e-05,2.4675359517331707e-06,2.5985555597897932e-06,1.3827636979483207,1,2,1
M052R3,0.02002761756262964,0.0020983210527799508,0.002177205302884455,0.03554577325345393,0,2,2
M052R4,0.17919855761064674,0.002614746093750009,0.0026574707031250255,4.166451835024489,8,10,2
M052R5,0.08589109375000001,0.0038835630247980035,0.0038835630247980035,1.3210132182246528,4,5,1
M052R6,0.0002928651747887781,2.3059451017966542e-05,2.2311835271085652e-05,7.471943361961798,1,3,2
M052R7,0.07153707031249998,0.00348801659480355,0.003456873589492801,3.8094254338250138,5,6,1
M052R8,0.06888792968749999,0.0035809267227699115,0.003608685844651849,1.4182699667270096,5,6,1
M052R9,0.03751046874999999,0.0037867323799431057,0.003810851694465038,1.8392245751862448,4,5,1
M053DM,86.6474609375,0.333984375,0.3369140625,11.759481317061706,4,5,1
M053M,3778.096403808593,0.7378600195479521,0.7503661215741886,1.6845201557906182,4,5,1
M053R01,0.007149108843237023,0.0006914658342969671,0.0005762215285808059,0.045125493683473135,0,2,2
M053R02,0.0024777426713434598,0.0002368034435654325,0.00022901385660604318,1.0295659646550062,1,4,3
M053R1,0.9277671875,0.04374911271421689,0.04457586854611617,4.225906249123876,1,2,1
M053R4,0.0019341562499999997,0.00028118103877315713,0.0002771177289642968,0.8000753929606413,1,2,1
M053R5,1.2533578515625003,0.016000365640515657,0.01580988509717618,2.424038063976425,4,5,1
M053R8,0.0008700000000000001,0.0001223915647803988,0.00012239156478039857,7.167648480623704e-31,1,2,1
M053W,27.45713541666667,0.9608104590819444,0.9608104590819444,3.2781800614530217,8,9,1
M053W1,0.0002555182291666667,1.3495055246766558e-05,1.3969836642949217e-05,7.022245387589697,5,6,1
M054M,1854.5222981770833,6.875,6.5625,0.7549887853502611,2,3,1
M054W,86.76666666666665,21.09375,22.32421875,2.721448938492248,2,3,1
M055A1,-0.06680593750000002,0.0037791833195149477,0.004031128874149276,17.74623552181738,3,4,1
M055B10,1.234171875e-05,7.576128321043275e-07,7.642878350303581e-07,1.4533159736157206,1,2,1
M055B16,0.0007205859374999999,5.851617912162551e-05,5.811400606924315e-05,0.05770423745209304,1,2,1
M055B2,0.03240479817708335,0.0007470703125000006,0.0007397460937500003,28.251572950314976,8,9,1
M055B3,0.10154606770833333,0.0027732506487591346,0.0027546382282976623,1.035403352971411,2,3,1
M055B6,7.755859375000003e-06,4.1387451511033235e-07,4.075628576184979e-07,4.152577760124714,2,3,1
M055G1,2.139125e-05,8.398437499999997e-07,9.066406249999994e-07,0.1357545875814982,2,3,1
M055M,3510.6697394948183,0.0416259765625,0.0407867431640625,16.8594335457377,15,16,1
M055QB2,0.02463671874999996,0.0040429687500000006,0.004003906250000001,1.637982386406286,2,3,1
M055R03,6.0114682189895205e-05,6.253905795801276e-06,6.301828445577539e-06,1.8523154509149438,0,2,2
M055R08,0.004934218745939925,0.000255356473627762,0.0002587312287858391,3.2710445699301895,1,3,2
M055R09,0.0010631261434277646,0.00015206139725584974,0.00015921722771494859,0.15503394057991482,-1,2,3
M055R10,0.0012322114001655385,0.0002302806138719043,0.00024215074860756917,0.5209479002063436,-1,2,3
M055R15,0.0033973349752629955,0.00020871215454180535,0.00021638539551760688,2.306264968768375,0,2,2
M055R16,0.0006889216234088287,0.00011056305851015857,0.00011242126117419493,7.995182131105932,0,2,2
M055R21,0.0001794556698863536,2.1083347539804526e-05,2.150713342000159e-05,1.0151953030382836,0,2,2
M055R22,0.00047254312942763687,4.08573914829635e-05,4.189315685947722e-05,4.672712920909743,0,3,3
M055R29,0.0002542974793069522,2.0444196963783658e-05,2.0679187733482307e-05,0.6169391737407014,0,2,2
M055R30,7.727373565210412e-05,9.106324251552343e-06,1.0548502300440738e-05,0.6766627199837337,0,2,2
M055R4,0.0076148437499999975,0.0026185047990814336,0.0026516504294495542,2.1395422574867364,1,2,1
M055R5,0.004501171875000001,0.0009457966219013469,0.0009339741641275802,0.948688708350739,1,2,1
M055R6,0.010406036711117873,0.0003488666167172864,0.00035468106032924065,22.044568951793586,1,3,2
M055R7,0.0004956875000000009,0.0001861235861638096,0.0001929054172386043,0.6079463123352602,1,2,1
M055W,0.8770999999999998,0.05031221188290946,0.04845287054512348,0.4587568640517307,2,3,1
M056B11,0.00031160937500000004,1.9492847011012187e-05,1.9370250488930324e-05,0.5642814911134996,1,2,1
M056B12,0.0003183375,1.9039432764659766e-05,1.6510758100603414e-05,0.22376466920016314,1,2,1
M056B16,7.818906249999999e-05,8.075948691369013e-06,7.944275614879325e-06,0.14018143280910927,1,2,1
M056B19,0.00579184375,0.0007031249999999998,0.0007070312499999993,5.104968414937117,1,2,1
M056B2,0.0014720377604166745,6.251525878906241e-05,6.303405761718729e-05,25.988566143742165,5,6,1
M056B20,3.5083046875000005e-05,1.3339841033354385e-06,1.326447469983261e-06,1.1462497518443382,1,2,1
M056B22,0.0008798658854166667,3.4482550589624524e-05,3.4127060377360345e-05,0.766508431144532,2,3,1
M056B3,1.9499999999999993e-05,8.973486231280211e-07,9.174572757471324e-07,1.1978365382801819,2,3,1
M056B4,0.006860703125,0.0006367067675252872,0.0006437812871644575,14.730107308938827,1,2,1
M056B5,0.0020671874999999996,0.00017642347956160764,0.0001735470097861463,0.49675230722933,1,2,1
M056B6,2.3703645833333332e-05,1.0518213370149887e-06,1.0010618294475908e-06,0.00045697047658136347,2,3,1
M056G2,4.881515625e-05,5.7241265709276565e-06,5.69431341170407e-06,3.400747762621639,1,2,1
M056G3,2.3498124999999993e-05,4.442760965885966e-06,4.441975144963842e-06,0.22353684902412851,1,2,1
M056M,3414.7077835693353,0.29711422567470436,0.29711422567470436,7.749584485946767,9,10,1
M056R04,0.0021607057278744445,0.00012092688693660873,0.0001236752252760766,0.15342414952083305,0,2,2
M056R06,0.0007814733167823379,6.581308757360176e-05,6.16997696002516e-05,1.7843756755615894,0,2,2
M056R07,0.001295385637419202,9.285333444326643e-05,9.368238207222422e-05,0.7223294742749091,0,2,2
M056R18,0.020017968750000004,0.0038734375,0.003786718750000001,0.7616412716891069,1,2,1
M056R19,2.8202343749999996e-06,2.0813450147230543e-07,2.2102743042437013e-07,0.05104417894210287,1,2,1
M056R27,0.0009988180070331404,0.0001123571701311186,0.00011300290099394098,3.233620256153681,0,2,2
M056R4,0.01951048840355544,0.0006264919326883917,0.0006379871975083634,21.88641597491852,1,3,2
M056R45,0.00044640186222442036,1.964318659395493e-05,1.9864726292382977e-05,1.739732610427938,0,2,2
M056R49,0.0012733705884982378,0.00011177175499783908,0.0001153772954816403,0.2498797847330121,0,2,2
M056R5,0.004960999999999999,0.0006796874999999997,0.0006621093749999999,1.6492277957332973,2,3,1
M056R50,0.0003971854153037911,4.716645525687589e-05,4.716645525687589e-05,0.01864489748237531,0,2,2
M056R59,0.00048077270244913794,3.1771004586744766e-05,3.1627244384994826e-05,0.044801873013706,0,2,2
M056R60,0.0004779803740810411,3.190808707165992e-05,3.190808707166003e-05,4.002256290353664,0,2,2
M056R61,0.00045281514917824676,3.0392477809151745e-05,3.10793134658558e-05,1.4447736855482902,0,2,2
M056R7,0.002082609374999999,0.0005160710742853052,0.0005092507517176579,4.117502535976026,1,2,1
M056W,10.478649553571428,0.7146139607293325,0.7198301210266269,7.196745397507285,6,7,1
M057A1,-0.11052062499999987,0.009909179687499992,0.010025390624999991,5.7478837324189875,4,5,1
M057A2,-0.002549999999999973,0.007958984374999999,0.007851562500000001,3.2195452042572956,3,4,1
M057B02,0.000216509375,8.582606411370642e-06,8.666749611482074e-06,1.8491199911158547,2,3,1
M057B04,5.1683593750000006e-05,4.101771758054775e-06,4.087961078734727e-06,0.6533505249023449,1,2,1
M057B05,0.00011445,1.7944522134450642e-05,1.8079443353506672e-05,0.3523054687411105,1,2,1
M057B06,0.29142421875,0.027917795763858222,0.028038131090426577,0.060520718668022715,1,2,1
M057B10,1.7289765625000004e-05,1.4627986244435106e-06,1.471884330185401e-06,0.5917245986913794,1,2,1
M057B12,5.0113125e-05,3.740439982925691e-06,4.06821049689341e-06,0.5842161261139076,1,2,1
M057B16,9.787499999999998e-05,1.0387981336621672e-05,1.006335691985225e-05,1.5947857424550622,1,2,1
M057B18,0.0025115624999999995,0.00038210937500000007,0.00038210937500000007,5.452349014707184,1,2,1
M057B2,0.016863926649305555,0.0004863281249999976,0.0004921874999999978,57.835846742770755,8,9,1
M057B3,0.05531781250000001,0.0016816406250000013,0.0016406249999999997,1.9054050586007043,2,3,1
M057B4,2.8212656249999953e-05,9.628906249999974e-07,9.628906249999974e-07,2.2817250872566763,2,3,1
M057B5,0.0031401562499999997,0.00039375,0.0003890625000000001,6.451626764281183,1,2,1
M057B6,7.107187500000001e-06,4.15000136042194e-07,4.1051267995080345e-07,2.671844181066417,2,3,1
M057B9,0.00054375,6.429075191075306e-05,6.26834831129843e-05,0.08325304697967237,1,2,1
M057G1,2.7540677083333323e-05,1.4687499999999984e-06,1.4999999999999992e-06,1.2066775930166087,2,3,1
M057G2,0.00012328809895833322,5.797617656505788e-06,5.895882362548272e-06,4.725662687990455,5,6,1
M057G3,5.170156249999998e-06,6.694145537158289e-07,6.617201335581753e-07,0.44152695582288204,1,2,1
M057G4,1.1771250000000004e-06,2.530786730911152e-07,2.530786730911149e-07,0.15371599127129984,1,2,1
M057M,3556.167883906398,0.072509765625,0.072509765625,8.802344723572862,16,17,1
M057QB2,0.018888749999999982,0.00662841796875,0.006555664062500001,7.917967310608194,4,5,1
M057QB3,-0.009774999999999999,0.006343749999999999,0.006382812499999998,2.083472455540428,3,4,1
M057R06,0.00047795178213647836,4.011489920001783e-05,4.011489920001783e-05,0.18887976147352237,0,2,2
M057R07,0.0008969454068145787,6.24729574205319e-05,6.374791573523662e-05,0.07856640956222852,0,2,2
M057R17,0.00014231291986175582,1.166040753845812e-05,1.1912524458208596e-05,0.012812936134390876,0,2,2
M057R24,1.6710937499999972e-08,4.218749999999999e-09,4.196777343750001e-09,3.3725981987847224,1,2,1
M057R28,0.0009886848028731825,0.00011639129875660624,0.00011752131136589378,1.8345228197069092,0,2,2
M057R33,0.0008657093593108053,9.631103195116878e-05,9.801867436165057e-05,0.2489545149832165,0,2,2
M057R34,0.00017865072431656328,2.588249603050513e-05,2.5601164551912692e-05,0.03406832896281657,0,2,2
M057R4,0.014891185118119252,0.0004764329702979433,0.00048798286048698514,13.917226180285612,1,3,2
M057R6,0.0013215937499999968,0.0003349857777095919,0.0003390462113787994,1.790936679927478,1,2,1
M057W,1.9977343749999992,0.11083984375,0.10766601562500022,0.9690742327025842,4,5,1
M059G04,3.875703125e-05,6.032556659101998e-06,6.0113897936314684e-06,0.32318478377764775,1,2,1
M059M,3637.757215576172,0.5615551902756124,0.5796669681340063,18.55029604352449,15,16,1
M059R10,7.889156250000001e-06,1.7664182278591022e-06,1.7887779522623805e-06,0.3970989828370814,1,2,1
M059R41,9.975585937499993e-06,1.0422296655638117e-06,1.0351875732289212e-06,0.768534057160728,1,2,1
M059R42,9.975585937499993e-06,1.0422296655638117e-06,1.0351875732289212e-06,0.768534057160728,1,2,1
M059W,11.66089453125,1.475963833663025,1.475963833663025,4.178503353203161,7,8,1
M060M,1778.928486328125,6.5,6.139901552948913,6.079404579317211,4,5,1
M060R1,1.0536458333333334,0.2660156250000001,0.26718750000000013,2.820286234207706,2,3,1
M060R4,0.18776367187499998,0.009921875000000024,0.009843750000000012,0.017059117555618303,1,2,1
M060W,160.91796875,16.523050795194138,16.535984450231012,3.4644770389410464,3,4,1
M061DM,142.0164088394165,0.022534695471648547,0.019629832383543544,2.6157765852009036,2,3,1
M061R1,0.38111145833333326,0.029168154723945072,0.02894718385482431,0.45138026618906096,2,3,1
M061R3,1.8527031249999997,0.07270085628797562,0.0714163888623931,1.036515867081009,1,2,1
M062DM,145.4257580439225,0.0017242431640625,0.001953125,10.35923940114694,16,17,1
M062MD,140.6016178527832,0.014257812499977263,0.0146484375,0.149114088552653,1,2,1
M062R1,0.6773065592447918,0.006397192529979501,0.0062905726544798535,0.2442745091819618,2,3,1
M062R2,0.016462812500000007,0.004982880849719368,0.0053150729063673255,0.07038733987355793,1,2,1
M062W,0.08338150390625,0.0018342745127927912,0.0018451928134641804,0.3204066775518531,1,2,1
M064M,1402.5488525390624,6.907818577281887,6.930616658395138,3.2405491458065923,5,6,1
M064W,173.96914062499997,7.9981124558514125,7.919742756239714,7.9639592661943155,5,6,1
M068M,1733.1181640625,6.5625,5.68359375,19.14522724682838,8,9,1
M068R6,0.23382812500000005,0.040245557693899814,0.038502639841014374,4.496312085262407,3,4,1
M068W,150.4626736111111,7.868767103399307,8.256800204244314,11.801059554386164,8,9,1
M070B01,0.00037684375,4.751400967843754e-05,4.6997553051498e-05,0.044725744298292874,2,3,1
M070G05,1.425217660834412e-06,1.8621615518374332e-07,1.8343680958398604e-07,0.06769701297840598,0,2,2
M070G14,4.474428147817919e-06,3.439000005761639e-07,3.515422228111899e-07,0.06406924246760659,0,2,2
M070G2,0.0003334901220703125,3.6680388559095036e-06,3.9788896064103145e-06,0.4320271217717517,3,4,1
M070G25,2.3154994172440416e-06,4.144612700719456e-07,4.163451849359093e-07,0.013600711753545512,0,2,2
M070G28,4.6218750000000005e-06,1.4073823565954813e-06,1.4287063316954138e-06,0.3933988972515912,1,2,1
M070G4,1.1891484375e-05,3.6523437499999935e-07,3.7021484374999857e-07,6.239664942845014,2,3,1
M070GY4,1.1024999999999999e-05,2.8604045277722516e-06,2.8024233549120023e-06,0.8672896241830073,1,2,1
M070M,3096.900390871763,0.006253527599710651,0.006176323555337149,0.1340951761888613,3,4,1
M070P48,0.0014838398437499998,0.00013134669057498181,0.00012836153851645952,0.013582371894013717,1,2,1
M070P53,0.000103885858821728,1.1088559633826801e-05,1.1275445470351975e-05,18.084552693566927,0,2,2
M070P57,1.3079869674046605e-05,2.6498604216485224e-06,2.6760966634470284e-06,0.536342099583549,0,2,2
M070Q46,0.00120844296875,3.7401339126520976e-05,3.699480283166751e-05,3.9636600194205416,2,3,1
M070Q47,0.000332109375,7.717407604043806e-05,7.808558087556128e-05,0.02798210333201516,1,2,1
M070Q48,0.0012513058593749998,7.319105767415778e-05,7.281182939605346e-05,0.8837027425994842,3,4,1
M070Q70,1.865515625e-05,1.8030353808155457e-06,1.837006213215563e-06,0.1300961478848853,1,2,1
M070R07,0.0001623624999999999,1.6857224434200287e-05,1.700254533449513e-05,1.888771496904078,1,2,1
M070R1,0.059711208984375,0.00032519531249999845,0.0003208007812499983,1.8500775632068902,5,6,1
M070R11,0.028589062499999998,0.005624999999999998,0.005624999999999991,0.007730203264754997,1,2,1
M070R13,0.00030586875000000003,5.358604264516637e-06,5.297011112050923e-06,0.9516471569102863,1,2,1
M070R15,0.006077250000000003,0.0010417968750000006,0.0010458984375000006,0.8886299824617343,1,2,1
M070R18,0.015159375000000001,0.0019453124999999991,0.0019335937499999987,1.8935098266601553,1,2,1
M070R2,0.05961481591796876,0.0003339843749999988,0.000327392578125002,2.455240313233627,5,6,1
M070R20,0.018779875710227274,0.00045312499999999867,0.00044921875000000083,68.15254980976039,10,11,1
M070R22,0.0001935,2.521160447095742e-05,2.3110637431710972e-05,0.0004687636905283407,1,2,1
M070R23,8.1075e-05,6.058310408026325e-06,5.048592006688608e-06,2.557790545407772,2,3,1
M070R24,0.008537287021546287,0.0007570312499999999,0.0007718749999999983,4.817935743971629,2,4,2
M070R27,0.0019186562500000002,0.00040624999999999993,0.0004042968750000006,0.12072149814144523,1,2,1
M070R28,0.004253750000000001,0.0005874999999999999,0.0005999999999999998,0.030499633789062463,1,2,1
M070R3,0.8769771484375,0.0049218749999999645,0.0048437500000000355,0.7624079354286206,1,2,1
M070R30,0.0017438312499999998,0.00013160740609243415,0.0001324351256276066,7.3219360595325815,3,4,1
M070R31,0.00018921093750000003,1.7855632827128425e-05,1.8148189048692177e-05,1.8923529571344453,3,4,1
M070R32,0.00045425,3.729214714777901e-05,3.755293139356768e-05,4.179019672170832,2,3,1
M070R34,0.0009366718750000004,8.920898437500004e-05,9.052734374999979e-05,4.6340308101294525,2,3,1
M070R36,0.0017734406250000004,0.00012849380632606443,0.00012693536722259424,8.02569839383789,4,5,1
M070R37,0.0007380451171875,5.075084726913594e-05,5.029363242887346e-05,4.5077389617952095,3,4,1
M070R38,0.0004604777343750001,2.4030010533705607e-05,2.3696260387404155e-05,13.990208364121449,3,4,1
M070R40,0.0008002265624999999,0.00013702902292945108,0.00013621337398344235,7.401328692110551,1,2,1
M070R41,0.0003223124999999999,5.031152949374522e-05,4.961275825077655e-05,3.448299750434024,1,2,1
M070R43,0.010866562500000001,0.0022412109375,0.0022587890625000006,0.40350007592266296,1,2,1
M070R49,0.0030140625000000002,0.0004593750000000006,0.0004593749999999997,0.04706613276821149,1,2,1
M070R5,1.0015556799316407,0.00311139157332907,0.003123451230589991,0.12692758114169786,3,4,1
M070R50,0.002120577802857294,2.880859375000008e-05,2.880859375000008e-05,3.2644092925998716,7,9,2
M070R52,0.00119221875,7.265625000000002e-05,7.187500000000011e-05,3.669622124400198,3,4,1
M070R53,0.0021208515625000006,8.906250000000017e-05,8.671874999999999e-05,5.572482109973638,7,8,1
M070R54,0.0059838750000000005,0.00035625000000000066,0.000360937500000001,3.5737002183264552,2,3,1
M070R55,0.0023327499999999998,0.00046445627232953807,0.0004616916516609103,3.598144639960571,1,2,1
M070R56,0.00199893359375,0.0001230468749999999,0.00012246093749999952,1.0352920876321903,3,4,1
M070R58,0.0009768281250000003,7.265625000000002e-05,7.265625000000002e-05,5.257326808540337,3,4,1
M070R59,0.00012947607421875054,7.1777343749999955e-06,7.1777343749999955e-06,15.47286661322559,3,4,1
M070R6,0.00014676757812500003,1.4062499999999969e-05,1.4374999999999983e-05,1.0837497757483168,3,4,1
M070R60,0.0018659478378668483,2.9687499999999983e-05,2.9296875000000026e-05,45.355088950542495,7,9,2
M070R61,2.8300000000000003e-05,2.314644803507929e-06,2.3146448035079223e-06,0.15283018867924467,1,2,1
M070R62,0.0009736781249999999,5.8837890625000025e-05,5.859375000000005e-05,6.445301058019062,4,5,1
M070R63,0.001172194375,2.2851562500000085e-05,2.2656250000000107e-05,4.161659354635503,4,5,1
M070R64,0.002087359375,0.00015908203125000004,0.00015820312499999992,0.3187871030877985,2,3,1
M070R67,0.0010792031249999999,6.377772308122781e-05,6.678610624543681e-05,1.0259772272935093,3,4,1
M070R68,0.000297765625,7.433034373659252e-05,7.433034373659258e-05,0.003412624683780898,1,2,1
M070R7,0.019864046351948116,0.00036512337793517466,0.0004919557092179193,148.11147353038052,4,6,2
M070R71,0.0012550082031249998,4.205232396819569e-05,4.3048824536162395e-05,2.830174194060431,3,4,1
M070R72,0.0008590009177824733,0.0001106678956051655,0.00011607760439686407,0.07851109792464801,0,2,2
M070R75,0.00019524713541666666,4.648673838529788e-06,4.668711225764823e-06,11.726984492407725,2,3,1
M070R78,0.0002672296875,4.825855301864246e-05,4.684582425360884e-05,2.558037410359101,1,2,1
M070R8,0.00319890625,0.00020312499999999975,0.00020507812499999953,3.0720487868295905,2,3,1
M070R81,1.1558984375e-05,2.1689644391463056e-06,2.1548802544765247e-06,0.024225350642173897,1,2,1
M070R82,3.3967772072552655e-05,8.215820312500031e-07,8.09326171875003e-07,2.3044125504692405,1,4,3
M070R83,0.0010907951373567695,1.3037109374999974e-05,1.312402343749998e-05,1.9675788024759904,2,5,3
M070R84,0.005288803362133691,4.726562499999913e-05,4.726562499999913e-05,4.6586287347639885,1,6,5
M070R85,0.016695668113623323,0.002341406249999999,0.002334375000000003,2.1254519822839826,0,2,2
M070R86,0.0016260295448584715,8.818359375000005e-05,9.023437500000004e-05,12.909193527489798,6,8,2
M070R87,0.0005768024235466024,5.107452870962341e-05,5.107452870962363e-05,10.845264059197081,4,6,2
M070R88,0.0006140390625,7.803807664371275e-05,7.903856480581174e-05,1.0547369375295166,4,5,1
M070R89,0.0028433749999999987,0.00041171874999999976,0.0004050781249999996,7.708293950257623,3,4,1
M070R9,0.042564073012110834,0.0018997266960166237,0.0018690859428550644,44.68571311203768,4,7,3
M070R91,0.0009480232142857143,6.810840716793434e-05,6.561208927856636e-05,11.242233615229248,6,7,1
M070R94,0.004449453125000001,0.0008159467391415463,0.0008221753402036965,0.2621712801922975,1,2,1
M070R95,0.0028013476562499997,0.0002653313663096655,0.0002653313663096655,10.758242814015253,3,4,1
M070R96,0.0061318359375,0.001016712158519435,0.0013416407864998738,0.4531052400481023,1,2,1
M070R97,0.001604749999999998,0.0003304126448384515,0.00032665795569256,1.024805298590254,2,3,1
M070R98,0.0003988541666666667,5.712454911268992e-05,5.8696784409369444e-05,8.411195041696345,2,3,1
M070S08,3.916523437500002e-06,1.1739356881873897e-06,1.146072181545516e-06,1.1890959630348035,1,2,1
M070S09,0.0010704179687499996,3.563554574243736e-05,3.610753972578063e-05,3.2275491486589862,1,2,1
M070S1,0.00343875,0.0004517412600323605,0.0004545297863288566,0.7888422216145463,1,2,1
M070S15,0.006036588541666668,0.00035454585724921123,0.00036017356926904085,17.2346191661438,2,3,1
M070S16,0.004196812500000001,0.0003768776235916144,0.0003720458591865948,0.2283986159418822,1,2,1
M070S19,0.001708375,0.0002734374999999998,0.00028125000000000003,1.7990421920987716,1,2,1
M070S2,0.006103906250000001,0.0008971417286304326,0.0009048757090496604,0.23410256069218127,2,3,1
M070S21,0.00032775,5.1953125000000024e-05,5.117861075062762e-05,3.0566408461317227,4,5,1
M070S22,5.195667968750001e-05,3.2874801345050887e-06,3.258642589465581e-06,0.23247444222157687,1,2,1
M070S29,0.0003032046875,5.353843035979511e-05,5.4168294246380896e-05,0.5206792955047989,1,2,1
M070S3,0.000722125,7.85376601542216e-05,7.794267788032599e-05,0.06558362636941974,2,3,1
M070S30,7.801875e-05,1.2022521184219223e-05,1.1231565843152175e-05,3.0668340009122645,1,2,1
M070S31,0.00079165625,0.0001250025390367132,0.0001290348790056393,0.40825101986644113,2,3,1
M070S32,0.00010934895833333334,2.4379687049365498e-05,2.4558949454140245e-05,0.16441415281028474,2,3,1
M070S38,0.000695125,0.00019473057841270158,0.00019473057841270158,4.271400480516506,1,2,1
M070S4,0.0021778593749999997,0.0002990819285747636,0.0002278163127815585,2.0068621349505134,3,4,1
M070S42,0.0022586907709681954,0.0002823902074039386,0.0002881532728611618,4.231737291257965,-1,2,3
M070S6,0.0002628063252766927,4.604505573977435e-05,4.6675809927990434e-05,1.4559347780850955,1,3,2
M070S64,0.00116587109375,4.2515812344543326e-05,4.2752011302012996e-05,0.0203176731403231,1,2,1
M070S71,7.963124999999999e-05,1.5117796136003623e-05,1.7609834680252406e-05,1.147598215237006,2,3,1
M070S79,0.0002477875,6.189382062644287e-05,6.371616940887637e-05,0.14237653795870234,1,2,1
M070S9,0.00031780429687500037,9.374999999999997e-06,8.276367187499956e-06,3.3024242858176645,1,2,1
M070W,0.09261127929687499,0.0016641358551906793,0.0016151906829791896,3.4216653672768227,4,5,1
M070W1,0.00552744921875,0.00010062500000000002,9.968749999999995e-05,0.3843950833867854,1,2,1
M071B3,0.011974843749999997,0.0008906249999999991,0.0008847656250000006,7.344915006205757,5,6,1
M071B4,0.026552499999999993,0.001596679687499998,0.0016040039062499983,3.8776702959558813,5,6,1
M071DM,589.1875759033203,0.028271484375068212,0.028710937500022737,1.4203451399558422,3,4,1
M071G1,0.0008359454513940932,1.899936837411508e-05,1.964242391908522e-05,3.486632519708797,1,4,3
M071G2,6.319218749999999e-07,4.158138448446057e-08,4.110616866178075e-08,2.9171901490074745,2,3,1
M071G6,0.00041279918697595115,1.932887603962538e-05,1.920254351649056e-05,0.1779875135900823,0,3,3
M071G7,8.73703125e-05,8.664349564112733e-06,8.763939788987595e-06,0.034048828787825225,1,2,1
M071M,3686.096658216023,0.01002194856891947,0.00968029123123415,3.650464562968463,3,4,1
M071P12,1.913625e-06,2.750661874362298e-07,2.518864525399179e-07,0.1449643715230003,1,2,1
M071P61,9.975585937499993e-06,1.0422296655638117e-06,1.0351875732289212e-06,0.768534057160728,1,2,1
M071QAR,0.6294234375,0.06804687499999995,0.07310546875000012,0.09883944975479293,1,2,1
M071QBR,0.6035625,0.319453125,0.33125000000000004,0.3242685363427168,1,2,1
M071R01,0.0002485,1.7424481307290777e-05,1.703291992959891e-05,0.04130352245166207,1,2,1
M071R10,0.5518125,0.06703124999999999,0.06632812500000007,0.1730938720703122,1,2,1
M071R12,0.3478022265625001,0.003769531249999958,0.003710937500000011,3.9312154894309885,3,4,1
M071R14,0.5130013281249999,0.009887711853767023,0.00967276159607644,4.924659289433977,1,2,1
M071R15,0.03294060546875001,0.0007968750000000024,0.0007792968750000018,12.342085338150369,4,5,1
M071R16,0.00126795,3.222656249999992e-05,3.251953124999989e-05,4.104581928362244,4,5,1
M071R20,7.801874999999874e-06,2.5878906249999996e-06,2.5634765625000023e-06,2.0911931349349944,1,2,1
M071R22,0.002596186154259079,0.00022689676617924145,0.0002280603393391349,109.46576160470283,2,4,2
M071R24,0.0007344999999999995,4.687500000000004e-05,4.687500000000004e-05,5.242152826544944,2,3,1
M071R25,0.0003023796875,8.749999999999969e-06,8.398437499999942e-06,7.567961078261083,5,6,1
M071R26,3.199218749999999e-05,7.283171437062332e-06,6.722927480365236e-06,3.068226634589275,1,2,1
M071R27,0.00023711718750000002,2.7343749999999997e-05,2.7148437500000046e-05,4.898156820678711,1,2,1
M071R28,0.00038040369577910113,9.027798788824141e-06,9.027798788824141e-06,19.017982011520004,3,5,2
M071R29,0.00028707421875,9.904832804778947e-06,1.0004881620988867e-05,3.4127759385517296,3,4,1
M071R3,0.9785174182128905,0.0013593749999999405,0.0013476562499999956,0.854225925347039,1,2,1
M071R30,0.0001093359375,2.162452617853833e-05,2.2287934273058045e-05,0.9363585827390495,1,2,1
M071R31,0.0006005234374999997,4.4531249999999974e-05,4.316406250000002e-05,1.0501438430786132,1,2,1
M071R32,0.00035455859375000006,6.972656250000002e-05,6.953125000000004e-05,8.070410171689776,1,2,1
M071R33,0.00021700000000000018,4.218749999999999e-05,4.3945312499999985e-05,1.9760111111111107,1,2,1
M071R35,0.00015282890625,7.031250000000012e-06,6.835937500000006e-06,2.0528407596101665,3,4,1
M071R36,0.00020144375000000005,9.88281249999999e-06,9.703124999999973e-06,8.40614717886452,3,4,1
M071R39,2.9058750000000004e-05,3.956743958598564e-06,3.878544324756593e-06,2.7822144392341186,2,3,1
M071R40,0.0003991,5.273957917029267e-05,5.256158123506107e-05,2.290395056732259,2,3,1
M071R43,9.163906249999998e-07,1.7359836026309457e-07,1.726445231187916e-07,1.030827998082402,1,2,1
M071R44,0.00012410102343749998,4.359277102010341e-06,4.395304185498053e-06,1.0857442968681923,4,5,1
M071R46,0.15862500000000002,0.06234375,0.07265624999999998,0.30229733280273663,1,2,1
M071R47,0.000243390625,7.5140757401370045e-06,7.51407574013695e-06,1.921250834052645,2,3,1
M071R48,0.00023310351562500002,9.152209747805289e-06,9.065868146410929e-06,17.4691688533958,2,3,1
M071R51,0.00023478671875,7.996371399979262e-06,8.043408878802673e-06,2.2506265739666875,3,4,1
M071R52,8.472343750000002e-05,7.0020144152652445e-06,6.960582377305087e-06,0.36541424289279545,1,2,1
M071R54,5.6544921874999995e-05,2.311907718176332e-06,2.336766940952409e-06,1.6446251245682448,1,2,1
M071R55,0.09330443437500002,0.002589843750000015,0.002589843750000015,1.8037023810686585,4,5,1
M071R56,6.0216796874999995e-05,4.350363985815681e-06,4.30893194785553e-06,0.999294949450526,3,4,1
M071R58,0.09539440917968753,0.0028017578124999998,0.0027832031249999944,3.8386943480011233,3,4,1
M071R59,0.09416097656250004,0.002382812499999984,0.002402343749999994,4.754409377779657,3,4,1
M071R60,0.0034507500000000003,0.0003774561491501362,0.00036618880141431115,3.256767610638986,2,3,1
M071R63,0.022767265624999995,0.0018118755659278195,0.0018015808183941308,1.0539898778107375,2,3,1
M071R64,0.00021614062499999997,4.2520746889202496e-05,4.202050280815311e-05,0.08656566358612791,1,2,1
M071R68,0.0582359375,0.005097656249999999,0.005156250000000001,3.880185569782019,2,3,1
M071R69,0.319971875,0.011859375000000005,0.012052734374999985,1.0129085158837488,2,3,1
M071R7,2.4325937500000003e-05,3.181263813820699e-06,3.267243916896932e-06,0.043128860453476095,1,2,1
M071R70,0.5543700585937499,0.0057089843750000036,0.00561865234375003,6.0482481723586545,3,4,1
M071R71,0.09783738281250001,0.0017636718749999836,0.0017944335937499778,0.1074266145373456,2,3,1
M071R72,0.012820390625,0.0002802423354912008,0.0003092329219213253,4.999747752932004,2,3,1
M071R77,0.0007251562499999997,5.5011498376369245e-05,5.523695533692812e-05,13.660970530566374,3,4,1
M071R78,0.00016170937499999992,1.0559029816073918e-05,1.0467212165499369e-05,3.421648566275347,3,4,1
M071R79,6.868750000000001e-05,2.099950008705565e-05,2.1740658913657596e-05,0.22231347656250003,1,2,1
M071R80,0.00011847916666666657,1.7321256881110166e-05,1.7636188824403086e-05,4.77744819210737,2,3,1
M071R81,7.000000000000001e-05,1.5897045777537577e-05,1.5897045777537577e-05,0.4,1,2,1
M071R83,7.48125e-05,2.0814356998845546e-05,2.021681564959639e-05,2.6131126802884617,1,2,1
M071R84,0.000272730538531133,1.4246592331726405e-05,1.4464652418436498e-05,3.1331507589404413,0,2,2
M071R85,3.480578125000001e-05,5.713857196544206e-06,5.815890360768211e-06,0.16461009588691938,1,2,1
M071R86,6.559109375e-05,7.5512660701828905e-06,7.4576553337756554e-06,0.13314660301190576,1,2,1
M071R87,5.338000000000001e-05,3.28422484195282e-06,4.472135954999578e-06,0.306974009535494,2,3,1
M071R89,3.10565625e-05,3.0915605909001755e-06,3.1230273314741916e-06,0.5878433901663546,2,3,1
M071R90,1.5342656250000003e-05,1.9718451012522552e-06,2.0024163431321322e-06,1.0153426090411748,1,2,1
M071R92,2.0757500000000002e-05,6.373774391990982e-06,6.082762530298219e-06,0.23942287986656718,1,2,1
M071R94,2.2331562500000002e-05,5.654173749199155e-06,5.415477133007303e-06,1.1106955039837367,1,2,1
M071S10,0.0012417330373158367,9.501608896647466e-05,9.556215844329363e-05,11.084354778082094,1,3,2
M071S12,6.304687499999998e-05,1.3287352113806913e-05,1.3488675630682779e-05,0.4737530876608455,1,2,1
M071S33,3.87740625e-05,2.7842329509220265e-06,2.74003877709787e-06,3.9010140802001936,1,2,1
M071S42,0.0007420500000000002,5.039895158918549e-05,5.2725057047147924e-05,0.6688049773076589,1,2,1
M071S50,7.281749999999999e-05,6.983917245905502e-06,7.041711661591937e-06,6.443857452781874,1,2,1
M071S53,4.5524999999999995e-05,5.459893777673389e-06,5.963535447651858e-06,0.23832640194413318,1,2,1
M071S67,0.000206203125,2.6412887479410508e-05,2.701318037666984e-05,0.48888253239429214,1,2,1
M071S68,6.125000000000001e-05,1.2453052462147586e-05,1.2594564421944724e-05,0.04597147561382042,1,2,1
M071S82,3.671718749999999e-05,2.207927258661619e-06,2.216104767027038e-06,0.2783122309151797,1,2,1
M071S83,6.237539062500001e-06,1.4250685290539532e-06,1.4314304421300887e-06,2.2134570138197205,1,2,1
M071S84,1.4775171875000001e-05,2.3311122822927777e-06,2.304920009458031e-06,1.5577990141188434,1,2,1
M071W,0.2859187499999999,0.015957866147260302,0.015828826798360618,1.958703025582711,4,5,1
M071W1,0.0022836416163666984,5.6601562500000445e-05,5.906250000000009e-05,2.246168040848603,3,5,2
M073M,4414.487220458985,4.5177427992312005,4.588332530469415,0.01591928838762257,2,3,1
M073W,109.90546875000001,8.126953125,8.08984375,5.389007456365879,2,3,1
M074G1,9.177265625e-06,1.0361993565165513e-06,1.0318898383494087e-06,0.00542730683651162,1,2,1
M074M,4222.223425598144,1.3682511069300745,1.3906814529455005,26.86924357693719,11,12,1
M074W,50.770732421874975,2.0273998174834063,2.0528052814116933,99.57722249455496,11,12,1
M075M,1809.6892700195315,3.8059998428495874,4.6350295115892095,45.04258101257462,9,10,1
M075W,214.9875,8.75,7.9296875,6.116169018673435,9,10,1
M076B01,1.6668984374999994e-05,2.7714011009776264e-06,2.9269257816435986e-06,0.594381687510386,1,2,1
M076DM,162.48151171875003,0.44194173824161,0.4212257192615425,0.7844858869792393,4,5,1
M076R1,0.019203248721674875,0.002571507579087813,0.0059575198212351195,0.6378419741606274,0,2,2
M077B01,0.0005893531250000001,2.516402793675842e-05,2.5609408962187687e-05,3.5785006869078764,2,3,1
M077B02,1.2994687500000002e-05,3.417290222828759e-06,3.374165297533323e-06,0.04140211970059319,1,2,1
M077DM,129.629111328125,0.26009407102284854,0.26009407102284854,7.11108266079284,7,8,1
M077R1,0.35172240188833004,0.021708984374999907,0.02364257812499998,2.3006575761333106,4,6,2
M078B01,0.00033842083333333336,1.6991811463152424e-05,1.588583556910104e-05,1.6302480127065258,2,3,1
M078B02,3.849624999999999e-05,5.113014042387943e-06,4.871566424039408e-06,0.9496853381849935,1,2,1
M078DM,110.43657861328126,0.2578125,0.2578125,6.588398438424273,7,8,1
M078DM2,19.17924479166667,0.20720990228151592,0.18994241042472026,1.6620894011738228,2,3,1
M078R1,0.17964939976019878,0.009593701897995244,0.010496638547218273,6.526516569385875,4,6,2
M079A02,1.40625e-05,9.075489075147687e-06,8.867295910680892e-06,0.04070613661369127,1,2,1
M079A03,4.405625000000002e-05,1.6295639035106914e-05,1.5711953364099104e-05,0.320373205874562,1,2,1
M079DM,122.19359527587892,0.341796875,0.34453124999998863,5.741985767210438,3,4,1
M079R1,0.003833471731361693,0.0016657311320100272,0.0017408255682891671,0.46723265307259787,0,2,2
M079R2,0.013707891219500773,0.0029009300665299477,0.0034200438679089906,2.020252688310047,0,2,2
M080A00,0.00029480208333333333,2.155338499386123e-05,2.1688940874325783e-05,6.947833414173248,2,3,1
M080A01,0.0003850838541666666,3.2624999999999993e-05,3.169606362821609e-05,6.372154500805276,2,3,1
M080DM,99.52921508789063,0.18359375,0.1826171875,6.2529740604741955,4,5,1
M080R1,0.0990410642705651,0.009308000005042158,0.011169600006050606,7.500351587828274,2,4,2
M080R2,0.1809406190330074,0.01828788909822132,0.021755109707921272,11.042986592284844,2,4,2
M080R4,0.009098387499763851,0.0012165946486247994,0.0013382541134872791,0.03153816374579298,0,2,2
M081A01,0.00020223437499999997,1.9545444841765545e-05,1.7435425228165855e-05,0.8696788431746846,2,3,1
M081A02,0.00027286458333333335,3.0456327595837984e-05,3.008321791298261e-05,0.5480267632507551,2,3,1
M081DM,86.39745214843752,0.17626953125,0.17578125,3.9787887803196362,4,5,1
M081M2,13.24086328125,0.23452143862722252,0.23321854174595913,6.932302721884888,3,4,1
M081R1,0.06566164688891127,0.0076878605410001105,0.009541184064276911,3.410796489724297,2,4,2
M081R2,0.08896178677109359,0.01139329325920578,0.014187874624671332,1.5447707683702083,2,4,2
M081R4,0.005072392165569859,0.0008387849430360941,0.0009550521628628791,0.22907870272141173,0,2,2
M082M,2231.1573567708338,3.5546875,3.59375,3.1744384963157017,8,9,1
M082W,23.582812499999974,7.82080078125,8.359375,4.407436065400492,7,8,1
M083M1,2032.8794921875,36.515625,45.0,0.19275328443737622,1,2,1
M083M3,2382.4614583333337,8.8623046875,9.0234375,4.1686326741536455,2,3,1
M083W1,201.0,41.65625,57.5,0.00041130565815257546,1,2,1
M083W2,166.18958333333333,34.59521484375,35.10546874999997,0.873792494222635,2,3,1
M083W3,243.47812499999992,39.1015625,38.14453124999994,2.0821774943318685,2,3,1
M084M,1517.6852864583334,3.203125,3.1640625,5.4570785304363865,2,3,1
M084W,72.85208333333333,10.234375,10.3125,12.011121641408662,2,3,1
M085M,1832.3214778645834,4.073821972904398,3.926079673242384,0.6958631983253362,2,3,1
M085W,123.40585937500003,8.037553858836105,8.14324873745116,79.56420851012145,2,3,1
M089M,2465.0,21.328125,21.328125,4.5,1,2,1
M089W,255.0,42.65625,42.65625,0.125,1,2,1
M090M,2323.6376953125,24.0625,24.0625,0.040002466903792486,1,2,1
M092M,10885.232528686523,1.6612542325001414,4.800260409603652,0.010680050492889065,1,2,1
M092R01,0.1907015625,0.02003906250000001,0.020624999999999977,0.7191420437048857,1,2,1
M092R02,0.4466815434992314,0.026438083430720294,0.026160760877251277,0.004413383710948273,0,2,2
M092R13,0.7127249999999999,0.05520218519225495,0.05520218519225495,0.9916248473170534,1,2,1
M092R14,0.38110664062499994,0.0343366263085062,0.034765834137362506,0.278123318986317,1,2,1
M092R15,0.13737500000000002,0.016729056402708442,0.016496708397115256,0.009427996042962046,1,2,1
M092R19,0.8776196289062499,0.014944791921352119,0.015132383451745612,0.9322950383039147,1,2,1
M092R25,0.06729062499999999,0.012304687499999994,0.01220703125,0.7015861757812497,1,2,1
M092W,36.8509375,4.024255739433428,4.394418672603152,0.053983718010826895,1,2,1
M092W1,0.000307125,5.443658958050415e-05,5.443658958050415e-05,1.7093537558604517,1,2,1
M093M,10999.902813720702,4.30053821122965,3.955109471327887,0.006780615286129205,1,2,1
M093W,24.28875,6.676860010119018,7.454705860416766,0.02306215492839866,1,2,1
M093W1,0.00012942187500000003,2.9891491795129267e-05,3.061176870585531e-05,0.9990817099178534,1,2,1
M094M,1413.671875,11.172968969602834,11.28359242474744,1.6824691867718238,1,2,1
M094W,231.88750000000005,20.291166681896357,20.125749562206977,1.1203658157527159,1,2,1
M095M,1717.683984375,18.181352657947627,18.087920045226383,2.0775667576924293,2,3,1
M095W,322.4744791666667,25.447089297481398,25.436624497851994,18.06069205419014,2,3,1
M096M,1585.5107421875,11.830715122616084,10.880032657405764,2.935381977680308,5,6,1
M096W,174.59374999999997,15.185199704632822,15.021917987378714,6.336220560842732,5,6,1
M097DM,411.53191162109374,0.7586023992168975,0.7630647662710999,0.3833117885254245,1,2,1
M097M,2421.772883744674,0.38694063236926013,0.38809224139413345,40.08279868888674,10,11,1
M097PAH,5.73496875,0.24955414711768586,0.24603571131704882,0.3107525747312845,2,3,1
M097W,31.803355823863647,0.7059081203769111,0.7034682389757805,56.916264496402434,10,11,1
M101M,1841.77587890625,8.153978521105728,8.00390529679089,1.6187717330839881,4,5,1
M101R2,1.7399999999999913,0.39960937500000004,0.3996093749999998,9.16882551672421,2,3,1
M101W,225.099375,13.992426594917674,14.141811932229956,0.8515106203225749,4,5,1
M102M,1831.4380371093753,20.951840719053962,21.705504054271614,1.6435474693963943,1,2,1
M102R1,0.29315625,0.05722656249999997,0.057812500000000044,0.006716735092474499,1,2,1
M102W,213.9921875,27.084147123190405,27.24161309483685,0.1345520900856058,1,2,1
M103M,2163.7906127929687,5.0366848799662876,5.199158585771784,4.538334701347433,5,6,1
M103W,88.41375000000002,10.53957067668452,10.604230619486259,30.103435462313257,5,6,1
M104M,1994.5278645833332,15.626278390085872,15.525691490314784,15.801681892387293,2,3,1
M104W,348.2578125,32.633223976936506,34.50491983468231,3.175391223451661,2,3,1
M108M,2346.0178710937503,9.880704994300231,19.74427869474721,0.049002017557233345,2,3,1
M108W,331.15494791666663,17.5911133926586,25.819922832370708,0.027761228095175082,2,3,1
M109M,1409.03732421875,4.921875,4.98046875,11.22057067394166,4,5,1
M109W,78.14156249999998,10.9375,11.015624999999986,2.327178566107,4,5,1
M110M,1507.7639404296874,9.2578125,9.375,2.6490330165540117,3,4,1
M110W,136.85546875,15.0,15.078125,5.910246176189846,3,4,1
M111M,1354.4644921875001,13.3846075899487,13.893412839133362,12.612938700146525,4,5,1
M111W,329.4,36.86846141711942,37.6171875,2.418022284126843,4,5,1
M112M,2187.124951171875,13.4765625,13.451346427146746,0.9089432023894705,1,2,1
M112W,207.2109375,46.875,41.83002846925018,0.0448794376499004,1,2,1
M114M,1751.3699218750003,15.145776020066023,15.08203125,0.5537414720639932,1,2,1
M114W,239.85000000000002,29.22614482794313,30.552803982233172,0.07544863027313518,1,2,1
M115M,2221.849365234375,11.10386347162921,13.258252147247731,0.6625178705477179,3,4,1
M115W,185.1171875,21.213203435596427,33.76108623257721,0.06033397506610205,2,3,1
M117M,1639.146142578125,4.71875,4.75,3.0415975066869314,2,3,1
M117W,99.0,14.21875,14.1796875,8.405,1,2,1
M119M,2460.5842088753843,0.13666293503501947,0.13666293503501947,36.36080838663843,13,14,1
M119R3,1.5433593749999983,0.14395851685456607,0.14713741154851556,3.9114457240388663,5,6,1
M119W,47.41041666666668,0.5720397711845777,0.5848834921083181,45.13356194227396,14,15,1
M120M,2425.308545410156,1.125694907992056,1.1592977410668936,9.79254458877268,4,5,1
M120W,23.630000000000003,2.818529236262073,2.8990586430124203,0.8855331810488758,3,4,1
M121DN,524.8358211078644,0.04076373546308787,0.04107255164080925,1.8581620776664218,3,4,1
M121DP,528.6782564290364,0.279296875,0.279296875,0.3985097033370794,2,3,1
M121M,2535.2039664184563,0.27598216057231184,0.28211509747370656,6.224831606038224,9,10,1
M121R6,1.1773958333333332,0.15581200819247742,0.1554530456892449,5.218922402747424,5,6,1
M121W,0.9169999999999994,0.04618441183996147,0.0543731373435008,0.3442050000000021,1,2,1
M123M,1570.4599609375,13.4375,13.75,0.1381450776994964,1,2,1
M123W,132.3078125,20.390625,20.78125,1.1953997100830078,1,2,1
M129M1,3054.0,10.77032961426903,10.77032961426903,0.2658109976192305,3,4,1
M129M2,3058.6493408203123,10.686186414157419,10.602043214045807,0.2888198730356172,3,4,1
M134M,1957.1945312500002,14.315876658221441,14.375278636056237,1.4807396828444588,2,3,1
M134W,172.125,22.761304226700247,23.01327438419139,9.543478176696844,2,3,1
M135M,1936.1882812499998,8.984375,8.935546875,6.9289851906472055,4,5,1
M135W,464.46093750000006,24.609375,24.374999999999943,3.4659773804271676,4,5,1
M137M,2138.1609375,30.46875,29.6875,0.47806106953995253,1,2,1
M137W,397.003125,62.109375,62.10937499999994,0.027154655942213033,1,2,1
M138M,1776.21337890625,13.359375,13.4375,0.7955920806711103,1,2,1
M138R1,1.4313281250000003,0.2578125,0.265625,0.7353099880642361,1,2,1
M138W,155.0,42.65625,42.65625,0.7605555555555557,1,2,1
M142M2,1899.8556152343751,6.5078125,6.58984375,4.0129658022313155,2,3,1
M142W2,166.5020833333333,15.625,15.625,3.5170442920861356,2,3,1
M143M,2212.04296875,15.72265625,15.91796875,3.969561572435167,2,3,1
M143W,286.875,53.7109375,55.0,2.5481421100206614,1,2,1
M144M,3525.367378173828,0.11766698780684237,0.11821941497964872,3.024144848389184,2,3,1
M144R00,0.001416370327949524,0.0001431698578081798,0.00019811612756158968,0.07949752892077423,0,2,2
M144R02,0.009427907973125187,0.0016626453756243527,0.0017372787625703507,5.014554284511651,0,2,2
M144R04,0.0004308546875,4.0019526483955307e-05,3.851879424080694e-05,0.2769745571716988,1,2,1
M144R06,0.0003845351090192795,5.850917072632326e-05,6.17151526839299e-05,0.18810228797731063,0,2,2
M144R2,0.5679902587710199,0.05080048825470329,0.056333214698284784,0.010848665945760576,0,2,2
M145M,1479.4728149414063,3.375,3.076171875,1.6362330549932051,3,4,1
M146M,1818.734765625,12.605067466304263,13.18279685091511,0.6888054297347688,1,2,1
M146W,264.76171875,33.587311337916844,32.56421877961395,1.0525933785671517,1,2,1
M148M,2569.106926127115,0.33844881202639954,0.3545654221229597,19.697989703245486,5,6,1
M148W,16.91524739583334,0.7455160586765786,0.7347427052274966,4.86590708266825,5,6,1
M149M,1438.791015625,19.3359375,19.21875,3.2131432327270506,1,2,1
M149W,257.94140625,13.359375,13.4765625,1.0889079623752171,1,2,1
M150DM,2.4065624999999966,1.7412328456627906,1.7688714622606132,2.5877682491981493,3,4,1
M150M,2465.4469631618927,0.4119624015906993,0.4084413554232924,49.12173305160477,8,9,1
M150W,46.73976562500002,1.2366821360755864,1.2507840558603789,11.604018145254145,6,7,1
M151M,5698.481127929688,6.36182313327663,6.442352540027059,5.801838040238654,4,5,1
M151W,128.4609375,19.25,18.046875,0.6184784009072786,1,2,1
M152R11,2.8716406250000004,0.3125,0.314453125,1.195145948791503,1,2,1
M152R13,0.17534531250000002,0.027187500000000003,0.026953125000000022,0.11755970933702252,1,2,1
M152R3,1.756249999999996,0.58453125,0.5675390625000003,2.176412298248437,1,2,1
M152R6,1.417820312499999,0.15410156249999973,0.1552734375,1.3820194498803882,1,2,1
M152R7,0.23666666666666672,0.026406249999999992,0.02578124999999995,0.8520447530864196,2,3,1
M154M,1617.3279418945312,5.289870230051292,5.289870230051292,2.1310697898778272,3,4,1
M154R3,13.1671875,2.371875000000001,2.291015625,0.009068848076613446,1,2,1
M154W,180.78203125,10.48997718553997,10.871189195143359,0.10709506353792995,3,4,1
M159G01,5.4204687499999995e-05,9.21066767820711e-06,9.100580016714587e-06,0.1754040602533251,1,2,1
M159M,3922.068502298991,1.2140089889771843,1.2056938589157653,17.26186707725102,5,6,1
M159W,19.971666666666625,3.409203325209873,3.4923546258247526,8.924916667759739,5,6,1
M161M,1655.0439453125,14.21875,14.205387350760702,5.672985981434192,4,5,1
M161W,254.3046875000001,20.91796875,21.083984375,13.161587336618034,4,5,1
M162M,1705.8688476562497,12.2265625,11.875,3.9701517285434464,3,4,1
M162W,378.1792968750001,12.8515625,12.646484375,46.18147285360638,3,4,1
M164M,1646.19296875,28.59375,32.65625,3.142929222843758,2,3,1
M164MEP,1354.4644921875001,13.3846075899487,13.893412839133362,12.612938700146524,4,5,1
M164W,359.69062499999995,52.55859375,58.55293174590008,1.1388849849971259,2,3,1
M164WEP,329.4,36.86846141711942,37.6171875,2.4180222841268426,4,5,1
M168M,2094.438736979166,17.343503658160444,16.451589137716837,0.6844762690459407,2,3,1
M168W,288.04166666666663,28.90625,32.421875,0.2607886613253217,2,3,1
M171DM,920.5737548828125,3.2451620391217375,2.9624395887436776,0.13100220388513198,1,2,1
M171M,9398.735353190106,1.4142958306274522,1.3940916044757614,11.246810295314813,5,6,1
M171M2,62.315449218750004,1.8453193218676773,1.8318498377664696,9.752738516880962,3,4,1
M171W,9.9875,3.5355339059327378,4.423774230494001,0.0983884807298827,1,2,1
M172DM,349.16259765625,0.7411771494686263,0.7301148039541658,1.1462161312344439,2,3,1
M172M,2318.0108642578125,0.6894291116564091,0.6960582377296305,1.9233637911656492,2,3,1
M173DM,491.24796875000004,1.4028866027988443,1.4028866027988443,0.01915503564952658,1,2,1
M173M,2459.5603009033202,0.7071067811866669,0.7292038680989208,1.6456152117404645,1,2,1
M173MD,347.09528645833325,1.178905230724581,1.1158362266118047,7.43911419834999,2,3,1
M173R2,0.443203125,0.09540210951546091,0.09301705677757427,0.7810887475684605,1,2,1
M174M,838.2161458333334,11.408189582522823,11.288447654374636,2.2027454056497344,5,6,1
M174W,463.2145833333334,27.464910141169184,29.232945091717113,1.1559085900514787,5,6,1
M175M5,1475.3809315321182,2.833569759901593,2.9664948581562385,14.220027723357767,8,9,1
M175W5,95.74319444444446,5.481168934691297,5.285149754014853,21.860437449417645,8,9,1
M176M,3871.637599749566,0.05739971563707513,0.056873112741413934,8.680288174391254,9,10,1
M176R13,0.45322363200940585,0.1261960628525427,0.22960771852334894,0.4974264501736369,0,2,2
M176R15,1.1622803508118604,0.18872807457506813,0.19565594803123165,2.987111695649981,1,3,2
M176R18,0.5191874999999999,0.1640625,0.16296875,1.4185728610602397,1,2,1
M176R6,0.04243352394438624,0.01036522255068871,0.01963936904341019,0.4776279749948514,1,3,2
M176W,1.1933593749999998,0.19231393516384387,0.19248481195157008,1.2538455626782992,1,2,1
M177M,10163.699417724609,0.8210253599027055,0.8343753657536581,3.034179972247027,1,2,1
M178M,2299.8017578125,18.68384814861838,18.68384814861838,0.06810678704419795,1,2,1
M178W,273.6421875,39.429649575224516,40.20786634315658,0.0014290736680414478,1,2,1
M179M,2349.44150390625,7.0095490310295645,7.107813737071865,0.10284353981621232,1,2,1
M179W,220.5125,17.88908972670214,17.553669294326482,0.39945209605385745,1,2,1
M180M,2412.1493164062504,9.299136410887058,9.08779240154854,0.184194891780089,1,2,1
M180W,314.286328125,27.98659085308759,28.33147889033654,0.44056784780013913,1,2,1
M181M,4373.833383483887,3.0760943690629574,3.1320233575916063,40.9027203044028,7,8,1
M181W,119.75835937499998,5.6329608955888375,5.801612419408869,30.189126925477403,7,8,1
M182M,2714.116431884766,3.44223584016936,3.6642040884153175,8.87736770424179,4,5,1
M182W,121.79543749999999,10.042901898357812,10.429692071920812,0.8798943472865064,4,5,1
M183DM2,402.771318359375,1.138014993310719,1.073355050508951,0.25036170502294774,1,2,1
M183W,27.504140625,3.046875,3.0273437500000036,1.2762144759479395,1,2,1
M184DM2,459.89860302734377,0.4716796875,0.4675949310367855,3.088157054683655,1,2,1
M184R03,0.8229843749999999,0.2813988863729797,0.27935976400795814,0.3980793361233892,1,2,1
M184W,24.212695312500003,1.6933819022434626,1.69921875,0.21338530657500657,1,2,1
M185M,1873.755615234375,13.452027031269154,15.974282099632092,5.745211197428239,3,4,1
M185W,236.10625000000005,23.782339464614438,26.930002040813406,3.0311305140393725,3,4,1
M186M,5839.914686050415,0.14260755261329905,0.14260755261329905,0.2725407337382802,2,3,1
M186W,1.4886666666666666,0.2666821793176757,0.2743016701553236,0.06548207281984277,2,3,1
M187M,5828.647809196473,0.24620245924779738,0.24298412644748169,0.5513975543885132,1,2,1
M189M,4622.5509634676855,2.7759293658145907,2.756101298916292,98.86176142663412,10,11,1
M189W,55.37372159090904,4.551495180899153,4.578268681963266,32.35079769487254,10,11,1
M190M,4152.621484375,20.556972328826305,22.46583404507328,0.04708998136052979,1,2,1
M190W,135.2875,35.658864733670896,53.39551444770214,0.0021272883811968993,1,2,1
M193M,4146.557642333984,2.334310877480675,2.336953442979393,6.471399664553075,4,5,1
M193W,19.78100000000008,6.533649095216255,7.162891221471593,7.560378665144129,4,5,1
M195M,4478.25,15.617470842226794,13.63156557692946,0.08648289023958837,1,2,1
M195W,181.35,32.28749188088182,32.049889060555955,0.1777630570618479,1,2,1
M198M,2548.9893929036457,4.204478464703698,4.204478464703698,41.76762121377263,2,3,1
M198W,165.27200520833333,12.186453576183112,12.138285775486736,7.659125558084576,2,3,1
M199M,2627.353834960937,2.2161215329360857,2.2382091229656,71.33543365660559,4,5,1
M199W,140.78052734374998,8.586487103158362,8.635834730188009,21.159124859266804,3,4,1
M203M,2763.0789257812494,1.5177936572736144,1.5081261817495033,35.64096083072878,8,9,1
M203W,66.04466796874999,4.6444859780173715,4.6444859780173715,3.446275290981066,7,8,1
M204M,9899.272268269855,0.7511790861917689,0.7577300665943767,0.39827205894018575,2,3,1
M204R01,0.52106875,0.05799801316640074,0.06149186938124429,0.33964096161222534,1,2,1
M210M,3887.094491577148,1.5101197289136508,1.503666225798952,21.368887752731315,8,9,1
M210W,28.449179687499992,2.622714575470379,2.5840222506583785,4.065685482196117,7,8,1
M212M,3823.507461395264,0.3376953124998181,0.34277343749954525,2.025026717623901,3,4,1
M213M,4024.1095806884764,1.9793936615992607,1.9431189000083577,0.5071830749614633,3,4,1
M213W,13.228750000000003,2.9195343924023938,3.1426835179363355,6.078547424152106,2,3,1
M215ALS,0.11679443115234375,0.0004177246093750031,0.0004177246093750031,41.12079114578643,19,20,1
M217M,6871.179436614242,1.0253286439601652,1.0365959916953216,0.3201294786930376,0,2,2
M218DM,401.171630859375,2.7842329509220463,2.569494350280877,0.08404356043020006,1,2,1
M218W,31.239999999999995,5.365633321676764,5.32241721401094,1.3181713961501405,1,2,1
M219DM,457.54934765625,0.7288061794919258,0.6905353470690443,0.03793058113758996,1,2,1
M219W,20.435625,2.51953125,5.0,4.751879189004906,1,2,1
M220DM,684.7511328124999,4.875,4.544921875,0.09632431130055173,1,2,1
M220W,62.26875,20.264366046091844,21.093750000000014,0.0033370874192492207,1,2,1
M221DM,691.2392578125,5.33203125,5.3828125,0.3225689508434528,1,2,1
M221W,80.9875,11.549031429220591,11.932426932523,0.08299971950337762,1,2,1
M222M,4219.073703952365,1.6443528473200786,1.6459223443916926,9.031516900861332,8,9,1
M222W,50.0370833333333,2.1952127997406166,2.2960286559865324,79.0311911676052,8,9,1
M228M,2746.8806640625,6.60045275435732,6.371270367053057,1.0016063156085797,1,2,1
M228W,88.42124999999999,19.389977357486202,19.500777228100418,0.5469307718854094,1,2,1
M233M,4285.873515625,5.4083269131951965,5.48354963129168,3.0448577832235584,1,2,1
M233W,51.31328125,6.940219765297428,6.836655478478406,0.7678174421285494,1,2,1
M236M,4389.641656494141,6.2589088666318276,6.7041032211618585,0.4020646182601378,1,2,1
M236W,139.15554687500003,19.56286845216718,15.954183980408175,0.003037684930070317,1,2,1
M239M,1962.6187499999999,26.303888139398396,16.522129737559908,0.019128664633065437,1,2,1
M239W,369.35,94.8724472647354,17.417988365010046,0.0380097964988324,1,2,1
M244DM+,401.171630859375,2.7842329509220463,2.569494350280877,0.08404356043020006,1,2,1
M244DM1,402.771318359375,1.138014993310719,1.073355050508951,0.2503617050229477,1,2,1
M244W+,31.239999999999995,5.365633321676764,5.32241721401094,1.3181713961501405,1,2,1
M244W0,27.504140625,3.046875,3.0273437500000036,1.2762144759479395,1,2,1
M245DM+,457.54934765625,0.7288061794919258,0.6905353470690443,0.037930581137589965,1,2,1
M245DM2,459.89860302734377,0.4716796875,0.4675949310367855,3.088157054683655,1,2,1
M245R03,0.8371458333333333,0.26901586821880163,0.26717329377894683,0.43084976173222567,2,3,1
M245W+,20.435625,2.51953125,5.0,4.751879189004906,1,2,1
M245W0,24.212695312500003,1.6933819022434626,1.69921875,0.21338530657500657,1,2,1
M247M,2376.797001953126,9.658231723230529,9.263358702604364,0.11926725160753525,1,2,1
M247W,154.55468750000003,33.641289037802935,22.75950507834324,3.032187002120468,1,2,1
M248DM+,684.7511328124999,4.875,4.544921875,0.09632431130055173,1,2,1
M248DM0,691.2392578125,5.33203125,5.3828125,0.3225689508434528,1,2,1
M248W+,62.26875,20.264366046091844,21.093750000000014,0.0033370874192492207,1,2,1
M248W0,80.9875,11.549031429220591,11.932426932523,0.08299971950337762,1,2,1
M250M,2872.36083984375,6.8300823138570195,6.8300823138570195,5.774441051293334,1,2,1
M250W,66.62890625,11.935372847129656,11.811046046638722,4.297550130337624,1,2,1
M251M,2900.8371643066407,4.5625,4.58840278245043,2.079150396423912,1,2,1
M251W,106.05000000000001,10.253048327204937,10.562407543974047,0.4994386191263685,1,2,1
M252M,2343.223669433594,6.617196219302059,6.581810143262828,6.441568722689531,3,4,1
M252W,229.32617187500003,16.083146537262593,16.083146537262593,1.9238000818220482,3,4,1
M253DM,411.53191162109374,0.7586023992168975,0.7630647662710999,0.3833117885254245,1,2,1
M253M,2422.1449241924292,0.3685148879708322,0.36390845187088416,58.63517261535164,15,16,1
M253PAH,5.734968749999998,0.24955414711768586,0.24603571131704882,0.3107525747312843,2,3,1
M253W,31.34493489583333,0.684499957377934,0.6794668694560393,65.40038338597348,14,15,1
M254DMC,2.4065624999999966,1.7412328456627906,1.7688714622606132,2.5877682491981493,3,4,1
M254M,2461.0574338631004,0.1285181851121706,0.1285181851121706,212.08741504148412,22,23,1
M254R3,1.511409598214286,0.14077962216061657,0.13987136653377386,4.654675888381122,6,7,1
M254W,47.29005504261363,0.5186493925406808,0.5440776670775094,56.97737074278215,21,22,1
M255M,1753.7657165527344,2.741137181163822,2.66015625,1.0564567602218335,1,2,1
M255W,119.80499999999999,9.222513135537199,8.915689385118455,0.3379046966153721,1,2,1
M259M,3988.373856811523,1.7719957313920531,1.7578125,8.167850474419536,3,4,1
M259W,13.927148437500044,4.0472755970283,4.201934078492904,23.536282096632988,3,4,1
M263M,1713.230973307292,5.006520406632717,4.92237720652156,28.269933125595838,2,3,1
M263W,107.27291666666667,14.841693936550826,14.841693936550826,0.34848048505881835,2,3,1
M264M,1803.7395263671874,11.140625,11.01953125,7.597979417465695,3,4,1
M264W,138.27187500000002,11.253659225448587,10.828140853275727,8.182953459701562,3,4,1
M268M,6914.075146484376,7.352805669994268,7.018587230448247,5.062300020665851,2,3,1
M268W,137.49999999999997,20.913947223720413,21.51148857296957,0.5930068943275741,2,3,1
M270M,2188.2814453125,17.862370224008373,17.862370224008373,2.6802101482792793,2,3,1
M270R03,4.246125e-06,1.5483867612776854e-06,1.5131961530668293e-06,0.7984390702552084,1,2,1
M270W,105.42708333333331,38.65876356015542,33.82641811513599,0.7891917550599391,2,3,1
M286M,1759.4687988281248,11.78125,11.837890625,0.03453854431415337,1,2,1
M286W,122.615625,4.78125,3.9375,0.905602737779216,2,3,1
Q004MBR,4.579655322265625,0.006591796875,0.006644531250000085,1.2374074746546473,2,3,1
Q005A00,53.8793642578125,0.12031250000000426,0.11494140625000426,6.097340232675927,1,2,1
Q005M1S,4.655862690662202,0.010156249999999645,0.007577514648437145,14.60949474081316,20,21,1
Q005MSB,4.175738054547991,0.004461669921874467,0.00444091796874968,13.336882652358035,20,21,1
Q007A02,0.9991251953125,0.01708984375,0.016972656250000107,1.0818884307515553,4,5,1
Q007CPT,-0.14200000000000018,0.1860856692003398,0.18243693058856839,4.337037560763621,5,6,1
Q007R4,0.10726770833333335,0.005523437500000006,0.005496093750000014,0.538816977594426,2,3,1
Q007R6,0.9571843750000002,0.02320312499999999,0.022499999999999964,6.756381853380578,3,4,1
Q007TP,172.55884374999997,0.1904296875,0.1904296875,17.978598155035776,8,9,1
Q007TP2,162.4590625,1.4193359375000227,1.9875000000000114,0.3332708988527335,1,2,1
Q007TP3,175.23000000000002,6.733509406378005,6.692124594874372,1.5033411984258738,4,5,1
Q007TP4,172.35009626116073,0.6745792349050532,0.6827925690070629,2.511777112186867,6,7,1
Q007TV0,0.6924468749999999,0.012829892518804176,0.01302138345192061,0.7809395499372142,6,7,1
Q007TVN,0.31475390625,0.010000000000000009,0.010000000000000009,0.04106528200924368,2,3,1
Q007TVP,-0.00490000000000005,0.00699462890625,0.009375,1.9003181372254754,5,6,1
Q007W,1.427999999999999,0.12548189733275295,0.13879062092338534,2.211722786518558,2,3,1
S001MS,-1.0625,2.467780664129209,2.4361424504865266,0.06589367378048781,1,2,1
S003MM,0.001159652180620975,1.1862798070250147e-13,1.17578256159101e-13,3.4811394040366572,2,3,1
S004ALP,-0.010079999999999974,0.020079605368577655,0.020282429665229952,0.5990067730575971,1,2,1
S004BTP,0.002475000000000005,0.00746461787498404,0.007253355104937322,0.7872741368961876,1,2,1
S004DEL,0.7504736965026855,0.0003395610466569998,0.0003432924867301512,0.24273337613215074,1,2,1
S004ETA,0.056366666666666704,0.0336328125,0.03404296875,1.1433354228842343,2,3,1
S004ETB,0.01614999999999997,0.07546875,0.07601562500000003,0.39048125,1,2,1
S004PL,0.997431875,0.041748046875,0.043232421875000204,0.2568478747638146,4,5,1
S004PT1,0.007456562499999996,0.007949992524149518,0.007881849731085378,0.1537972623293116,1,2,1
S004PT2,-0.0024750000000000162,0.007890993619561172,0.008657547285461396,0.1896148789954731,1,2,1
S004RHO,0.7497906131286621,0.00025898437499993765,0.00025771484374992326,0.6035969100819258,1,2,1
S004T,2.1969811390675456e-06,2.1881103513425116e-12,2.206420898038467e-12,16.09133474317576,7,8,1
S004XI,1.0008895380859375,0.0007344623984417709,0.0016669820728676399,0.048347389937464666,1,2,1
S004XPP,0.9760515624999997,0.04499999999999993,0.04464843750000003,0.8323291449361037,1,2,1
S005SNU,69.940546875,4.102290709164819,4.140836669118016,0.03266083083352798,1,2,1
S007NI,2.9241997767857146,0.045429184731270666,0.04561090147019575,6.7798038147612205,6,7,1
S008CR,0.6588996093750001,0.0037373265050726356,0.0038517344593094194,0.8481099045143582,3,4,1
S008FV,0.025365312500000004,0.0016757812499999976,0.0016552734374999968,1.6882279954645483,2,3,1
S008M,139.57039169810164,0.00010455078123072781,0.00010351562499977263,8.054759252602823,3,4,1
S008R10,0.00012326635162353516,2.310546874999763e-07,2.2968749999999118e-07,2.81320984842286,3,4,1
S008R3,1.0356045200892857e-08,5.871582031249805e-11,5.966796874999849e-11,0.5401663275005772,6,7,1
S008T,2.6033114414062503e-08,4.492187499999924e-12,4.531249999999348e-12,2.1187010521949983,5,6,1
S009A,0.033245833333333266,0.002962032548425513,0.00292031378013783,3.434853444402161,5,6,1
S009D,4.593565309753419,0.0004570312499998508,0.0004494140624995424,0.21331051910578014,1,2,1
S009R1,0.01187961328125,0.0002460937499999989,0.00023657226562499856,4.019725206234982,3,4,1
S009R13,6.461953125e-08,3.2776027208841684e-09,3.304888635741511e-09,0.1951807822308813,2,3,1
S009R3,3.382250000000001e-05,1.6406249999999941e-06,1.5820312499999965e-06,0.6219539492920871,1,2,1
S009T,8.425906464843749e-17,1.0849609374999916e-18,1.117187499999995e-18,4.658670155234526,4,5,1
S010CP,0.009900000000000023,0.022632134592993028,0.022517830882927404,0.06754353897313484,1,2,1
S010CPG,1.874999999999311e-05,0.0011611328125,0.001168212890625,0.08113765995078738,2,3,1
S010CR,0.5606367187499999,0.031445312500000044,0.03125,0.6097788272857649,1,2,1
S010D3,-0.0002099999999999972,0.002759765625,0.0027685546875000004,0.45812272427004874,1,2,1
S010D5,0.004725000000000001,0.016539062499999996,0.01642578125,0.0008140625000000003,1,2,1
S010DG0,0.0001805,0.00018061256128268274,0.00018243693058856846,0.00011664646242010102,1,2,1
S010DT,0.0009666666666666671,0.00074609375,0.0007421875000000004,3.097683221930017,2,3,1
S010F+E,0.132534375,0.00583984374999999,0.005835937499999971,3.476754169352324,2,3,1
S010F-M,-0.15050000000000008,0.03375,0.027656250000000007,1.2160950854700847,1,2,1
S010FPB,-0.516430472841263,0.06402844226167814,0.06525191568069094,0.032338920669895736,0,2,2
S010FS,-0.0007588333333333346,0.004008418760493053,0.003604693129939795,0.20642310095742364,2,3,1
S010FSF,5.7118388671875,0.03350023320814355,0.03253388032714,0.25205887465109134,1,2,1
S010FSP,0.9838539395931867,0.061001025613386384,0.06200764319776564,0.03464748332403869,0,2,2
S010FT,-0.012120000000000004,0.011580432955252866,0.013043224486442698,0.018069146899851177,2,3,1
S010GPF,4.791706357563249,0.06613702910548813,0.06692437469007739,5.816328775169935,0,2,2
S010GPP,0.6009607201824189,0.09031413314584136,0.08793744543147708,1.2372105101251247,0,2,2
S010GT+,-0.21542359375000003,0.0024960937499999836,0.0024609374999999822,4.0016399029297025,2,3,1
S010GT-,-0.216733125,0.0027343749999999833,0.0026953124999999634,6.077155878985962,1,2,1
S010GTP,0.62645,0.007488744809921455,0.0074046016098100464,0.0054892598590206105,1,2,1
S010HPF,-2.4416234844642997,0.1099138789735652,0.1099138789735652,4.024816085624356,0,2,2
S010HT+,0.012133333333333354,0.005250781249999999,0.005306640625000001,4.193327756715524,2,3,1
S010HT-,0.009631250000000001,0.005484375,0.005624999999999998,0.9989780364894969,1,2,1
S010HTP,0.05181375,0.007757462385100562,0.007708051796660426,0.326972864425666,1,2,1
S010IXI,-0.006256875,0.007617187499999999,0.007568359375000001,0.16633420692727235,1,2,1
S010KT+,-0.010066145833333328,0.0015908203124999978,0.001608398437500002,8.990906693505115,2,3,1
S010KT-,-0.008432187499999997,0.0018867187499999986,0.001875,0.22012181469185535,1,2,1
S010KTP,0.005404999999999999,0.0013975424859373684,0.0013975424859373684,6.3451661987381724,1,2,1
S010LAM,0.02460283203125,0.0001736554268526938,0.00017628656968379439,0.26665653784599314,1,2,1
S010L+E,0.029560091145833335,0.0002500000000000002,0.0002500000000000002,1.0335253327834453,5,6,1
S010LPE,0.025896052083333336,0.0004227748739638812,0.0004130185307185605,1.7870922709166108,2,3,1
S010LQE,0.00186321875,0.0002098764001323627,0.00020711486855167394,0.24872933115173657,2,3,1
S010M,493.67658157253265,0.005484375000037289,0.00590625000000955,22.904815093580766,5,6,1
S010MVE,890.2682128906251,2.815393287193274,2.815393287193274,0.4689829929479588,1,2,1
S010R1,0.6360335815429687,0.0016328124999999138,0.0016499999999999293,0.7868151034318118,1,2,1
S010R12,9.638833333333335e-07,1.5131992709790082e-08,1.667607359854409e-08,0.6972412786024702,2,3,1
S010R13,0.00027460625,1.5292968749999953e-05,1.5468749999999966e-05,0.19245220142611213,2,3,1
S010R14,7.123593749999903e-06,4.98046875e-07,5.039062500000017e-07,9.98705027539614,2,3,1
S010R15,2.9940429687500003e-07,8.984375000000007e-09,9.033203125000034e-09,2.1716296340784598,3,4,1
S010R16,9.1722705078125e-08,7.397148704863765e-10,7.369852953185272e-10,21.63282450072362,4,5,1
S010R2,0.20703603271484375,0.0008914062499999764,0.000918749999999996,3.217663325690145,1,2,1
S010R21,0.0007606053873697917,2.906249999999979e-06,2.8437499999999167e-06,3.4373504938298076,2,3,1
S010R23,0.06017939453125,0.0015125,0.0015296875000000015,0.7881348046228651,1,2,1
S010R24,0.33248728515625003,0.003249999999999975,0.003173828125,0.8291785212868428,2,3,1
S010R28,2.4884326904296873e-05,9.444722828470906e-08,9.567381566503286e-08,0.023066926268953625,1,2,1
S010R29,0.6617921669921875,0.002647949218750001,0.0026645507812500524,4.124826743791998,4,5,1
S010R30,0.005319589843750002,4.687500000000004e-05,4.99999999999997e-05,4.296881556821355,4,5,1
S010R32,1.137796875e-10,3.445312500000001e-11,3.9306640625000006e-11,0.3469499100305346,1,2,1
S010R38,0.00041375,8.156249999999998e-05,9.570312500000003e-05,0.029200974180330973,1,2,1
S010R4,0.017747589843749998,0.00024374999999999744,0.00023671874999999995,1.3940820643741252,1,2,1
S010R42,1.248e-05,2.5484140288618726e-06,2.4877375043651614e-06,0.5068455242203637,1,2,1
S010R43,0.24672856933593748,0.0009552351309630447,0.0009591340498649459,1.306331266882301,1,2,1
S010R45,0.0061621875,0.0007968749999999998,0.0007734374999999998,0.11766605902777771,1,2,1
S010R5,0.032385584960937505,0.00038124999999999964,0.000378125,0.34699008579016655,1,2,1
S010R6,0.04941763916015625,0.0004667968750000015,0.00047070312499999933,0.8604696650190652,1,2,1
S010R63,0.0002279999999999999,4.847656250000002e-05,4.8593750000000026e-05,1.5415031141868507,1,2,1
S010R78,1.6185466796875e-05,5.84374999999999e-07,5.71484375000001e-07,14.857706839695174,1,2,1
S010T,1.2379401767985027e-08,1.1050781249999813e-11,1.1090820312500298e-11,18.64279076102936,5,6,1
S011M,497.610948213501,0.011953124999934062,0.010957031249915872,6.777577995874639,4,5,1
S011SCR,-0.07642916666666667,0.010308593749999997,0.010105468749999999,1.163712904833065,2,3,1
S011XRP,-0.0009316666666666664,0.002968749999999999,0.00296875,0.04605459217546651,2,3,1
S012DPA,-0.004218749999999993,0.007927734374999999,0.007847656249999998,0.02810363043354497,1,2,1
S012E0,-0.0007812500000000471,0.015742187500000004,0.016249999999999997,0.1457837347448225,1,2,1
S012R13,0.00070423435546875,8.201727233964995e-06,8.27430889090272e-06,0.13429474606447905,2,3,1
S012R14,4.7921645314650326e-05,1.5292968749999912e-06,1.5468749999999952e-06,0.15762775687398875,-1,2,3
S012R5,0.00259134375,7.675781250000022e-05,7.763671875000034e-05,0.47061798804012267,1,2,1
S012R7,2.630523202726705e-06,5.7626317587594115e-08,5.7626317587594115e-08,9.336051749246671,0,2,2
S012R8,3.5749999999999997e-07,1.0140213074862545e-07,9.883054128716126e-08,1.2089241294581392,2,3,1
S013A1,0.0030427265625000005,0.00025101562499999994,0.00025400390625,0.35594627055854045,1,2,1
S013A12,-0.7377914843749998,0.013358461226059104,0.014218964627501052,1.3677833131980623,4,5,1
S013A2,0.0033351648437500003,6.642578125000062e-05,6.679687500000045e-05,0.5137817652401749,3,4,1
S013ALM,-0.1575000000000002,0.028300781250000018,0.025078125000000007,0.30411602815600386,1,2,1
S013ALP,-0.21725566406249996,0.014472656249999993,0.014345703124999998,6.210460306970909,3,4,1
S013AV,-0.43049999999999994,0.04204341442960374,0.04346060817442182,3.2908130399630404,2,3,1
S013BCP,-0.18562499999999998,0.06973798488373845,0.07177710724876003,0.5155297153264976,1,2,1
S013DIM,-0.0007537500000000261,0.0030712890624999996,0.0030712890625000005,0.34794550426520643,1,2,1
S013DPA,0.13713750000000002,0.015050374829259916,0.01491166169719299,0.023506118329655382,2,3,1
S013DRE,0.0003000703124999799,0.00031249999999999995,0.00026000976562500004,0.7846430918764381,1,2,1
S013E+G,0.0023487310546875004,8.200609733428335e-05,7.239600780292212e-05,0.3864150839091262,1,2,1
S013EPS,0.001677828125,0.00014345703125000003,0.00014409179687500007,5.619504418201862,3,4,1
S013ER,0.992984844970703,0.001963441503855523,0.0019455920356385992,0.08331305719703505,1,2,1
S013FPB,-0.05230468749999999,0.011854449509574386,0.011749542876746316,0.25867446620835477,1,2,1
S013FSB,0.04911562500000007,0.006109885738322086,0.006201078062774652,3.015388862259891,1,2,1
S013GCP,0.0059999999999999915,0.06871842370122765,0.07014580935674276,2.494877495952509,1,2,1
S013GT0,0.6779348486328126,0.005062499999999859,0.005015624999999857,6.86205143532513,3,4,1
S013HB,-0.2973750000000002,0.13229249720675662,0.13272062826567815,0.29551029454084965,1,2,1
S013HT0,0.07583515625000001,0.0061875000000000124,0.0061875000000000124,2.0741349297101075,3,4,1
S013IXI,-0.007019999999999967,0.025781250000000002,0.025781250000000002,3.3157776761284725,4,5,1
S013JT0,0.0012375000000000018,0.0008300781250000001,0.0008217773437500006,0.06511108608190182,5,6,1
S013KT0,0.0099275,0.0015058593749999998,0.00151171875,4.254048186568944,3,4,1
S013L3,-0.0039609375,0.00017812500000000033,0.00018125,2.45002746582031,1,2,1
S013LAM,0.025077728515625,0.0003685148879709575,0.00036482973909125055,4.761477866386974,2,3,1
S013LCM,0.17471072916666666,0.008604987326240848,0.008510427025952477,8.396872596363497,2,3,1
S013L+E,0.02848404166666666,0.0004023490594309842,0.0004000629852296718,0.18928664839751663,2,3,1
S013LMG,0.08490312500000007,0.01984665150493281,0.01946498512983795,0.41425541401002575,1,2,1
S013LPE,0.02474345833333333,0.001163091693546843,0.0012103718436910216,4.394472294742798,2,3,1
S013LQE,0.0016636875,0.00047341751711128355,0.0005031152949374524,4.505199691518767,2,3,1
S013MVE,875.2776386718748,5.34375,5.4140625,1.7991836735170506,2,3,1
S013P+G,44.32968749999998,3.938182226751138,3.9521474119523816,0.9536881354738008,1,2,1
S013R10,0.6656027343750001,0.002396874999999965,0.002419921874999953,2.403442737929961,1,2,1
S013R21,0.0028021875,1.745669866054251e-05,1.7677669529663712e-05,0.30773925781250155,1,2,1
S013R22,3.4769218750000004e-06,5.390625000000004e-08,5.3613281250000086e-08,2.0444567537413527,2,3,1
S013R25,0.009352797265624999,8.293034068572284e-05,7.831627220329825e-05,10.33130775877624,4,5,1
S013R26,1.2770295618252381e-06,3.256534595030329e-08,3.2793075642263475e-08,0.17131251206271564,0,2,2
S013R28,9.964479166666667e-06,3.3421843954520354e-07,3.3802043207474937e-07,4.625452420539528,2,3,1
S013R29,3.5854980468750003e-07,8.591352648566544e-09,8.485721263543165e-09,1.6349574663768909,2,3,1
S013R31,3.112218749999999e-07,1.9586796014790204e-08,1.9586796014790204e-08,0.8952845063468007,2,3,1
S013R32,5.2032285156250005e-05,1.0626916331090992e-06,1.068498691213518e-06,0.024666345786185147,1,2,1
S013R35,2.6923710937499997e-09,2.695312500000004e-10,2.666259765624998e-10,0.003729662280417659,1,2,1
S013R36,3.55640625e-08,2.107142330151148e-09,2.1570155213973235e-09,1.235462696553085,3,4,1
S013R41,5.953634765624999e-07,3.343750000000005e-08,3.37500000000001e-08,1.4448806895020836,3,4,1
S013R45,0.196946015625,0.001337460298038079,0.0012961342775930917,3.896448533362031,1,2,1
S013R49,0.0020890722656250003,8.548826116989202e-05,8.435290011862568e-05,0.001425078993223643,1,2,1
S013R53,0.021112968750000002,0.0002666015624999997,0.000258398437499998,8.491484181929584,1,2,1
S013R55,0.004840290869140625,1.977470224496375e-05,2.145052446911322e-05,0.5776681753684711,1,2,1
S013R57,0.40474473144531253,0.0009048314008098801,0.0009017432390323599,9.703507201540862,1,2,1
S013R58,0.2700290869140625,0.0007905694150421305,0.0007905694150421305,0.02720055500772688,1,2,1
S013R6,0.1254921142578125,0.0006035235891464763,0.0005989514407438723,0.6505526676096883,1,2,1
S013R60,0.6845953124999999,0.009769531249999908,0.009289062499999945,0.0651244787661822,2,3,1
S013T,5.0995177734375e-08,2.0968749999999789e-10,2.0453125000000776e-10,2.157630647669054,2,3,1
S013VUS,0.21423548583984375,0.0009750000000000036,0.000962500000000005,9.922513184764991,1,2,1
S014A0,-0.029655859375000003,0.0009653562350753,0.0009880704994300119,21.919155117149533,11,12,1
S014A1,0.000893333333333333,0.00118828125,0.0010638671875000001,0.9389083610229233,2,3,1
S014A2,0.00876,0.0041132812500000015,0.004143749999999998,0.7329370151216306,2,3,1
S014AQ,-0.0008662500000000005,0.0009423828125000001,0.0009082031249999999,0.846599618328704,2,3,1
S014AS,0.0012374999999999955,0.001064453125,0.0009423828124999999,0.7708049475489498,3,4,1
S014BET,-0.01624999999999992,0.055859375,0.05628906249999999,1.7703104369406817,1,2,1
S014LAM,0.7209599375,0.010546874999999956,0.010634765624999987,1.2301575247914274,4,5,1
S014M,547.861793170166,0.017261833361544632,0.017464913753883593,2.1397870389128215,4,5,1
S014R12,0.5475585937499999,0.01598437500000005,0.01585546874999999,2.140846297201138,1,2,1
S014R19,1.48204140625,0.05437499999999984,0.0546875,0.34377792640486465,4,5,1
S014R2,1.09765625,0.4250390625,0.42867187500000004,0.24688940536687795,1,2,1
S014R23,5.814062499999998e-06,7.957031250000009e-07,8.039062499999988e-07,0.1242730917500728,1,2,1
S014R34,0.3953164306640625,0.0032897913616777297,0.00324141207694717,0.12441303373907561,1,2,1
S014R4,0.184666640625,0.002737052260758821,0.002737052260758821,1.2070240077325634,1,2,1
S014R40,0.006962653125,0.0001998682732705613,0.00020175382301839632,4.962611676100139,4,5,1
S014R6,0.82858095703125,0.006574877882138952,0.006675002926029405,4.498300723681675,5,6,1
S014R7,1.7005950000000003,0.0380859375,0.03789550781250006,0.7199457838416148,4,5,1
S014R8,3.2573750000000006,0.30084960937500016,0.30269531250000004,1.6294945604351974,6,7,1
S014W1,0.0005156043750000001,1.764648437499992e-05,1.7773437500000103e-05,0.3749817720200557,4,5,1
S016CMR,1.0000000000027278,1.5430656752357663e-11,1.5767387395726473e-11,0.0009164610596745015,1,2,1
S016CR,0.8408478404134114,0.000386654935253139,0.0003917425001906949,1.1216097980471547,2,3,1
S016EPL,0.0011493215494791668,3.454893185942157e-05,3.468495127619095e-05,5.878395849802324,5,6,1
S016MPL,0.00023106026785714288,2.652755283795159e-05,2.6001896715672525e-05,7.188910341169327,6,7,1
S017AV,-1.2753376828948975,0.00047724971313223286,0.00048119392563750196,44.87567087314183,9,10,1
S017BA,-0.11958207552083336,0.00018554687499999778,0.00018554687499999778,34.13365438013356,5,6,1
S017BNC,-0.1044354765625,0.0007426757812500212,0.0007521972656250181,0.6938153297924342,4,5,1
S017D1,-0.0001217499999999996,0.00020058593750000005,0.00020185546875000005,0.2025285225104025,2,3,1
S017EPL,0.0011787939453125002,0.00010605957031250006,0.00010570312500000033,0.1895560100738363,3,4,1
S017F,180.05340600585936,0.07464843750000227,0.07363281250002274,0.06403632866296691,1,2,1
S017MCR,-0.11544609374999998,0.0017766181554606797,0.001731063843782188,2.421811452705454,3,4,1
S017MPL,0.00036542187499999997,0.0001174322980263563,0.00011705711496556924,0.7251120524690966,2,3,1
S017MRD,0.86419453125,0.008203124999999978,0.0087890625,0.8050342849986298,1,2,1
S017NA,0.9806648177083332,0.0030029296875000444,0.003027343750000022,2.831800293827688,5,6,1
S017Q,-2.5e-22,7.8203125e-22,7.8203125e-22,0.03719008264462809,1,2,1
S017T,878.4437965202331,0.27250846639662996,0.26549538086430857,23.330197765396917,7,8,1
S018A+,-0.7584796069335938,0.004183216238219489,0.004129585260806423,3.0373510012015412,3,4,1
S018A-,0.7460257255859375,0.00349007432055104,0.0034645993255104646,17.71243101677537,4,5,1
S018A0,0.8880608072916666,0.019248046875000147,0.02010498046875009,3.634731265049293,2,3,1
S018A00,-0.6753515625,0.009612004213482184,0.009545254184221919,1.3902800894552356,1,2,1
S018A1,0.8769,0.016421510759519142,0.015469539121286124,1.9917948447373155,1,2,1
S018AL,-0.0026784722222222305,0.0037597656250000005,0.003828125,4.637746233904631,8,9,1
S018AV,-0.7179470052083332,0.01550000000000007,0.015015625000000088,0.6288120791447027,2,3,1
S018DM,-1.376666666666674e-06,7.171875000000001e-06,7.1191406250000005e-06,3.269207762726719,2,3,1
S018DT,0.0009062499999999999,0.0032373046875000004,0.003278808593750001,0.3674451310636766,2,3,1
S018F-,-6.499999999999972,3.51953125,3.5361328125,1.390589623649024,2,3,1
S018M,1115.6830424007417,0.006562500000200089,0.006484375000127329,0.8372180582704455,1,2,1
S018MM,-0.6128284296875,0.0045117187500000044,0.004443359374999956,1.544143043985906,4,5,1
S018R1,0.63967490234375,0.004980468749999911,0.0049218749999999645,1.3873131424802965,3,4,1
S018R2,0.30948281250000004,0.028124999999999956,0.028320312499999944,0.952171143605374,1,2,1
S018R4,0.00015675000000000002,3.4687499999999996e-05,3.562500000000001e-05,1.344322616390306,3,4,1
S018R5,0.0013014051215277781,2.5000000000000066e-05,1.914062500000006e-05,3.632716577721202,8,9,1
S018T,2.616673503417969e-10,6.914062500000602e-13,6.826171875000244e-13,6.8166503081594785,3,4,1
S019A+,0.04895885416666666,0.003564941406249994,0.0035410156250000047,1.5051448133373888,2,3,1
S019A+0,-0.04975312500000001,0.003793945312500005,0.0037529296875000034,1.264152358366732,1,2,1
S019A0,-0.9820860156250001,0.012875976562500169,0.014609375000000036,2.401903487294469,4,5,1
S019AG,-0.6938175,0.04757812500000003,0.0472265624999999,2.712471651134721,4,5,1
S019F+,167.5875,18.748046875,18.23828124999997,1.1864973729320458,1,2,1
S019F0,35.68437499999999,34.27734375,33.75,0.027514898083669564,1,2,1
S019M,1189.3711290161132,0.03351562500029104,0.032656250000172804,13.316680566548095,4,5,1
S019MM,2.4578074102783196,0.004906612407152622,0.005014056474462514,9.203410486367485,3,4,1
S019R1,0.48363999999999996,0.0030000000000000027,0.0030000000000000027,2.0094904444444386,5,6,1
S019R12,2.4299999999999887e-08,1.384993204589038e-08,1.8122219951127164e-08,0.6489059506531275,1,2,1
S019R3,2.27277734375e-05,3.984374999999997e-06,3.984374999999997e-06,2.1985789117287484,3,4,1
S019R4,0.002374277343749999,0.0001039062500000007,0.00010507812500000057,5.712620107286498,7,8,1
S019T,8.018578111049106e-11,2.6562500000000393e-13,2.749999999999939e-13,2.3163216573370895,6,7,1
S020A-,-0.06833333333333333,0.007500000000000007,0.008249999999999993,0.1337124400571367,2,3,1
S020AV,0.005500000000000015,0.07109375,0.07109375,6.47301665007189,3,4,1
S020AV2,0.3403932291666667,0.017187500000000022,0.016699218750000022,1.8910139940842634,2,3,1
S020D,8.095347656249999,0.15781250000000036,0.15468749999999787,1.181570312534331,2,3,1
S020DL,81.69338378906248,0.06976562500000227,0.06865234375000284,1.0256478384607943,2,3,1
S020F-,10.45,15.093749999999998,14.554687500000004,0.09105836549387596,1,2,1
S020F2,0.9698906249999999,0.13812499999999994,0.13546875000000025,0.02620837679802704,1,2,1
S020M,1197.4514443636576,0.03062499999987267,0.03031250000003638,2.8106568272256847,2,3,1
S020MM,-1.160162109375,0.01412832494441063,0.014169756982370885,6.058409980058249,2,3,1
S020R1,0.00044702812499999996,4.296875000000004e-05,4.2382812499999994e-05,2.822577704595997,4,5,1
S020R2,0.001016575,3.4863281250000063e-05,3.662109374999987e-05,3.4262384726724813,4,5,1
S020R3,5.7358619791666654e-05,2.734374999999997e-06,2.6796874999999965e-06,2.4267532377408663,5,6,1
S020T,1.4790907421874999e-10,8.476562500000047e-13,8.437500000000003e-13,13.62075517386777,9,10,1
S020WM,2.3906250000000004,1.6611328125,1.6874999999999996,0.09429794776706979,2,3,1
S021D1,4.859522135416667,0.0674999999999999,0.0674999999999999,2.779605187941182,2,3,1
S021MM,1.6136249999999999,0.08052734375000004,0.07769531249999995,0.4047871281999217,1,2,1
S022AA,-0.29362304687500007,0.0026875000000000093,0.0026562500000000266,26.682352082010244,10,11,1
S022F,-1.5206875000000033,0.5917968750000004,0.609375,6.325326434149054,8,9,1
S022MM,-0.650682958984375,0.002585359168713275,0.0024983518889969414,1.0125647397682067,2,3,1
S022R9,0.00012733046875000012,2.310937499999999e-05,2.330859375e-05,1.005116636563295,1,2,1
S022T,1.6393557942708335e-10,1.5234374999999697e-12,1.4999999999999948e-12,8.128508881061725,11,12,1
S023AA,-0.26056718749999996,0.006257435305082271,0.006360016211722996,0.20211367531568017,1,2,1
S023AG,-0.68693203125,0.061541986291150486,0.06227901606709241,0.6292720667356351,1,2,1
S023AH,1.218056640625,0.04810715381615305,0.04785406761618627,0.3309181808153084,1,2,1
S023AJ,2.0,0.9242187500000001,0.9242187499999996,0.0,1,2,1
S023D,6.3421875,0.7433593749999989,0.7390625000000011,0.21857348014816774,2,3,1
S023MM,-1.2502155273437499,0.013710937499999964,0.013593750000000071,0.740001810148512,1,2,1
S023R10,0.0002528285156249999,8.166888902196522e-06,8.092644457631103e-06,0.28159395659849923,2,3,1
S023R8,0.001173,6.884484216877415e-05,6.979573777884007e-05,4.0638715989381895,2,3,1
S023R9,0.003349403645833333,9.985646437042812e-05,9.985646437042726e-05,0.2990314252902811,2,3,1
S023T,2.905558035714286e-10,9.296874999999995e-12,9.399414062500034e-12,3.5131372130973046,6,7,1
S024ALO,0.011520234374999999,0.001521640244066872,0.0015096114674339328,0.08943554244758813,1,2,1
S024M,1672.4296236038208,0.3204101562498636,0.3253906249999545,5.348163322481836,7,8,1
S024MB,1672.55,0.7109375,0.7109375,0.6049999999999,1,2,1
S024MM,-2.0191625,0.054196526537865,0.05462665770086428,0.1366725213886298,1,2,1
S024R1,0.6765895019531251,0.006689384408862353,0.006647312808806594,0.4386076619825809,1,2,1
S024R2,0.24324498046874998,0.0048945312500000004,0.005031249999999987,2.120182355767425,1,2,1
S024R3,0.08544935546875,0.003299015152520915,0.003691205765058353,0.05682380977923669,1,2,1
S024T,8.20510546875e-11,1.0695312500000082e-12,1.0839843750000013e-12,0.1277392083751122,2,3,1
S026DMI,-5.06232421875,0.17665796990251614,0.1779770085777237,0.7500425719907184,1,2,1
S026M+,5810.5614625167855,0.25136682707488944,0.2554699445699953,0.15435435186823296,1,2,1
S026M-,5815.640990844726,0.28033665173461486,0.2711205548939688,0.006227384673538778,1,2,1
S026W+,4.954957031249991,0.4818015368876125,0.47477202717009614,2.554907114292741,1,2,1
S026W-,5.3068124999999995,0.5463616452161348,0.5589370803498719,0.02250508354970544,1,2,1
S031A01,-0.0017824999999999996,0.001633377780439299,0.0016421124209764083,0.08499970792483658,1,2,1
S031A1,0.003689999999999992,0.0029384765625000003,0.0029550781250000007,1.5186513007864628,5,6,1
S031A11,0.004235833333333321,0.00797200454373381,0.007972004543733808,5.497969996230542,2,3,1
S031A12,0.003270000000000008,0.004802054029307732,0.004824705227559183,2.8746342351921936,3,4,1
S031A13,0.004107500000000003,0.0018999311434666653,0.0018915981121356727,3.338906924833212,3,4,1
S031A14,-0.0326625,0.04634863691743267,0.04655835925642559,0.000639511058109281,1,2,1
S031A15,0.0010687499999999987,0.0016778370984996017,0.0016607163117802182,0.7783477332621194,2,3,1
S031A2,-0.0025600000000000345,0.00431640625,0.004221191406250001,1.2480468470897343,4,5,1
S031A3,0.00014004017857143983,0.0004881591796874999,0.00050390625,5.856890202256322,6,7,1
S031A4,0.005500000000000007,0.0201796875,0.020015625000000002,0.36823979591836725,1,2,1
S031A5,-0.004070869140624993,0.0009395576783686266,0.0009310162449289129,1.8515033171851403,3,4,1
S031A6,-0.00013606250000003345,0.0007285444238610728,0.000724749921653463,2.33824525180825,5,6,1
S031B03,0.9394654687500001,0.00278836989749498,0.0027163455827996508,0.027455735135369475,1,2,1
S031B04,0.058876250000000005,0.0017432728541856568,0.0017321692054328985,0.5244496502136888,1,2,1
S031B17,1.1486765625,0.1716546883462553,0.16879377687381725,1.2499382708832667,1,2,1
S031B19,0.1215,0.06446946951852482,0.05954471837474862,0.2679632015365877,1,2,1
S031B20,0.2580374999999991,0.08036297697850459,0.08036297697850453,9.651963272396818,1,2,1
S031B22,0.16949999999999998,0.06428695435311894,0.06288941186718155,0.027870706869009557,1,2,1
S031B47,0.0006542338769531251,4.8990080043387774e-06,5.1120083523534645e-06,1.827144768571487,1,2,1
S031B50,0.04524374999999997,0.006384932615302458,0.0064748612436869996,2.604587877285121,2,3,1
S031B51,0.5727499999999999,0.05459150335692842,0.05087928112865736,2.890872550204219,2,3,1
S031B56,0.013068125,0.0005661275243620742,0.0005619339871445785,0.4803503183017093,2,3,1
S031B58,0.002343114583333348,0.001166074511703992,0.0011791764725096548,4.021888726794493,2,3,1
S031B60,0.08170312499999999,0.0059765625000000044,0.006046875000000007,3.337932492479868,1,2,1
S031B61,0.055673437500000006,0.004101562500000003,0.004060546875000001,0.013521193399234722,1,2,1
S031B67,0.10320320345052084,0.0006344259908694083,0.000638030683999341,6.131504246437595,5,6,1
S031B78,0.38573265625,0.09171372563963981,0.0920194380584386,0.015820983817795994,1,2,1
S031B79,0.4693812500000001,0.07812823479631226,0.0775799664819522,1.0399086088104144,1,2,1
S031B81,0.25761072265625007,0.01235332841693626,0.012315318175653456,11.225998820896734,3,4,1
S031B94,0.09558632812500001,0.004375223208591766,0.004465716846501239,0.00616973171142644,1,2,1
S031B95,0.011218251953125001,0.00043867309244043085,0.0004339049066530345,0.6478883312344517,1,2,1
S031B97,0.42191640624999993,0.02734620296265855,0.027436454457584802,0.21630112679216842,1,2,1
S031B98,0.047798437500000006,0.007757088649513182,0.007863350137862678,1.603727517801004,1,2,1
S031B99,0.13996855468750002,0.004627876006131182,0.004627876006131182,8.531449031396054,3,4,1
S031C1,0.024193750000000003,0.01252558416957319,0.012822047700213984,0.01399353951905516,1,2,1
S031C14,0.0016926562499999997,0.00011090006107916835,0.00011165448326338036,0.6469625658353567,1,2,1
S031C15,0.054012509765624994,0.0010150815853910422,0.000980476531343616,1.1395565777185843,1,2,1
S031C16,0.0037170000000000003,8.31826926202951e-05,8.60510613313395e-05,4.140924215650332,1,2,1
S031C34,0.0011052703125,7.38664335134709e-05,6.944214192282014e-05,0.23107244786685646,1,2,1
S031C35,0.00020318203125,3.758924926300407e-05,3.8424565913293044e-05,0.11106255450796128,1,2,1
S031C8,0.0024087499999999994,0.0003701262057773337,0.0003646019340493136,9.38969809283088,2,3,1
S031FE0,0.08373562499999998,0.004026470337517241,0.003929835049416824,0.8766096547634361,2,3,1
S031FE1,-5.2669999999999995,1.3871349133455855,1.3695762435564012,3.7496832848477486,1,2,1
S031FK0,0.7162925846354165,0.0031531931360329057,0.003363406011768433,2.1449453186102527,2,3,1
S031FK1,-2.1339843750000007,0.14792741304859636,0.14000273020670706,1.2194152434537304,2,3,1
S031FK2,-3.225000000000004,8.402417298318273,8.352698852766093,2.20072239931188,1,2,1
S031FP0,0.140709765625,0.002516756739067677,0.002538085186008926,0.597533811272621,1,2,1
S031FP1,-1.9963125000000004,0.1309420214762287,0.12960587839994075,0.48230452176336136,1,2,1
S031FR2,0.793884548611111,0.02091394722372042,0.02023707029441335,4.908717680832851,8,9,1
S031FRV,1.4840347222222217,0.024975561714347005,0.024975561714347005,19.875263508935724,8,9,1
S031GLT,1.125942708333333,0.08040669064747608,0.08233029568688943,0.36179605537931114,2,3,1
S031GPM,0.22000000000000003,0.03828515605072186,0.03828515605072186,2.482758620689655,1,2,1
S031M,1869.534925059001,0.37777320322993546,0.37122222282710027,0.22369116882701665,2,3,1
S031P72,0.0011019375,7.337098051171187e-05,7.546729424061805e-05,0.3953774644453944,1,2,1
S031R05,0.0020503671875000003,0.00016080047640753626,0.00016080047640753626,4.685482482054482,1,2,1
S031R1,0.25745625000000005,0.01376407527102369,0.013921874999999972,0.9331818244647753,2,3,1
S031R10,0.1100307291666667,0.009875000000000009,0.009687499999999988,2.3444851790059182,2,3,1
S031R2,0.05935937499999999,0.008399800034822255,0.008338036799272086,0.1037655746617267,1,2,1
S031R26,0.19011199218749997,0.0023925979471436376,0.0024260608554952934,0.39535081593596194,2,3,1
S031R27,0.161905078125,0.0019887378220871665,0.002010834908999226,20.441664363229386,1,2,1
S031R2D,0.8239171875,0.05486578083149829,0.0553229956717608,0.002921454496799503,1,2,1
S031R30,0.0348595625,0.001291604973745114,0.0012359323455664456,6.452547902733153,4,5,1
S031R33,0.005237958935546877,2.478820373220947e-05,2.4439074102178618e-05,8.187751832563727,4,5,1
S031R49,0.8015334375000002,0.011689453124999916,0.011578124999999995,1.3885301210048329,2,3,1
S031R5,0.160719228515625,0.002963361165874673,0.0029868799052863715,0.560154341284401,1,2,1
S031R6,0.08229843750000002,0.004882812500000014,0.0047607421875,2.8470180711139395,6,7,1
S031R8,0.000373852734375,1.7140169205425728e-05,1.7659568272256835e-05,0.08056950722508989,1,2,1
S031R83,0.06169921875000001,0.0056527581158586915,0.00570278252396364,1.7696293063280053,1,2,1
S031R88,0.11086609375,0.0032779867748577995,0.0032878011065190504,14.057738192820457,2,3,1
S031R93,0.088171078125,0.0007813999575701225,0.0007161077778270603,1.5015468846430502,4,5,1
S031R95,0.0018796874999999996,8.687768067539643e-05,8.41899011350233e-05,1.527365282672583,1,2,1
S031RVD,1.5305593750000002,0.07658641208220285,0.07874812532645858,0.14064630488088967,1,2,1
S031S01,0.00023519375,2.0981326565618427e-05,1.9879806920923408e-05,0.11928668950446682,1,2,1
S031S17,0.61476875,0.008948956442576539,0.009707342581778078,2.110911371237172,1,2,1
S031S19,0.38128750000000006,0.02437499999999998,0.024843749999999998,0.17115173007769557,2,3,1
S031S20,0.43484765625000016,0.10734375000000002,0.10874999999999996,0.5431976379046941,1,2,1
S031S22,0.31038749999999965,0.05343749999999997,0.05238281249999993,1.3530263412169856,1,2,1
S031T,1.0332829687500001e-12,4.653157480919462e-15,4.653157480919462e-15,0.8166166411655632,1,2,1
S031TV0,-0.0030100000000000005,0.00707303112658406,0.0071375268511425765,1.1452104605055815,1,2,1
S032A1,0.0004037222222222221,0.0005111307886802946,0.00050189348527041,5.990255396608707,8,9,1
S032A10,-0.0009500000000000029,0.007652492924823753,0.007528341024362642,0.06057274007559636,1,2,1
S032A12,0.0036562499999999954,0.00385382491821856,0.003870915629179683,0.07942569449146845,3,4,1
S032A23,0.0018849999999999997,0.005403125000000001,0.005438671875,0.07520873411692093,1,2,1
S032A3,-0.002035000000000005,0.001751953125,0.0017265625000000002,0.0558895358424677,1,2,1
S032A4,0.001306874999999995,0.001377196594789934,0.0013873980510476368,3.0109008074404118,7,8,1
S032A5,-0.009333333333333242,0.014471180128838457,0.014399785774014988,3.4886248767146437,5,6,1
S032A6,0.000937500000000038,0.0050390625,0.004955078124999999,0.1380691632301246,1,2,1
S032A66,-0.03932499999999995,0.023203124999999998,0.022412109375,1.0165586444007857,1,2,1
S032A69,0.056250000000000036,0.061058514280464556,0.06199787603862557,0.04085849542847742,1,2,1
S032A7,-0.00024499999999999967,0.00646875,0.00675,0.0007448463752681128,1,2,1
S032A72,0.131,0.009577245575451226,0.009774424160828132,0.010690045248868798,1,2,1
S032A8,-0.011205000000000024,0.009373636782397766,0.009318497742501309,8.488076733635934,3,4,1
S032A9,-0.0010499999999999572,0.05156250000000001,0.0517578125,0.16787452537029945,1,2,1
S032A96,0.7415,0.030369440770933953,0.030117760322555975,0.1447465151447097,1,2,1
S032A97,-0.022877343749999817,0.01701061371850528,0.017088644056663566,3.0134782827200097,1,2,1
S032A98,0.016926562500000502,0.03490484332167659,0.03490484332167659,6.936787325739214,1,2,1
S032A99,-0.043474999999999944,0.021793756777404305,0.02080313146934048,0.29054543843304553,1,2,1
S032AG,8.817187499999743e-05,0.000113142446784862,0.00011161349480128281,2.207370633140031,5,6,1
S032B15,0.3307031249999999,0.08595469465765909,0.08678517479927894,1.1552922466088806,1,2,1
S032B16,1.8610937499999998,0.23312426692243982,0.2264951408488156,0.7338689482933819,2,3,1
S032B18,0.8352578125,0.035190705771624864,0.03507681999242862,0.5681963983316257,1,2,1
S032B20,0.11934374999999997,0.016901021603737437,0.016901021603737465,1.6279412593390428,1,2,1
S032B26,0.03224787499999998,0.004114015692978125,0.004140219614589449,2.742818438219318,4,5,1
S032B28,0.014392005208333312,0.0004312339005713168,0.00043409562491896966,3.7328794513878876,2,3,1
S032B29,0.8437479166666665,0.040934853504627444,0.040216698179984856,0.2510170407602619,2,3,1
S032B38,0.5262291666666667,0.04192627457812104,0.03799568633642214,0.6024439627721057,2,3,1
S032B43,0.22001765625,0.00787109375000003,0.007775878906250033,0.2056250895683943,3,4,1
S032B58,0.587794140625,0.023412016174889638,0.023625000000000007,3.91697379198786,1,2,1
S032B59,0.22366874999999997,0.013864291621042912,0.013687500000000019,2.8785810456975156,1,2,1
S032B67,0.31556249999999997,0.042925498695564834,0.042506031281601686,0.16002882050304876,1,2,1
S032B77,0.0032353125000000008,0.00243359375,0.0038281249999999995,0.18700552879490093,1,2,1
S032B79,0.09775390625000001,0.014882812499999995,0.013903967509311874,0.8167305913144788,1,2,1
S032B80,0.012168750000000004,0.004234375,0.007468750000000001,0.42773771794123827,1,2,1
S032B88,0.034560703125,0.0009093750000000039,0.0009062500000000043,1.061016267055324,1,2,1
S032B9,0.030049765625000002,0.0012704254663216258,0.0012603427245254234,1.4472675859249873,2,3,1
S032B94,0.01720917968749994,0.0005002440810494453,0.0005002440810494453,12.033191963055474,2,3,1
S032B98,0.002737375000000001,0.0003528794776991853,0.0003511325495917637,2.3850809013716994,2,3,1
S032C01,0.009142203124999998,0.0004918605638491672,0.0004950753387762859,4.750623160514828,1,2,1
S032C24,0.0021186328124999983,7.301284486950109e-05,7.130377630690373e-05,5.161732303333824,3,4,1
S032C26,0.015587499999999999,0.011578125,0.01254296875,0.3589301758177901,1,2,1
S032C36,0.0011629036458333333,6.789799657908263e-05,6.752078548697663e-05,0.7082031288446767,2,3,1
S032C39,0.0014622259765624994,4.149195140325419e-05,4.088177564732392e-05,4.178890928735421,1,2,1
S032C46,0.681027294921875,0.00594894879455643,0.005887619425540391,7.069503294514983,1,2,1
S032C47,0.259325,0.011158203124999988,0.011214843749999925,0.3282687103985802,1,2,1
S032C48,0.34603984375,0.008289695320098434,0.008049800600224144,0.0014731227814783713,1,2,1
S032C52,0.10413651367187501,0.0011380375189470882,0.0011272333652861954,4.0532261718390075,1,2,1
S032C54,0.41463125000000006,0.025198136045760655,0.025448448655486733,0.9619612409998539,1,2,1
S032C56,0.08411718749999997,0.008891710694432564,0.008996730899484912,0.26355131345309263,1,2,1
S032C79,0.2357609375,0.00871730078681543,0.008783592047551636,0.022975198468591453,1,2,1
S032CF1,0.7921875,0.03316406250000015,0.03351562500000016,0.30770534939235994,1,2,1
S032CF2,0.52171875,0.09023437499999998,0.10125000000000006,0.0020606419730655567,1,2,1
S032CPK,0.012918750000000038,0.01727783268670737,0.0171350406810321,1.781976268926426,1,2,1
S032D,9356607142.857143,1119940573.3802185,1179723878.009056,7.72260944928494,6,7,1
S032D03,0.024008333333333347,0.04681079587393877,0.045084454440822076,1.849619466492888,2,3,1
S032D33,0.00433640625,0.00015975120393541074,0.00015919843160345452,0.054962638672441895,1,2,1
S032D35,0.008120203125,0.00026567753386756883,0.0002623145271097513,1.7525576241603322,1,2,1
S032DKP,0.9902885416666667,0.026179699539459533,0.023672980858683523,0.6960332633796305,2,3,1
S032DT,0.013517277138157886,0.0005346206574432001,0.0005383855916505434,26.95820960085325,18,19,1
S032EFL,0.7453125,0.007768278409311824,0.009085705741885164,1.4666143351831016,2,3,1
S032FK0,0.7175898608398437,0.0017993359506442985,0.0017818666695700314,1.1303844778025978,2,3,1
S032FK1,-2.3966250000000002,0.15963415281242543,0.15963415281242543,0.6649357469902657,1,2,1
S032FK2,5.329999999999998,4.067848792522668,4.244711783501915,0.895055557300208,1,2,1
S032FK3,0.7354737304687501,0.004275657844121761,0.004186581639035958,0.6415376127018091,1,2,1
S032FP0,0.143581318359375,0.0017527879577975136,0.0017229108903350776,4.619083187038924,2,3,1
S032FP1,-1.9709374999999998,0.20538074398540873,0.20297393839182964,3.8127191150591973,2,3,1
S032FP2,-0.18666666666666662,1.3406040714648837,1.3319550129393032,5.662990322146046,2,3,1
S032FR2,0.7160156249999998,0.04379220398277739,0.04341791164104425,1.3120970121327549,2,3,1
S032FRV,1.428208333333333,0.05753944453820248,0.05791066676102963,0.7045493615771352,2,3,1
S032M,1864.8440362590022,0.04556666995904379,0.04537026189882454,1.5424985472171062,4,5,1
S032P22,0.0030251347656249997,0.0001299999999999999,6.753906250000011e-05,0.0014036848388886774,1,2,1
S032P32,0.12226562499999999,0.028100006255559806,0.027757323252443178,0.2791930771667102,1,2,1
S032P33,0.07516523437499992,0.004980468750000022,0.004882812500000014,12.354480581787955,1,2,1
S032P35,0.08635921875000002,0.0069824218750000056,0.007031250000000003,2.8537046074041315,1,2,1
S032P60,0.18691250000000004,0.014908739309965169,0.01597364926067696,0.9127497212269386,1,2,1
S032P62,0.04874218750000002,0.002457077826466328,0.002376252897964143,0.6040268193976329,1,2,1
S032P63,0.018943945312500002,0.0013280105541510767,0.001368526130379414,5.324857959292327,1,2,1
S032P69,0.047635078124999966,0.004470724029958767,0.0045082931394542225,0.9620309793631954,1,2,1
S032P96,0.00197728125,0.0001664261285075153,0.00016548052550463196,1.2445465369556423,1,2,1
S032Q15,0.0008294000000000001,2.9877067462457697e-05,2.9877067462457697e-05,0.06496035105833725,1,2,1
S032Q17,0.09057656250000004,0.0034498712045705343,0.00349194280462628,4.598961512480378,1,2,1
S032Q25,0.0035594812499999996,5.878906250000003e-05,5.742187499999975e-05,0.08807510904932636,2,3,1
S032Q26,0.65370078125,0.0074280402025028724,0.007056638192377784,1.7169682089102547,1,2,1
S032Q46,0.020322656250000008,0.0021779132143495278,0.002204636075875288,4.274786730528106,1,2,1
S032QP,0.9912062499999998,0.04648437500000002,0.04984374999999974,0.3837441249243596,2,3,1
S032R07,0.001014609375,0.00021900174200331906,0.00020004275055792776,0.5275967613817376,1,2,1
S032R08,0.003453508593749999,4.002244297380197e-05,3.959337291221856e-05,9.272035747064228,7,8,1
S032R1,0.547393359375,0.022343749999999885,0.022128906249999858,8.183998587702646,5,6,1
S032R12,0.03908617215401787,0.00033667547031890344,0.0003380330326992198,5.239402926242197,6,7,1
S032R2,0.034025625000000004,0.003867187500000001,0.00439453125,2.7568469783216516,4,5,1
S032R26,0.03587759472656249,0.0005774515714610379,0.0005774515714610379,1.6121593411142465,3,4,1
S032R27,0.10101114908854165,0.0011430325118119145,0.001129894207078444,13.934697914360928,8,9,1
S032R29,2.08646875,0.03202439881534014,0.03220132919553542,4.2627010152696325,5,6,1
S032R30,0.0341907158203125,0.00019307124701505723,0.00019534267345053258,0.017695052440080333,1,2,1
S032R32,0.07380208333333334,0.019615599111819787,0.019793922740109063,0.6251090377689437,2,3,1
S032R33,0.12226562499999999,0.028100006255559806,0.027757323252443178,0.2791930771667102,1,2,1
S032R36,0.1233375,0.0062424270526624664,0.006297669769942657,0.05826433403201207,1,2,1
S032R37,0.091993515625,0.002535873335181099,0.002608848107416545,1.2903841658901465,3,4,1
S032R45,0.0026800468749999997,9.182739685403406e-05,0.00010063276367565377,1.4801140306934464,1,2,1
S032R47,3.7577583984375,0.0757288801003293,0.07152172009475466,7.186028647759703,3,4,1
S032R48,0.78013984375,0.04184604073850107,0.04052179894297869,0.07304459821682353,1,2,1
S032R5,0.06490574999999998,0.0011022618015251728,0.0010904518536516972,0.8072461877921343,4,5,1
S032R51,0.08085,0.018230473353465254,0.046748536602106344,0.20071473000839227,1,2,1
S032R57,0.0352604619140625,0.00015945280083451419,0.00015710790670458996,1.9396430301475764,5,6,1
S032R60,0.002929453125,4.290878272864311e-05,4.290878272864311e-05,0.701318152090596,2,3,1
S032R61,0.0037935579427083336,5.429687500000009e-05,5.468750000000005e-05,21.450299594824997,2,3,1
S032R62,0.0032251874999999998,4.5415020753918154e-05,4.58615418528225e-05,0.9305448364026933,3,4,1
S032R66,0.9294755859375001,0.013178465799579486,0.013242129885567833,1.058268015339924,3,4,1
S032R90,0.012038541666666656,0.0021544659739277626,0.0021634429154857946,3.094144753121041,2,3,1
S032R95,0.5643750000000001,0.06591639176354391,0.06837687276057325,0.0180675653467319,1,2,1
S032S07,0.009759281250000001,0.0003188502853308534,0.00032152969949329757,0.1305753632672005,1,2,1
S032S12,0.24523125,0.012597656250000006,0.012304687500000022,0.10518633767204444,2,3,1
S032S15,0.615,0.08624999999999994,0.0859375,0.027331036679634393,1,2,1
S032S19,0.7487296875,0.08804687499999997,0.08624999999999994,0.1012485489677922,1,2,1
S032S21,0.36371875,0.03550781250000001,0.036093750000000036,1.3000617980957037,2,3,1
S032S24,0.51718359375,0.04683593749999998,0.04640624999999998,4.678518680155057,2,3,1
S032S25,0.08505520833333335,0.007226298559369154,0.007226298559369154,0.9651678666271447,2,3,1
S032S60,0.06393125,0.0081015625,0.008167968750000018,0.14482462739458044,2,3,1
S032S65,0.010851357421875,0.0004110876701018465,0.0004069352693937475,0.12684914055169075,1,2,1
S032S94,0.0041,0.001590234375,0.002116978483686272,0.13021490906326819,1,2,1
S032S95,0.007264687499999998,0.0019726562499999987,0.002031249999999999,0.03112228031817908,1,2,1
S032S99,0.010514421875000002,0.0005514513723147603,0.0005480682350612956,9.631967243093428,1,2,1
S032SP1,197.654296875,10.3125,9.5703125,0.023041298246012906,1,2,1
S032SP2,150.334375,14.9921875,12.957031250000028,2.052025629340788,1,2,1
S032T,4.102964274088542e-13,1.0020127496955511e-15,1.1533959708725489e-15,0.964661319535857,5,6,1
S032TR,2.5155000000000003,0.10560935361647239,0.10700480559065806,2.9707273670768317,6,7,1
S032TV0,0.0028666666666666667,0.0021970042639696628,0.0021838485498141564,0.5935158533937701,2,3,1
S033A,-0.7680736607142857,0.004409179687500098,0.004409179687500098,12.880303197253522,6,7,1
S033A03,-0.46554960937500006,0.017774344284904042,0.017864113700484352,2.0893676111102804,1,2,1
S033A11,-0.547059375,0.033849431259358354,0.03548072915137579,0.9828646972854675,1,2,1
S033AC1,0.019687499999999913,0.01674009297735903,0.015843302282143375,0.0862454235796507,1,2,1
S033ALC,-0.8751041666666666,0.03221898770175269,0.032934965206236066,0.9067016845390571,2,3,1
S033ALS,-0.48437499999999994,0.02744338189340595,0.027751734498949743,0.5278341611716437,2,3,1
S033P11,0.00537225,0.000650320308698913,0.0006375689300969741,0.5073867491345205,1,2,1
S033P15,0.25359374999999984,0.031493194329291235,0.0311782623859983,0.37038292518028837,1,2,1
S033R1,0.06330093749999999,0.002525912612816976,0.0025146467460552546,3.901686208427702,1,2,1
S033R11,0.5225849999999996,0.03297277995424053,0.03192269142066595,2.583437948623394,4,5,1
S033R2,0.2226387890624999,0.0068359375,0.006762695312500011,1.8480792093846419,1,2,1
S033R23,0.6846455078125,0.019203023291024524,0.019203023291024524,0.015993172716729117,1,2,1
S033R28,0.2571510416666668,0.031151976388899827,0.03097190716121828,1.945959290471372,2,3,1
S033R29,0.09820781249999994,0.016015625000000006,0.016064453125000003,3.4272953745163495,2,3,1
S033R3,0.28205742187500005,0.008120679440189238,0.008203543516109524,6.012668850948331,1,2,1
S033R33,0.07353041666666668,0.001863281250000015,0.0018457031250000144,1.666730926347114,2,3,1
S033R36,0.016962239583333344,0.00042311197415788315,0.00042311197415788315,4.84064764220264,2,3,1
S033R37,0.016981302083333344,0.0021225176505173787,0.002096313728906049,1.684890647606776,2,3,1
S033R38,0.1983125,0.037463931221618035,0.03859066599520053,0.22245222355769212,1,2,1
S033R39,0.719811328125,0.023605194347755654,0.023827884860470272,0.03247771721342693,1,2,1
S033R44,0.5532656250000001,0.058315092595434215,0.05678878789571096,0.007147102850652568,1,2,1
S033R5,0.23481249999999998,0.01993080088796348,0.019151384093462065,1.1225014688207011,3,4,1
S033R56,0.5602695312500001,0.03521065668570078,0.03521065668570078,2.380164688687068,1,2,1
S033R61,0.32589843750000025,0.016533927022877815,0.017636188824403043,1.1789748318740185,1,2,1
S033R68,0.2953335937499999,0.013964096796293068,0.014156705027966066,0.8544732004952049,2,3,1
S033R70,0.1897671875,0.01640625000000001,0.01611328125,0.17337014525363856,1,2,1
S033R71,0.131,0.020208640730050353,0.020430713705105852,0.30100247524752455,1,2,1
S033R77,0.0084100625,0.0018119611267905286,0.0018119611267905286,0.4146424477817695,1,2,1
S033R78,0.07837583333333334,0.006745135779912287,0.006988203735945164,0.5461807674265307,2,3,1
S033R79,0.087725,0.010863679452653235,0.010184699486862403,0.07657981942824939,2,3,1
S033R8,0.2039033854166667,0.019140624999999994,0.01933593750000001,0.8474209639217563,2,3,1
S033R81,0.04965677083333332,0.001425781249999994,0.0013964843749999997,1.7859444116413148,2,3,1
S033R82,0.02905113281249998,0.0014919900813501683,0.001511673327805975,6.702755481281046,3,4,1
S033R83,0.044771718749999995,0.005313074417474778,0.005339639789562152,0.03098976140381088,1,2,1
S033R84,0.0225703125,0.0054358833803715804,0.005452456195555646,0.008210076226128488,1,2,1
S033R85,0.28275000000000006,0.0673145600891813,0.08077747210701758,0.1905164294992914,1,2,1
S033R92,0.9834398437499999,0.05188465442211154,0.05488624600025027,0.25025731410866064,1,2,1
S033R99,0.0017718749999999996,0.00014229923762467756,0.0001449715237772536,3.4507946047008566,1,2,1
S033S06,0.0126802734375,0.0005969941185129564,0.000589623820753539,0.33338080668163134,1,2,1
S033S09,0.012508359375000002,0.000670612714358065,0.0006643841132959166,0.13445622980934266,1,2,1
S033T,2.0262494897694263e-13,9.608104590819038e-16,9.826470604246715e-16,9.192324473039456,4,6,2
S034A01,0.0245,0.030649492209181284,0.030117998124629,1.3928919196298875,1,2,1
S034A02,0.0019784179687497997,0.0017569749405023155,0.001783730904063265,9.280429257559529,3,4,1
S034A03,0.018000000000000016,0.01854634269586805,0.01899869251771849,0.07405607037434095,1,2,1
S034A05,0.0006600000000000014,0.0023514217215439745,0.002362013711280659,0.30876441464620974,2,3,1
S034A06,0.003490000000000009,0.0033191634041012507,0.0032842248419528157,1.0380699400958466,1,2,1
S034A07,-0.005940000000000004,0.00923330418918385,0.009233304189183849,0.045065374247708755,1,2,1
S034A08,0.00699624999999999,0.01334085887883535,0.013340858878835354,1.8203271283635916,1,2,1
S034A09,-0.008591250000000003,0.011472793905583764,0.011472793905583766,0.002993167198864695,1,2,1
S034A10,0.0023925000000000005,0.002906132485259594,0.002932794251179406,1.0143210248262513,3,4,1
S034A11,-0.0007593749999999697,0.0013751139160131198,0.0013528448647416532,3.8466352212850197,3,4,1
S034A12,0.02228218750000001,0.019084875763550474,0.019651753261477715,0.2617814826876198,1,2,1
S034A13,-0.0022500000000000315,0.024781249999999998,0.024781249999999998,0.8097185128209882,1,2,1
S034A14,0.006475000000000057,0.02236446759271426,0.022574462593584817,1.6936830655625452,1,2,1
S034A15,-0.009187500000000008,0.019300781250000003,0.019181640624999996,0.013627428436803972,1,2,1
S034A16,0.013249999999999998,0.015948870025118553,0.016357815410378,0.12770936219575071,1,2,1
S034A17,-0.014500000000000002,0.025367274419026486,0.0250688358964497,0.022095768777157833,1,2,1
S034A19,0.008662499999999993,0.014809480512266895,0.015066292313057648,0.11074694229948688,1,2,1
S034A21,0.0037400000000000003,0.005055937104039172,0.004818940052287333,0.001488563455311621,1,2,1
S034A22,0.144734375,0.010090772443528823,0.010311094985963942,0.12685069810124516,1,2,1
S034A25,242.671748046875,3.0046513928700165,3.0317203243373,0.37372123989958234,1,2,1
S034A26,0.44930393554687503,0.009023696433311412,0.00907526041293033,0.607371108373759,1,2,1
S034A27,0.5268312500000001,0.023764988074962745,0.024798248426048053,0.05772050249172401,1,2,1
S034A29,247.52544921874994,2.291838337334781,2.2768590017966517,1.8403135242233688,4,5,1
S034DM,98.68799780273437,0.049072265625,0.049072265625,5.253489514289201,5,6,1
S034FR2,0.831045703125,0.043303142202775424,0.0436968071318915,13.104423348933224,6,7,1
S034FRV,1.7614238839285714,0.06780707763931892,0.0691537445897008,5.42677061132737,6,7,1
S034GLT,0.714375,0.180258307023495,0.18523781826723784,1.5033717358124195,2,3,1
S034M,1969.01859375,0.9253155144433549,0.9391261937635136,8.676918236391744,5,6,1
S034P00,0.008040101562499999,0.0006115193905691894,0.0006168369504871828,0.2233933531397833,1,2,1
S034P01,0.022373945312499997,0.001123473254657479,0.001112973504613951,0.3182558079004475,1,2,1
S034P92,0.00509537109375,0.00021968445777143224,0.00023048861143232235,0.011129294900333238,1,2,1
S034R00,0.022384003906249998,0.000711301551921624,0.0007297769169066007,0.14960209887197748,1,2,1
S034R01,0.0023712336914062495,3.4604296171683244e-05,3.4604296171683244e-05,2.062318047385198,3,4,1
S034R03,0.10266015625000001,0.013062484230141502,0.013208433774612352,1.224193229370664,1,2,1
S034R07,0.08121078125,0.0027812021658566444,0.0028490363650238715,1.03216985323765,2,3,1
S034R28,0.06329874999999999,0.001534299021158557,0.0015342990211585639,0.24020946410435606,1,2,1
S034R6,0.044891875000000005,0.0040051384727361194,0.004111469582631762,1.274101551148493,2,3,1
S034R63,0.41221236979166664,0.006581476295688837,0.006708654581595863,0.7975472365255699,2,3,1
S034R64,0.4794145833333333,0.005548679627764785,0.005579000281468405,0.23496145945700045,2,3,1
S034R65,0.205678125,0.013944680045182123,0.0139959472512306,12.60572265821909,2,3,1
S034R66,0.012516666666666676,0.0018027756377319952,0.0013520817282989955,15.532995537958778,2,3,1
S034R67,0.03255,0.004567634097648366,0.004893893676051822,1.6093134982704163,2,3,1
S034R7,0.005369953385416666,0.00011142659797335787,0.0001216945779913799,2.473229552770241,5,6,1
S034R76,0.053927104048295454,0.0008979610745599859,0.0008934028965165361,5.430123660317374,10,11,1
S034R77,0.14605546875,0.0144777687916533,0.014222878496025604,0.05739742228891115,1,2,1
S034R78,0.15975781249999998,0.02732767384561846,0.027117460969882934,0.3719885100229095,1,2,1
S034R81,0.12985410156249996,0.004952859306309232,0.004926653701513933,7.722290408726678,3,4,1
S034R85,0.010435249999999997,0.0015067254926512258,0.0015121846429869187,0.509295811727563,2,3,1
S034R9,0.2688481249999998,0.027640881767395764,0.027640881767395764,6.544844566004063,4,5,1
S034R96,0.016593984374999995,0.005775105083219611,0.005802346144932913,2.400944097771088,3,4,1
S034S01,0.0150317939453125,0.0002915475947422655,0.00014577379737113275,0.08939761547792928,1,2,1
S034S02,0.05477478515625,0.0007042092334890587,0.0007042092334890587,3.489149201639429,3,4,1
S034S03,0.055339238281249994,0.0011914880222962387,0.0011914880222962387,2.0330405507022418,1,2,1
S034S06,0.35062265625000005,0.03931749219384845,0.03920219163023014,0.7213697728002771,1,2,1
S034S07,0.11664843749999998,0.02769197297831341,0.027857793175788348,0.19987607492326248,1,2,1
S034S08,0.26892000000000005,0.021024000959213418,0.025548153064360646,3.888575357212456,1,2,1
S034S09,0.09910999999999996,0.026151882327076728,0.025493973337716302,7.223401420339375,1,2,1
S034S10,0.1503625,0.029706178334649516,0.029912471239751243,2.878318182599561,1,2,1
S034S13,0.8468655908203127,0.006665117332988135,0.006109690888572494,1.025561118148921,3,4,1
S034S15,0.01568505859375,0.00027405844673456317,0.0002823632481507611,1.3967048604931394,1,2,1
S034S16,0.010909765625000001,0.00013534465733648984,0.0001414213562373097,0.1178593635559068,1,2,1
S034S17,0.016878749999999998,0.00028125000000000025,0.00027929687500000133,0.03759609374999964,1,2,1
S034S18,0.039488525390625,0.0007666015624999967,0.0007714843749999992,0.0014564432584323176,1,2,1
S034S19,0.006221947265625001,0.00010511841409308574,0.00010511841409308574,0.6313534665021923,1,2,1
S034S21,0.0012177421874999999,0.0001084913242229103,0.00010672687103068282,0.04971388540236927,1,2,1
S034S22,0.0233561328125,0.0010397219476935317,0.00103524038757416,4.056108159966981,3,4,1
S034S24,0.0018110390625000001,0.00032189064358222855,0.0003236592734920209,0.11594473581098627,1,2,1
S034S3,0.1530375,0.05717257532366918,0.05850217009863823,1.0439535621558758,1,2,1
S034S44,0.02271134765625,0.0005627745911806203,0.0005690276421937389,0.35413171635949997,3,4,1
S034S45,0.00806203125,0.0003965082020482482,0.00039205305371062607,0.8026823894885221,3,4,1
S034S46,0.002880666666666667,0.0002136000936329382,0.00021526884436444578,2.9290183477218923,2,3,1
S034S47,0.002048625,0.00019810234060584856,0.0002013235168758622,1.5443768407295546,2,3,1
S034S48,0.0016427031249999996,0.0001327665361640501,0.0001327665361640501,0.6293954177981234,1,2,1
S034S49,0.013148437500000007,0.0019296808281292783,0.001952562418976662,15.597557643202483,2,3,1
S034S51,0.005152539062500001,0.0004273501770540467,0.0004273501770540467,1.136369467317389,1,2,1
S034S66,0.009348281249999998,0.0002499999999999985,0.000217773437499999,0.9523901611328108,1,2,1
S034S67,0.09101748046875,0.001725986021990894,0.0017374163929974595,0.007146169590043493,1,2,1
S034S68,0.0613787109375,0.001777136889146727,0.001815272873892368,0.5046317885719829,1,2,1
S034S69,0.01471056640625,0.0002912805526490963,0.0002784299400322241,0.051197117519973606,1,2,1
S034S70,0.00732275390625,0.00013894065061936106,0.00014577379737113275,0.44445941027473035,1,2,1
S034T,5.012313639322917e-13,1.757968743056129e-15,1.6554205663778523e-15,3.294025410696494,2,3,1
S034TV0,-0.008474375,0.005589576229622225,0.005523816509273728,0.6481218603597764,1,2,1
S035B20,0.00015373046875,8.0383526013174e-06,8.002418748466358e-06,4.201073886992926,3,4,1
S035B29,0.004264503906249999,0.00016211831677146252,0.0001543700148669445,1.53737941926294,3,4,1
S035B30,0.0005794375000000001,0.00024469468380259105,0.00024265556143756944,0.10032058213876155,1,2,1
S035B32,0.008390595703125003,0.00014988007519856593,0.0001483023901964753,7.077405615942695,5,6,1
S035B33,0.00382966875,0.00015461646096066222,0.00014012116774560126,1.8010353265269698,4,5,1
S035B34,0.001490121875,7.237995864668831e-05,7.391995776683067e-05,0.059332868912969815,3,4,1
S035B37,0.0020284583333333335,0.00031831551653415573,0.0003242569866383593,1.6423672866264665,2,3,1
S035B40,0.0047559375,0.0010664223470625758,0.0021100947846009197,0.029081289685234556,1,2,1
S035B41,0.0016453124999999949,0.0015525464705485922,0.0015722352966795403,2.835239639102626,1,2,1
S035B43,0.00917837890625,0.000148940252882937,0.0001457713113322337,0.6456711919277909,2,3,1
S035B53,0.044526269531249996,0.0012826973532365227,0.001247066871202178,1.343735625874955,1,2,1
S035B60,0.002084359375,0.0003901903832185642,0.0003851879424080695,0.02639841508839507,1,2,1
S035B62,0.09436754361979167,0.0009851562499999938,0.0009750000000000036,3.8635645726125465,2,3,1
S035B63,0.14610636708984376,0.0006288111341116731,0.0006213252872770136,3.678954288368332,4,5,1
S035B67,0.008982597656249999,0.0006926652555527824,0.0006926652555527824,1.016940105023314,1,2,1
S035B68,0.005040000000000001,0.0004908650698977291,0.0004935770316098712,1.3981751030434537,1,2,1
S035B69,0.00023197851562499998,6.441797396117548e-06,6.4963888994744865e-06,0.08752994820738218,3,4,1
S035B70,0.00218025,0.0005197111119579589,0.0005153437916894047,0.10600448311533897,1,2,1
S035B73,0.11635534895833331,0.0010146705250543425,0.0008294528895285425,3.733772201550967,2,3,1
S035B75,0.8525789477539063,0.0007897237714884486,0.0007966511729927683,5.131577364127534,2,3,1
S035B78,0.05102978515625,0.0011756190191235388,0.001165822193964182,0.0031996689148441693,1,2,1
S035B81,0.00366752734375,8.418323114641087e-05,8.418323114641087e-05,0.13017569952006824,2,3,1
S035B82,3.7054687500000005e-05,2.507948910814943e-06,2.4797697095698318e-06,1.7529338306747377,1,2,1
S035B89,0.0002234763671875,1.171875000000001e-05,1.2500000000000006e-05,1.8223642216917817,3,4,1
S035B93,0.000386238671875,2.567187499999998e-05,2.567187499999998e-05,3.486902870625908,1,2,1
S035B97,0.6397235058593749,0.00474061394365155,0.004769000853493743,2.47891056383346,1,2,1
S035C10,0.002162625,0.0004866094269905131,0.0004894221982447932,0.40272536383871327,1,2,1
S035C11,0.0010276875,0.0003775240575943471,0.0003730825980932371,0.014659691047121538,1,2,1
S035C19,0.08771006510416668,0.0011386989437177086,0.0011251430039115606,2.6292316651192578,2,3,1
S035C2,1.8000000000000004e-05,2.1137691500093505e-06,2.1137691500093505e-06,0.9049773755656101,1,2,1
S035C21,0.002902125,7.781285297359716e-05,7.781285297359716e-05,21.317019436702004,5,6,1
S035C23,0.045484765625000007,0.0007995421052858914,0.0008131706638987227,2.709241976772726,1,2,1
S035C25,0.0007317187500000002,0.00012080661522139422,0.00011996768039346782,0.08734958371457406,2,3,1
S035C26,0.00013813125000000003,1.4823843559975416e-05,1.552974087235521e-05,2.900954441522571,1,2,1
S035C27,4.808437500000009e-05,1.1568267909494585e-05,1.2009804852605061e-05,2.064149673229038,1,2,1
S035C28,9.336249999999995e-05,1.483279226509272e-05,1.5047760268934634e-05,3.1026009196309645,1,2,1
S035C35,0.018348906249999998,0.0005077009812194389,0.000501150000816606,0.5004727095853361,1,2,1
S035C39,0.01828633984375,0.00045949652485161377,0.0004788622787725641,0.44893560888164086,2,3,1
S035C40,0.00302240625,0.0005080766140092702,0.0004941354874053571,0.4452868377135175,1,2,1
S035C41,0.685,0.1443354485571895,0.15287866825372087,0.028370702167058604,1,2,1
S035C69,0.00011789824218750002,5.767339684052778e-06,5.734194053684657e-06,1.6917397356033286,1,2,1
S035C8,5.9705729166665726e-05,1.849296889852034e-05,1.8333546752843428e-05,6.4938544298927,2,3,1
S035C9,2.1135039062500013e-05,1.4611153723812162e-06,1.4739353281479112e-06,29.182654833165692,1,2,1
S035DXE,0.7311734375,0.029044669639585408,0.028831105892235587,2.775983483253615,5,6,1
S035DXI,0.7440535714285715,0.021857074477429905,0.02159052478868073,2.9838986656150523,6,7,1
S035DXM,0.7860817708333334,0.04094584838539794,0.038866567022076914,0.8199887745293373,5,6,1
S035ETA,0.015525000000000011,0.021198884409216266,0.02047619516799299,3.7378144040041517,6,7,1
S035ETM,0.16874999999999996,0.12057386510268625,0.1242276185906464,3.5838146043056085,3,4,1
S035M,1776.9322798049927,0.09375,0.0849609375,7.676751873539744,9,10,1
S035R1,0.17330733593750003,0.0009848857801796063,0.0005001373102474782,0.08016792121279258,4,5,1
S035R14,0.4529189453125,0.019078125000000057,0.019142578125000087,0.6664778762638583,1,2,1
S035R2,0.1782409013671875,0.000521114832781916,0.0005175937866144786,0.3055342651015067,4,5,1
S035R20,0.09166061197916667,0.002733066790850891,0.002743999058014285,1.0738212738082793,2,3,1
S035R21,0.012112499999999998,0.001492294866883407,0.0014045128158902652,1.343568506193431,1,2,1
S035R23,0.01915265625,0.0007382939090349872,0.000752676257912293,0.4866478580459025,2,3,1
S035R24,0.8509158854166666,0.0037695312500000133,0.0036914062500000844,0.8745711764111688,2,3,1
S035R26,0.015296296875,0.0003890624999999988,0.00039375000000000174,0.6057541735323213,3,4,1
S035R27,0.00862930859375,0.00045166015625000035,0.0004589843750000006,0.49588068475962005,1,2,1
S035R3,0.1893166666666667,0.02005957352159221,0.020167420691063143,0.46160370493867764,2,3,1
S035R31,0.1483043619791667,0.0037500000000000033,0.003710937500000011,0.5993951096946767,2,3,1
S035R32,0.0013842708333333337,7.206078443114578e-05,7.337098051171209e-05,2.312713312492515,2,3,1
S035R33,0.0010739062499999998,6.718625089681906e-05,6.652104049190014e-05,5.934589554421057,5,6,1
S035R38,0.0008322000000000003,3.465626900124618e-05,3.51461102592142e-05,5.444180347285131,6,7,1
S035R39,0.00017339062500000002,2.6531470631467222e-05,2.6826264749594647e-05,0.3578815098949988,3,4,1
S035R40,0.0014283039062500003,2.8730422278599272e-05,2.8898436443971316e-05,13.034699606627983,5,6,1
S035R43,0.1221834375,0.0037123106012293683,0.00365430574808516,1.2510039266000372,3,4,1
S035R45,0.014190625,0.001206519157146915,0.001206519157146915,4.180452494402673,2,3,1
S035R46,0.0014826796874999998,3.45135093444656e-05,3.495599023349734e-05,0.40255013667270306,4,5,1
S035R5,0.9734365270996094,0.002595250442562036,0.0026082266947747845,5.422041643830655,3,4,1
S035R7,0.00684675,0.0002258789062499992,0.00022587890625000093,1.4998652024461872,3,4,1
S035R78,0.000180984375,3.2031249999999996e-05,3.749999999999999e-05,0.6282962831078497,1,2,1
S035R8,0.2546265766601563,0.0012460937500000102,0.0012375000000000025,0.058618771286495626,1,2,1
S035R83,0.05424999999999999,0.005175703124410368,0.005460082416960388,0.5429160552406349,1,2,1
S035R84,0.25731650390625,0.0015735013098406303,0.0015973422387776104,1.5957369644084953,4,5,1
S035R9,0.012043799804687498,0.0004456824121501779,0.00037604453525171173,7.210138408797141,3,4,1
S035RHE,0.74396875,0.010323147911974306,0.010108082330474777,4.258370161516273,11,12,1
S035RHM,0.7701856250000001,0.023234143828708698,0.02216415036291297,7.151232323420785,9,10,1
S035RHO,0.7488356770833333,0.007906613910728444,0.00828640759202981,2.7139617767676034,8,9,1
S035RVA,0.05966249999999999,0.04,0.020000000000000004,2.0460405912172135,1,2,1
S035S43,0.1352875,0.008824288782092626,0.008651263511855523,0.4299729414157441,1,2,1
S035T,2.902936131591797e-13,5.292686224009087e-16,5.245004366135381e-16,1.8721969571439976,5,6,1
S035XA1,1.0021179687500004,0.02756951994822887,0.027707367547970208,3.0209987966468823,4,5,1
S035XAL,0.996866884765625,0.006892379987057051,0.006892379987057051,4.577840512084601,9,10,1
S035XE,0.9949999999999999,0.04191690198909359,0.04191690198909348,0.6287436367688244,5,6,1
S035XI,0.9806729910714286,0.030961959879741596,0.031047965323852122,4.1622926676452074,6,7,1
S035XM,1.0576999999999999,0.06388965344547426,0.06338259270384339,1.5113107119624942,5,6,1
S035XPI,0.9944830729166667,0.023068159199903016,0.024071122643376963,1.404548595781377,2,3,1
S035XRH,0.9939170410156251,0.00855420812369767,0.008646852977022723,0.6605884899365047,3,4,1
S040A01,-0.016100000000000007,0.026882266459508208,0.025538153136532803,3.9897029755279285,2,3,1
S040A13,0.01451265625,0.002256575170528149,0.0021894151952148114,4.91533233322894,3,4,1
S040CP1,-0.025000000000000036,0.024989255503615942,0.024914882719379,1.3908275361593512,1,2,1
S040CP2,-0.025124999999999932,0.02218598696425573,0.022535372585740066,0.7503409861438681,1,2,1
S040DM2,339.7191469116211,0.2795630833606424,0.27676745252699675,0.00017143255366621773,1,2,1
S040M,5619.568200914384,0.1578786961363221,0.15722630483014655,9.475321724188493,7,8,1
S040PB1,7.123125000000012e-08,2.611452135267131e-08,2.7194445168007342e-08,0.0790337972757255,1,2,1
S040PB2,2.8228750000000034e-08,2.209456470071927e-08,2.8432447802120798e-08,0.7230097873383546,1,2,1
S040PB3,5.059999999999995e-08,6.951036598237638e-08,6.888414646902163e-08,0.2348336240440091,1,2,1
S040PB4,2.174875e-07,5.6336738679124825e-08,5.59846340623803e-08,0.2357827746542267,1,2,1
S040PB5,1.6957499999999998e-07,4.4028688268275726e-08,4.4028688268275726e-08,1.24656372907926,1,2,1
S040PB7,4.648437499999996e-08,2.713947834410306e-08,3.1627930531781645e-08,0.15520604051051826,1,2,1
S040R11,0.004282332284915685,0.000288488546134176,0.0002915905735119623,6.614181974088663,1,3,2
S040R19,1.0802031249999996e-06,2.757291137864356e-07,2.730258871806863e-07,1.045683244093412,1,2,1
S040R3,5.8402968750000006e-05,8.20663336434362e-06,8.296816148567175e-06,0.28112418865949995,1,2,1
S040R31,0.5080828125,0.023379746551836833,0.022675537318347816,0.07742239094489396,1,2,1
S040R5,0.03731883064148918,0.005542996294162959,0.006955916918165286,6.938236115170712,1,3,2
S040R6,0.1093432540552956,0.020499234420905024,0.024158201064055834,0.7272989379021945,0,2,2
S040TR,0.9696346028645833,0.006014388316469721,0.006134676082799162,11.095927396137526,5,6,1
S041A03,-0.0056767499999999995,0.001645836881158923,0.0016800234039129665,1.107613387748089,4,5,1
S041A09,-0.0072250000000000005,0.019481499332010987,0.019418452408606422,0.04954535459276976,1,2,1
S041A12,0.04062499999999998,0.05280061464818911,0.05318322779781366,0.9942442404979742,1,2,1
S041ABE,0.010500000000000065,0.03156752744613522,0.0317285862596359,5.017570894398715,1,2,1
S041AC+,-0.11554687500000001,0.0203080392487774,0.020526405262205102,0.1470754139774644,2,3,1
S041AC0,-0.58003125,0.21430424537458737,0.21601099113474664,1.0810009853468174,2,3,1
S041AC1,-0.0010000000000001067,0.09013079146613825,0.08817142643426569,0.4269862258396885,2,3,1
S041AC3,0.003150000000000003,0.0644501419764243,0.06588236735367818,2.033883603581925,1,2,1
S041AC4,-0.7510937500000001,0.16309005421450884,0.16398615341348943,0.9166099245612029,1,2,1
S041AC5,-0.05424999999999994,0.05323821805177295,0.053519901745168595,0.1756326228360381,1,2,1
S041ACA,-0.001774999999999971,0.06681691402631523,0.06551189617423876,0.9155250223833319,1,2,1
S041ACB,-0.002812500000000019,0.013744229302195453,0.013996416995813717,0.7532199311604901,1,2,1
S041ACC,-0.01580000000000001,0.016336219584484654,0.016336219584484654,2.31904551811455,1,2,1
S041ACD,0.07992500000000002,0.04619358956917244,0.046193589569172466,0.04940228709104165,1,2,1
S041ACE,0.06615,0.0857784725330176,0.08433681753246268,1.0214592379503389,1,2,1
S041ACF,0.007199999999999998,0.01620385446258328,0.01629540166293686,0.0016089664673914696,1,2,1
S041ACG,-0.01300000000000005,0.010803135515626661,0.010803135515626661,3.5501227122922656,1,2,1
S041AD+,0.08128124999999999,0.055928988528423255,0.056488278413707474,0.004151803003460776,1,2,1
S041AD1,0.06650000000000006,0.09702609185162515,0.11643131022195014,0.045890819502074694,1,2,1
S041AD2,-0.0031849999999999995,0.003559366018871736,0.003537529417528964,0.7970208915841583,2,3,1
S041AD3,-0.008780624999999993,0.002430679560328757,0.0023823421827085826,0.7509204553936953,2,3,1
S041AD5,0.0006906249999999943,0.00234375,0.002197265625,0.9783179687500003,1,2,1
S041AD6,0.012100000000000007,0.00755859375,0.007470703125000002,0.5550074925500211,1,2,1
S041AD8,0.016528125000000067,0.007432617187500001,0.0075585937499999985,5.15856163473895,2,3,1
S041AK2,-0.2715000000000003,0.1128637578863928,0.11345777766474219,5.816419594594595,1,2,1
S041AKG,0.013774999999999999,0.01815132828152775,0.021646304534492723,0.035742751096721204,1,2,1
S041AP2,0.07871875000000003,0.0898272451084616,0.09126130334529112,0.09936312392664606,1,2,1
S041APK,-0.134125,0.10104281101693052,0.0998813993960462,1.3030013070196893,1,2,1
S041AS1,0.013493749999999933,0.02631310461803952,0.02795084971874737,2.262209364854453,1,2,1
S041AS2,0.03172499999999996,0.01766142710176086,0.01746875698792348,0.49165798884203527,1,2,1
S041AS3,0.000199999999999834,0.02412927650932123,0.024309345737002733,0.5036513936044217,1,2,1
S041AS4,0.02362500000000005,0.013258252147247771,0.011048543456039811,1.2772365349264705,2,3,1
S041AW3,-0.008775000000000005,0.032854827609738346,0.032854827609738346,0.0066531933699029745,1,2,1
S041AW6,0.20537500000000003,0.11268949020921729,0.11268949020921731,1.9481224204738032,1,2,1
S041AX0,-0.009316666666666668,0.031335728357644754,0.03149319432929121,2.5826046594515684,2,3,1
S041AX1,0.0017864583333333682,0.002061749870987647,0.0020617498709876473,8.610076034915249,5,6,1
S041AX2,0.012410000000000018,0.014304344018951025,0.013052713917292812,7.098241170899925,4,5,1
S041AX3,0.02662625000000013,0.011679687499999999,0.011735839843749998,2.620293921957211,4,5,1
S041AX4,-0.0030749999999999775,0.013945312500000001,0.013769531249999998,4.328200276541199,4,5,1
S041AX5,0.003999999999999969,0.011250000000000001,0.010341796874999996,0.7581247520441037,3,4,1
S041AX6,-0.04280000000000002,0.044921874999999986,0.04760742187499999,1.561385747236917,3,4,1
S041AX7,0.0166875,0.009695313286915764,0.009524816624435661,6.7997472415476405,4,5,1
S041AX8,-0.00599999999999999,0.08165632325149796,0.08948638164547722,0.013272315815941668,1,2,1
S041AX9,0.017708906250000003,0.008845361407774305,0.008845361407774303,3.3833563297371376,3,4,1
S041AY1,-0.024999999999999998,0.035631552645728384,0.03590776623212937,0.05970588235294114,1,2,1
S041AY2,-0.017953750000000004,0.004421352719576967,0.00446013651536273,1.230172634553158,3,4,1
S041AY3,0.1319231249999998,0.008143729483753526,0.00810109215661342,8.896840421591074,4,5,1
S041AY4,-0.13773593750000002,0.044931928222903206,0.04550068680800323,0.6906428124406845,1,2,1
S041AY5,0.07650000000000003,0.005389605881926801,0.0055747757802444425,2.7976286532981227,2,3,1
S041AY6,0.014522265625000011,0.003972170339629362,0.003972170339629362,3.2928892741739744,3,4,1
S041AY7,-0.035953125,0.003905660111710063,0.0038028709257792587,0.964390284141867,2,3,1
S041AY8,0.0252,0.03271066904333654,0.03127001312284862,0.13963385288013078,1,2,1
S041AY9,-0.05062500000000004,0.05442484796000784,0.054208015896422164,0.055630611054766736,1,2,1
S041AZ2,0.034125,0.06233543960902176,0.06286670756023503,0.04306941155196051,1,2,1
S041B03,8.520937500000004e-05,1.7922795452503368e-05,1.850095014451961e-05,2.0979266041254894,1,2,1
S041B04,0.22955624999999996,0.020039062500000038,0.02015624999999996,0.13055303329722828,1,2,1
S041B06,0.19298125,0.02201171875000002,0.021875000000000006,0.0665160893278301,1,2,1
S041B07,0.07887585937500001,0.0012053803941209779,0.001192278433315333,12.382909304390251,3,4,1
S041B14,0.0003611996462614661,2.3531899698033822e-05,2.40677304311959e-05,19.648274642879738,1,3,2
S041B16,1.1899999999999996e-06,1.7981952626724806e-07,1.806966946880638e-07,1.0403692962153306,1,2,1
S041B18,2.6998593749999995e-06,4.618103494164299e-07,4.6666375586192213e-07,3.474418393255598,1,2,1
S041B21,2.3557187499999998e-06,2.1484374999999972e-07,2.153320312500002e-07,2.996416217133222,2,3,1
S041B22,1.9346354166666667e-05,1.622806747429266e-06,1.6258028834606997e-06,0.6601648426310953,2,3,1
S041B23,7.0328125e-06,1.0309623178279844e-06,1.023765453180071e-06,8.009549499423136,1,2,1
S041B24,7.0361153334153e-05,2.4941337424043652e-06,2.550979396256838e-06,1.91321330299286,2,4,2
S041B25,6.469062500000002e-06,3.986205634142076e-07,4.0516682520907335e-07,2.0961216798670144,2,3,1
S041B30,1.3785078125e-05,2.476420047164858e-06,2.6221683015326255e-06,0.030896641301261293,1,2,1
S041B31,0.0003824677378445512,1.788057365333421e-05,1.8182610370451335e-05,2.0129032750404643,1,3,2
S041B32,0.0028405687500000004,0.00016190913131438386,0.00019189230378001063,4.645664419127946,4,5,1
S041B33,0.0010603906249999997,0.0001074360786064352,0.00011005647076756803,7.0298670609431255,3,4,1
S041B36,0.00038369531250000003,4.164449534223665e-05,4.149195140325414e-05,0.002946358828256817,1,2,1
S041B40,0.0011103749999999998,8.431223251266409e-05,8.592329428042198e-05,1.9072891645596302,1,2,1
S041B41,0.00015086507836837426,1.4321533222173393e-05,1.4808660202519415e-05,6.414114292482766,4,8,4
S041B42,9.832499999999999e-07,2.4397785276990174e-07,2.453140550308994e-07,0.3957968574832622,1,2,1
S041B43,5.014479166666665e-05,3.863440839134552e-06,3.8101995437912525e-06,1.5126888610762894,2,3,1
S041B46,0.5820343207479517,0.021764022994489873,0.02239792657685369,0.3232133739368186,-1,4,5
S041B48,0.0004193759714043483,2.80295161046132e-05,3.121468838922833e-05,0.023193937204365588,0,2,2
S041B5,2.3729062500000004e-05,4.883322239018015e-06,3.0087566053304563e-06,0.017561150629063795,1,2,1
S041B55,9.142031249999999e-07,2.927952611320857e-07,3.057419903658174e-07,0.47941304336495455,1,2,1
S041B57,0.0005321265624999999,4.5596162226284125e-05,4.468423898175856e-05,0.11602561940227428,1,2,1
S041B58,0.0008113281250000002,0.00013570292260347606,0.00013836376422315185,0.08767919256192777,1,2,1
S041B59,9.3909375e-06,9.177324330127571e-07,8.576381818911731e-07,0.5451921950207138,1,2,1
S041B60,5.095499999999999e-05,2.937583032611396e-06,3.547270077115645e-06,0.858269494979067,1,2,1
S041B62,5.246765625e-06,4.3089319478555197e-07,4.2122571926151645e-07,0.18462335685581419,1,2,1
S041B64,0.00037128956812353716,3.496625486820043e-05,3.4318731629900414e-05,1.434456526782442,0,2,2
S041B66,0.0007218757812500001,5.3216832393520024e-05,5.3216832393520024e-05,0.02993067158976373,1,2,1
S041B67,0.0012296046875,0.0001459217737779391,0.00013928896587894193,0.5626657613890219,1,2,1
S041B77,0.0003774282020907402,2.9058032597161236e-05,2.980953344019127e-05,0.030575392093531075,0,2,2
S041B84,2.5757291666666667e-05,1.1547794702885932e-06,1.1769867677941407e-06,3.2353858036030494,2,3,1
S041B85,2.3327500000000003e-05,1.139531695900514e-06,1.1659550994550771e-06,0.22964804153678559,1,2,1
S041B90,5.92396875e-06,3.701806199765862e-07,3.701806199765862e-07,2.1997238489027144,1,2,1
S041B96,0.08299296874999999,0.003511325495917636,0.0034545503324264343,2.0129590104968846,2,3,1
S041B97,0.08883560823307038,0.007464797757903846,0.007693980145207904,0.00400355979181389,0,2,2
S041C03,0.0005635500000000006,0.00013353370361073643,0.00011103016596360768,2.807213545096702,1,2,1
S041C05,0.0017085,0.00032015621187164245,0.00032015621187164245,3.1912096215925403,1,2,1
S041C06,0.0008973645833333318,0.0002253469547164994,0.0002056290961788053,13.921819295710625,2,3,1
S041C07,0.001588623046875,0.00010107421875000014,0.00010156250000000009,2.325872336314394,3,4,1
S041C09,0.0397,0.003132091952673166,0.00290371024779075,0.004817237287645184,1,2,1
S041C1,1.4590416666666665e-05,1.2187499999999991e-06,1.1953124999999994e-06,1.0166516148047737,2,3,1
S041C10,9.674218750000001e-06,2.131252291054488e-06,2.1661908532029223e-06,0.11186419217880467,1,2,1
S041C18,0.49740654296874975,0.007042303933043836,0.007009549031029572,8.612099150906605,5,6,1
S041C19,0.5606156250000001,0.028999006583200315,0.02934839220468466,0.37361771806460975,1,2,1
S041C3,0.00018510937500000003,5.759983186697266e-05,5.8247020989073476e-05,0.4821612344362526,1,2,1
S041C32,0.001450609375,0.00012845006876609916,0.00012772039774444806,6.6089505009715985,1,2,1
S041C4,0.0009182918893125479,0.00016784740845886379,0.00014810065452252675,1.3557550747587157,-1,2,3
S041C5,0.003284881547292073,0.0010468822877544837,0.0011596234572049664,2.089087192161769,1,3,2
S041C52,0.43567968749999997,0.06599622126078974,0.06561693263285429,0.008290306260931427,1,2,1
S041C59,3.857609375e-06,1.6422313564552958e-06,1.6422313564552954e-06,6.389747071228767,1,2,1
S041C6,1.0493578125e-05,3.724064979715639e-07,3.735453557635267e-07,0.05651569367682262,1,2,1
S041C78,0.0006071390625,0.00010505125702038273,0.0001031753417164473,0.010221130139699268,1,2,1
S041C8,4.215875e-06,3.6872651623447694e-07,3.7189315623350744e-07,9.85841965821929,2,3,1
S041C81,0.0020480625000000004,0.00019060612419352684,0.0001958835402174593,0.08417200928395038,1,2,1
S041CKK,-0.11494570312500002,0.007595730809705437,0.007442796632328816,1.899184185559688,3,4,1
S041CP1,0.017999999999999995,0.06438201569780569,0.06398944243135568,0.023669190448456605,1,2,1
S041CP2,-0.14368750000000002,0.05095466932888498,0.05151053844883649,2.0157827397710215,1,2,1
S041CP3,-0.37,0.0797232035518538,0.07927782252642446,0.015889029003783132,1,2,1
S041CP4,0.0022875000000000534,0.013255288274357827,0.014113189891241811,1.3183692470470012,2,3,1
S041CP5,0.026249999999999996,0.10612588252586894,0.10136632112165883,0.186021946241927,1,2,1
S041CP6,-0.0010000000000000286,0.045350199834179344,0.04440540400430061,0.3830981432360742,1,2,1
S041CP7,0.0035406250000001587,0.01951968407547238,0.019519684075472384,7.743264476036657,2,3,1
S041CP8,-0.3915000000000003,0.12830827212347806,0.1311595670595554,2.570733299623928,1,2,1
S041CQ0,0.40552083333333333,0.06263717855790851,0.06137101654986077,2.178916554718422,2,3,1
S041CQ1,0.06037499999999997,0.15422452813390286,0.1555495285198702,0.1776389288991853,1,2,1
S041CQ2,0.11362499999999985,0.10692717232431809,0.10596377111700565,0.23237790121939403,1,2,1
S041CQ3,-0.12265625,0.07351944397625793,0.07394196951635133,0.22477998626184742,1,2,1
S041CQ4,-0.0212625,0.02119669792802072,0.021067692238353967,4.7981018091667105,3,4,1
S041CQ5,-0.07815000000000011,0.044657168465012415,0.04825855301864246,2.1844604438096717,2,3,1
S041CQ6,0.159458333333333,0.021505813167606552,0.021572281097917728,4.286257022657477,2,3,1
S041CQ7,0.061999999999999986,0.030749160382973262,0.031922691420666005,0.8829581045806738,2,3,1
S041CQ8,0.038474999999999974,0.14108615791451026,0.14210852137765886,0.07648120107229041,1,2,1
S041CQ9,-0.19780729166666616,0.11993304769055407,0.11920618073485376,4.760651324230184,2,3,1
S041CR0,-0.6704999999999999,0.1916539850877097,0.19291101742651007,0.44981120419870413,1,2,1
S041CR1,-0.018416666666666616,0.07605459721681854,0.07535038798332946,1.1382956989728403,2,3,1
S041CR2,-0.08400000000000012,0.13640868858788147,0.14057030186218214,0.22151234406265902,1,2,1
S041CT4,-0.10926666666666668,0.04887390432080879,0.049894367215060076,0.01657154778225893,2,3,1
S041CT9,-0.0810000000000001,0.07443956153506817,0.07170504702969835,0.20684856587262998,1,2,1
S041CTB,0.102375,0.07808221484685629,0.07808221484685629,0.0361485514754642,1,2,1
S041CU1,0.01092499999999998,0.01693765945641039,0.01719823883266285,0.21251612868074388,1,2,1
S041M,5279.421358685302,0.08145608899394574,0.08602623260048858,0.7520097492873116,4,5,1
S041P00,0.0001242390624999995,2.5084087102807828e-05,2.5084087102807828e-05,10.48900193547993,1,2,1
S041P05,0.8201562499999998,0.1655294535724685,0.1338460815996132,0.6696469791965751,1,2,1
S041P06,0.48093749999999996,0.08210562104882041,0.08023897716840139,0.31751025746415296,1,2,1
S041P2,0.950112109375,0.016145708758786403,0.01582912623410415,0.00043018878953951327,1,2,1
S041P3,0.500265625,0.04906127150631556,0.04806002106741103,0.08434372304813424,1,2,1
S041PB1,1.3683749999999998e-07,5.1817668808826674e-08,9.899494936611665e-08,0.004778142550400386,1,2,1
S041PB2,1.1151562500000001e-07,4.818940052287335e-08,5.0164375954138644e-08,0.2087670334890053,1,2,1
S041PB3,2.3418124999999998e-07,6.720337748441297e-08,7.560379966996455e-08,0.18594161267373618,1,2,1
S041PB4,2.08203125e-07,5.546132212590253e-08,5.7838235931298296e-08,0.017084071020642383,1,2,1
S041PB5,8.5975e-08,3.131190158173186e-08,3.408180056780813e-08,0.4232968086924239,1,2,1
S041PB6,1.30425e-07,4.265344542062222e-08,4.208219391945316e-08,0.08820957297000184,1,2,1
S041PB7,1.7242499999999996e-07,3.272529106739242e-08,3.6127425287269923e-08,0.645343712464993,3,4,1
S041PB9,5.1381875000000006e-08,5.255496100066337e-09,5.300034202609274e-09,2.322915324806292,1,2,1
S041PBA,5.9961484375e-08,5.435164728414402e-09,5.929270612815724e-09,1.8183763151307066,1,2,1
S041PBB,1.025839453125e-07,7.555426702460292e-09,7.473302499172676e-09,0.618920190756827,1,2,1
S041PBC,5.8262109374999996e-08,5.078124999999998e-09,5.001953124999996e-09,0.6651595787952312,1,2,1
S041PBD,3.953953125e-08,3.6296378097384375e-09,3.6908114806890857e-09,1.884717544275999,1,2,1
S041PBF,1.259918749999999e-07,6.610487679686075e-09,6.2033848936277096e-09,10.760352669384378,4,5,1
S041PBJ,-0.002742187499999947,0.01755662747958819,0.017849468216868537,3.4326606446931485,1,2,1
S041PBL,0.03843749999999961,0.035698936433737075,0.03569065402067925,2.28972318353043,1,2,1
S041PBO,1.7820833333333324e-07,2.967788701270798e-08,3.136424429685019e-08,2.1678709427633,2,3,1
S041PBP,0.9579849609374994,0.05165711017130159,0.04718201864376692,1.744031791424524,1,2,1
S041Q01,0.00035669375,2.4374999999999983e-05,2.4374999999999983e-05,0.09829025300737597,2,3,1
S041Q02,0.0006409687499999999,0.00013666829984355878,0.00014022325561983647,0.06388853663926683,1,2,1
S041Q03,0.0007432617187500001,9.977790583673353e-05,9.920115493594313e-05,0.3319888608457074,1,2,1
S041Q04,0.00019794062500000002,3.125e-05,3.0078124999999994e-05,0.20217966515670363,1,2,1
S041Q05,0.00034825000000000014,5.875210697372938e-05,6.126678859517303e-05,2.2415833908624956,1,2,1
S041Q06,0.9443291492162309,0.10002163462260616,0.11123095574410535,0.810892799237812,-1,2,3
S041Q07,3.6483124999999995e-06,7.210926919683459e-07,7.908758557072188e-07,0.8086255189240408,1,2,1
S041Q08,0.00012355859375,1.4088699687793128e-05,1.4153624571147037e-05,0.26800688909818265,1,2,1
S041Q12,0.017248359375,0.0005922354404500341,0.0005900419758557776,1.3097578016067744,3,4,1
S041Q13,0.00043375000000000005,0.00010964876452792345,0.00011085812590139313,0.42956106738470023,1,2,1
S041Q14,0.000154740625,3.507681999242876e-05,3.484904843403637e-05,1.9608073808287552,1,2,1
S041Q15,9.379999999999995e-05,3.4627644902648325e-05,3.6077174224154526e-05,0.3794445492872915,1,2,1
S041Q20,0.012078267574310308,0.002825758237197499,0.002933958164090568,0.3589568751733853,0,2,2
S041Q21,0.0007250000000000001,0.00016369727763788455,0.00018967888349039584,0.022755653366637665,0,2,2
S041Q49,0.0036578203125,6.928502752444029e-05,6.928502752444029e-05,2.377156145002701,3,4,1
S041Q53,7.476359375000002e-05,2.881627281130144e-06,3.023346655611959e-06,2.038668464359482,4,5,1
S041Q54,0.0038216718750000004,0.00020701098072947255,0.00020111509836692352,0.35598732257693205,1,2,1
S041Q55,0.005425000000000001,0.00030014644862966407,0.0002738836343745693,0.7087734378865105,1,2,1
S041Q58,0.20375000000000001,0.045096467780193134,0.04541858540719451,0.041273136409736254,1,2,1
S041Q59,2.3385546875000003,0.17125242356861747,0.17677669529663742,1.0961620356723305,1,2,1
S041Q60,2.576171875,0.17087616372706282,0.16846945719569595,1.0633418555808118,1,2,1
S041Q63,0.011850781249999909,0.008143248737451165,0.004135243499486919,2.806138850097522,1,2,1
S041Q67,1.7916875000000001e-06,4.2704031874975294e-07,4.222817050014198e-07,1.292578580417418,1,2,1
S041Q71,0.09524374999999999,0.0175671840951033,0.017346213225982496,0.4465650998485333,1,2,1
S041Q74,0.00039254296875,5.369089228223444e-05,5.2277974064280936e-05,0.7664005777891083,1,2,1
S041Q77,0.00044223437500000014,9.636739334189604e-05,9.706068394147816e-05,0.3797801604591156,1,2,1
S041Q88,2.4393984374999955e-05,6.866187533850206e-06,6.866187533850213e-06,7.012358543832645,3,4,1
S041Q89,0.013088867187499997,0.0016620770138594653,0.0015841671538348034,1.0771494196550886,1,2,1
S041QD0,0.00427634375,0.000653820955645363,0.0006444134598806821,1.116159363761247,1,2,1
S041QD1,0.003881250000000001,0.0012325367047336263,0.0012121641972173674,0.25854971618550526,1,2,1
S041QD2,0.0025712499999999893,0.0009562500000000001,0.0009496093749999995,7.980855315888865,1,2,1
S041QD3,0.0013337499999999793,0.001620947265625,0.0017484374999999998,0.161431595533123,1,2,1
S041R02,0.0004902012296440397,7.415998674520038e-05,7.346036422873638e-05,1.7998023920776853,0,2,2
S041R04,1.824204716466414e-05,3.0580035375054853e-06,3.397781708339428e-06,1.6837842165972998,0,2,2
S041R05,1.1597899579619069e-05,3.0925806180691658e-06,2.7301688268891863e-06,0.6824167276369388,0,2,2
S041R1,0.004626299676646553,9.908062790069116e-05,9.876534499683905e-05,5.12266559764966,6,8,2
S041R10,4.4975820312500006e-07,2.0837081826263983e-08,2.0785508257332236e-08,8.577151169320015,2,3,1
S041R11,5.6030078125e-07,5.502823538378389e-08,5.797633036690494e-08,0.23264598081794807,1,2,1
S041R13,2.0538437500000002e-06,4.172848248631084e-07,4.535019983417937e-07,1.1743168772476595,1,2,1
S041R14,0.0010729687500000001,5.5183589740611695e-05,5.427397012950242e-05,0.13095933738673093,1,2,1
S041R15,0.0051722524651739606,0.0003010398644698077,0.00014993196374961121,6.02150468019718,6,8,2
S041R16,5.315830078125e-06,2.626459351828347e-07,2.6681717757670713e-07,2.1394360677488375,3,4,1
S041R19,0.000810308758752283,5.204512588244956e-05,5.1713628265363885e-05,12.37271130750051,3,5,2
S041R2,0.0013498437500000003,0.00022027509655896766,0.00021957338410722913,1.699345863334595,3,4,1
S041R20,0.0006396328125000001,3.3628366067867924e-05,3.493856214843423e-05,5.731551962832445,5,6,1
S041R21,1.6244374999999997e-06,2.0082915284592643e-07,2.1223990016671743e-07,0.0388526803485649,1,2,1
S041R25,0.00972020833333333,0.000519281542433872,0.000522043678297883,4.578675490031201,2,3,1
S041R26,4.38221875e-05,6.3639610306789256e-06,7.159456159513791e-06,0.005426134906438645,1,2,1
S041R28,1.3775000000000006e-05,4.012462275913009e-06,4.0129493152831195e-06,0.2304534342183069,1,2,1
S041R3,0.0010149891174439135,2.022038086145158e-05,2.0028415220361842e-05,10.75061139749537,5,9,4
S041R32,1.627265625000001e-05,1.7555410671575214e-06,2.0698383891094624e-06,1.0904033255179726,1,2,1
S041R35,2.269641620213437e-06,6.78917515774264e-07,6.353173083392199e-07,22.3397417266476,0,2,2
S041R39,0.009334876780772806,0.0006126836772485586,0.0006092025199914645,8.764354940414604,4,6,2
S041R4,8.295052083333334e-06,1.2800482645472055e-06,1.184151999382513e-06,0.31232468491608284,2,3,1
S041R41,1.0616406249999998e-05,1.3513999179670125e-06,1.2612513646703472e-06,0.15567634786666468,1,2,1
S041R43,2.399945312499999e-05,1.982941165053189e-06,2.0132374425288236e-06,0.6711067745835371,1,2,1
S041R46,6.886406250000002e-06,5.031638183782683e-07,4.90094290244314e-07,1.9635297406198369,2,3,1
S041R47,4.0218281250000005e-06,2.648437500000005e-07,2.7343749999999987e-07,1.0386165982128508,2,3,1
S041R5,2.3969125000000002e-05,6.203800577806442e-07,6.315139067772959e-07,1.60760991368659,3,4,1
S041R6,1.0046703125e-05,8.628848778950766e-07,7.858415852258738e-07,0.38999683654820594,2,3,1
S041R65,0.001424992897861196,8.335704726994322e-05,8.146256892289905e-05,2.395105431836725,4,7,3
S041R66,0.00066740625,0.00010797192272156409,0.0001088497432314955,1.638857094287936,1,2,1
S041R67,0.0004338755859374999,5.3722743730842074e-05,5.429426228117018e-05,1.5718446602623515,1,2,1
S041R68,0.0228803125,0.0008254235307567602,0.000831974511159593,1.3188504573506192,3,4,1
S041R69,0.05585021484375,0.0017562503909724844,0.0017562503909724844,4.709522211074036,3,4,1
S041R7,3.7482812499999997e-06,4.6754734391163835e-07,4.76583913453339e-07,0.12445585393524411,1,2,1
S041R76,9.984843750000001e-06,1.1490291975941363e-06,1.1586782989210707e-06,3.017885026997785,1,2,1
S041R8,8.847265625e-06,4.965764138233155e-07,5.161484159782866e-07,3.7282419386965926,3,4,1
S041R80,3.401351562500001e-05,1.0133688883650637e-06,9.931015105977677e-07,2.0253516255497432,1,2,1
S041R81,1.550140625e-06,3.2072541268854633e-07,3.5340144046820213e-07,0.2737009331804005,1,2,1
S041R82,9.590302083333332e-07,1.0495587477631996e-07,1.049549143361666e-07,0.777112535846335,2,3,1
S041R9,3.917919270833333e-05,1.2446453925769703e-06,1.2573712256079369e-06,3.071146762137338,2,3,1
S041R90,0.0004767098834892121,2.2212855934807593e-05,2.2494031326387412e-05,8.356146486230283,4,6,2
S041R93,0.0014512500000000007,0.0004609772228646443,0.00046998068424871937,1.7194088488843815,1,2,1
S041R95,0.0002956132812500001,5.54782774058101e-05,5.591511423577711e-05,1.2661199644981898,1,2,1
S041R97,1.32210546875e-05,4.299626804391682e-07,4.3891568698970345e-07,1.8412271943271636,3,4,1
S041R98,7.2386718749999996e-06,9.905252207857684e-07,9.519716382329876e-07,0.5152574173188343,1,2,1
S041R99,6.7981249999999985e-06,8.791914467837237e-07,8.646593567542395e-07,0.7271639370921937,1,2,1
S041RA0,0.0747796875,0.007661033661822553,0.007556801911321562,2.7719127817702303,1,2,1
S041RA1,4.7087304687499993e-07,2.3048861143232248e-08,2.05278919556913e-08,10.252608338869443,2,3,1
S041RA2,1.0097999999999996e-06,1.0077512264107024e-07,1.004980468749999e-07,2.475133320250633,2,3,1
S041RA3,2.7096875e-06,3.436541059426613e-07,3.3520359514079276e-07,1.5585698443729479,1,2,1
S041RA8,1.47280390625,0.04243463781308976,0.043421489855254736,1.3808413564796411,1,2,1
S041RA9,0.10365625,0.00830097885794201,0.007460998854459777,3.5037849976844395,1,2,1
S041RB0,2.55559462890625,0.05469860727047049,0.05521954638733195,1.3988936329276735,1,2,1
S041RB1,0.08049062500000001,0.004240234374999999,0.004265624999999995,1.0370417119313975,1,2,1
S041RB2,0.06580664062499997,0.006362061778867362,0.0064436266734682335,3.4948232810188613,1,2,1
S041S06,7.873906249999998e-06,9.019753712338824e-07,9.379576519677029e-07,0.11088320949092698,1,2,1
S041S07,9.192187499999999e-06,1.5055338189752245e-06,1.7003676073131953e-06,0.052072984288858315,1,2,1
S041S08,3.9276875e-05,4.325767634189331e-06,4.754077197522147e-06,3.794593828216403,2,3,1
S041S1,0.10379203125000001,0.0033657280044590704,0.0029660478039295474,6.769885467137356,4,5,1
S041S10,0.039812499999999994,0.005278020288796294,0.005339037864389308,0.141621266156999,1,2,1
S041S12,0.33441396985872684,0.04261338830246569,0.043546528192300704,1.9430777201063185,0,2,2
S041S14,0.06844467135535345,0.009028207415257575,0.00998311396879445,0.6233497253553754,1,3,2
S041S17,0.25732968749999996,0.041383607090139135,0.041102085953471534,0.06292562835686318,1,2,1
S041S18,0.57763125,0.05041938375082056,0.0505994529785021,0.24150651265257758,1,2,1
S041S19,0.0918375,0.03491942804626281,0.03470907004598413,0.03954069297122531,1,2,1
S041S2,0.10333333333333333,0.005176492064987354,0.005150215455520413,0.8528870111580535,2,3,1
S041S20,0.42231562500000003,0.04873127895744295,0.05013969742442104,0.39322032562963183,1,2,1
S041S23,0.639975,0.03894611568254014,0.03811747492333728,0.016019437365879824,1,2,1
S041S31,0.002715625,0.000590625,0.0005851562499999993,0.004227679543616212,1,2,1
S041S33,0.024672265625000002,0.0025769410160110355,0.00235145867711007,0.04001099642585313,1,2,1
S041S34,0.024984375,0.004087961078734728,0.004198446513295127,0.48001464843750025,1,2,1
S041S36,0.569109375,0.07571477432298968,0.07482401227213109,0.017421587665264263,1,2,1
S041S41,0.009807187499999998,0.0017464388990528698,0.0017605230837226503,0.0007308312049278929,1,2,1
S041S46,0.02444765624999956,0.010655837747424719,0.01077556626144073,17.098971767178767,1,2,1
S041S47,0.00011904572725296021,9.087426992592749e-06,9.059805633952625e-06,0.9808480371368108,3,5,2
S041S48,0.00014226875,9.663607760117656e-06,9.492203776027705e-06,17.419655283318832,3,4,1
S041S49,0.008117448540239627,0.0016502246628864571,0.0017508481179405108,1.5089533503511694,1,3,2
S041S50,0.0070028691761597674,0.0009543095079923951,0.0009689911927307417,3.471923743905672,2,4,2
S041S51,0.016308262233752202,0.002237209683453995,0.0023599833855947605,4.492481277825253,1,3,2
S041S57,0.00010957031249999989,2.093764575508968e-05,2.0615528128088305e-05,4.166188514554518,3,4,1
S041S6,0.82521484375,0.04676500767008196,0.049882674848087394,0.057713611309345055,1,2,1
S041S7,0.009056733060861834,0.0011784331482541047,0.0011653394466068362,0.07655915953225645,0,3,3
S041S71,0.00018038046875,2.2120570887119274e-05,2.1885245664915925e-05,0.4183926818873944,1,2,1
S041S72,0.000145275,2.4353006153068806e-05,2.4052351756117336e-05,0.5340486100044125,1,2,1
S041S8,0.536,0.0632387974886659,0.06323879748866601,0.04915718958359551,1,2,1
S041S9,0.08036718749999999,0.005197111119579587,0.0053319611373595505,0.021803859066678484,1,2,1
S041S92,0.010317890625000003,0.0013124404748406683,0.001209906062743741,0.15086280742950922,1,2,1
S041S95,0.10764791666666668,0.002802945631193321,0.0027607325945789712,2.5896428615564324,2,3,1
S041S97,0.03845916666666666,0.00042187499999999517,0.0004248046874999953,13.284459925757353,5,6,1
S041S98,1.3874374999999994,0.0876963477806374,0.09043685864878226,0.8202676717884586,2,3,1
S041S99,4.095273437499999e-05,3.7483883255423885e-06,3.778137439237173e-06,1.8531508122663363,1,2,1
S041T00,1.0694814480784947e-06,2.940218987645733e-07,2.982823242679714e-07,0.5998853486038136,0,2,2
S041T03,3.7154784508550728e-06,2.249403132638745e-06,2.2212855934807615e-06,1.480017042855006,1,3,2
S041T10,3.475159375000001e-05,3.949950862530605e-06,4.107948897031831e-06,3.8430773674074152,4,5,1
S041T11,2.9046875e-06,9.980938864906445e-07,9.865600748307219e-07,0.7834294058919459,1,2,1
S041T94,0.188,0.07911168685208295,0.08261902341710109,0.0010302171157206238,1,2,1
S041TAV,1.5372291666666667e-12,2.0926511927301017e-14,2.0851345159742173e-14,4.545998382459918,8,9,1
S042A02,1.801775e-07,1.3462912017836255e-08,1.3834964763236659e-08,1.0627329164757104,2,3,1
S042A04,1.028010546875,0.07530407110508697,0.07601173696738739,0.004495294217906215,1,2,1
S042A05,0.9156367187499994,0.0936457753985731,0.09934362528008056,0.7487306018772549,1,2,1
S042A34,0.64659375,0.13619168074599475,0.2300543414065469,0.06317624210082369,1,2,1
S042A47,0.5164039062500001,0.007031250000000044,0.006787109375000044,3.55706132958985,1,2,1
S042A48,0.5251656250000001,0.006785186749940442,0.006808664904784489,0.8423569055471468,1,2,1
S042A49,0.007556249999999976,0.008351080142758854,0.008384753853011913,0.5772066290198157,1,2,1
S042A50,0.22474218750000002,0.017862711917589147,0.01786271191758912,0.06901558668372468,1,2,1
S042A51,0.23523749999999996,0.019385300094961838,0.019065410654450915,2.997026204871352,1,2,1
S042A52,-0.018449999999999994,0.020251841896966473,0.020431061736762634,0.018739461939578383,1,2,1
S042AAP,-0.066625,0.05510864624199184,0.05645275956496725,0.008080340068842439,1,2,1
S042AC0,-0.08400000000000027,0.08343022118297796,0.0803963949581424,0.8703838907561611,1,2,1
S042AC1,-0.0007499999999999929,0.041140156929781284,0.04192627457812107,0.039910974499089244,1,2,1
S042AC3,-0.2657737500000002,0.04451336953423385,0.04478603463656969,3.25733913129426,4,5,1
S042AC4,0.013003125,0.013975424859373685,0.013844405251317058,1.2857184987819448,3,4,1
S042AC5,0.13124999999999995,0.052407843222651324,0.051709071979682636,1.1732242901322567,1,2,1
S042AC6,0.20475000000000002,0.10731751322603189,0.10689144610304416,0.005970058132045383,1,2,1
S042AC7,-0.0005000000000000143,0.06040431806274282,0.05954139923327508,0.5744086324436511,1,2,1
S042ACP,-0.08309907366071428,0.0037500000000000033,0.003164062500000009,3.1956928395004276,6,7,1
S042AKG,-0.006474999999999998,0.011363030812168082,0.011272848027944527,0.8760946185455131,2,3,1
S042B00,1.3872812499999998e-05,1.6257932634106835e-06,1.6651457191829446e-06,4.991482985566597,2,3,1
S042B01,3.3581250000000006e-05,3.95399323469325e-06,3.834011099785876e-06,3.9307205512933168,1,2,1
S042B05,8.1571875e-06,6.436999847834049e-07,6.142549402506368e-07,3.1262502286944684,2,3,1
S042B09,0.014754375,0.0016351844314938923,0.0017027665907281588,1.1911620632843434,1,2,1
S042B12,0.0004454765625000001,7.147723719913969e-05,7.323776028286236e-05,0.20986215771053315,1,2,1
S042B13,0.0003292187500000001,6.201137118504966e-05,6.201137118504966e-05,0.12956097065748684,1,2,1
S042B21,0.0007675140624999999,5.667515111498387e-05,5.594854661350977e-05,0.4039128031014678,1,2,1
S042B22,0.0013091312500000001,0.0001300845766042712,0.0001300845766042712,0.003718447803385049,1,2,1
S042B23,2.6689062499999996e-06,3.644344934278312e-07,3.3937962200466765e-07,0.4868629531193739,1,2,1
S042B26,0.00010847164003573354,8.650477982519972e-06,8.60722559260736e-06,4.179916309852358,1,3,2
S042B27,0.0001896750717403172,1.5760515589442015e-05,1.562464907573993e-05,4.30176553956344,1,3,2
S042B29,0.00010364062499999999,6.939330813110801e-06,6.853660062331666e-06,0.4804353773469973,1,2,1
S042B30,9.917578125000001e-05,1.0909344340761837e-05,1.077196334922157e-05,0.3625068774131563,1,2,1
S042B31,6.959375e-06,6.377603634987046e-07,6.559820881700965e-07,0.32990207633430535,1,2,1
S042B32,3.778468750000001e-05,3.1950083901738493e-06,3.1855485754517243e-06,0.08361685668943421,1,2,1
S042B39,0.00013188566088557244,2.3182641937713282e-05,2.558084627609744e-05,0.6361205831039065,0,2,2
S042B4,0.000206405881771265,8.366579160374872e-06,8.570642066725478e-06,0.8276238680322343,1,3,2
S042B43,0.0005298256562045239,4.814453125000001e-05,4.784809557753294e-05,8.531670245340099,1,4,3
S042B45,3.9793094904256346e-05,1.5305884352927616e-06,1.5666022808290625e-06,0.4652228839680811,0,2,2
S042B46,5.50109375e-05,4.521865281606694e-06,4.387994269980181e-06,0.10345446356411626,1,2,1
S042B47,4.433327192168307e-05,5.1971111195795865e-06,5.475130206785042e-06,0.6554175145518126,1,3,2
S042B5,0.00021644113106983104,7.960874180603012e-06,8.054531523904224e-06,0.9050829718757089,-1,2,3
S042B57,0.0011572796243112123,0.00016254780674989592,0.00016598962165499903,3.8924327598338384,-2,2,4
S042B58,0.0036528959083557133,0.000879375222103739,0.00103240873149406,0.7700276947791201,1,3,2
S042B59,6.0351289062500006e-06,4.889358112667375e-07,4.996214387226092e-07,1.1424058659762606,1,2,1
S042B66,0.008114885416666667,0.0006613570809151162,0.0006487598031833988,0.8787275479630623,2,3,1
S042B7,0.002460708333333333,0.00015332031250000003,0.00015332031250000003,2.7423693603356845,2,3,1
S042B75,0.00027637499999999993,5.850201151723331e-05,9.284014871213111e-05,0.8223971206767533,1,2,1
S042B78,0.0008048125,0.0002447059392497485,0.00024902936573826,0.011705086600004027,1,2,1
S042B83,0.00011613593749999993,4.594218726086624e-05,4.417518005852522e-05,1.0365711878996087,1,2,1
S042B95,0.29067499999999996,0.01730252702371099,0.017475552293948093,3.2648812135881187,2,3,1
S042B97,0.06003125,0.033836075494696666,0.03570721051569977,0.10152960986951001,1,2,1
S042BET,0.7097969531250001,0.010915509430613257,0.010946215835314188,9.315565321786192,9,10,1
S042C13,3.4309683388157884e-06,1.6808912837576673e-06,1.8324020592216367e-06,0.8232153658242853,0,2,2
S042C17,0.0818696484375,0.0020367881982549796,0.0020691181696558536,0.7167980198433557,2,3,1
S042C23,2.4881093750000003e-05,4.291160973442966e-06,3.915684388266703e-06,3.1208917023961154,1,2,1
S042CAP,-0.045375,0.11206360672905813,0.11001366270352658,0.1594627964634699,1,2,1
S042CC1,0.06022500000000001,0.06967547437973784,0.06814654547485333,0.6147260810923351,1,2,1
S042CCC,0.004606250000000281,0.009757442861355988,0.009375915482644631,1.1887822067474263,3,4,1
S042CD+,0.0040000000000000365,0.06296609650504016,0.06344131232771971,4.907086854276956,2,3,1
S042CD-,0.18974999999999995,0.3103047896826602,0.31224419461817676,0.3200134453324461,1,2,1
S042CDA,0.43250000000000005,0.10216270962675789,0.10280930905477531,1.7657739373121513,1,2,1
S042CDT,0.274725,0.06354450990746471,0.06419960794774782,0.8570200126556011,1,2,1
S042CEG,0.07199999999999998,0.29245267044963863,0.28920319633353164,1.8948749039145285,1,2,1
S042CEK,-0.0846875,0.03971626740987447,0.04005001755617593,2.254214790566008,2,3,1
S042CF1,0.28637500000000005,0.20126552735130776,0.20252343689725344,0.0024087487285504704,1,2,1
S042CHD,0.18194765625000006,0.015026019100214116,0.015026019100214116,1.9801333113867776,3,4,1
S042CJ1,1.69403125,0.5560333069903871,0.5446796336566226,2.718437539836443,1,2,1
S042CJK,0.0007285714285714174,0.009976932623322285,0.01013042389445032,5.708876052529265,6,7,1
S042CK2,-0.21125000000000027,0.19733731124172027,0.1999545169611065,0.7811201408495759,1,2,1
S042CKP,-0.0006666666666666644,0.07774129405450834,0.07718200416922408,1.9116589933315065,2,3,1
S042CKS,0.02100000000000002,0.2848773036326341,0.2816400615458996,1.9096097290023724,1,2,1
S042CLP,0.041,0.07259275619476868,0.07340840514077732,0.6760876852505292,1,2,1
S042CP1,0.1995,0.054798158132966734,0.04535019983417937,0.1614471153846153,1,2,1
S042CP2,0.12360937500000002,0.08151257152369965,0.08091758924980405,0.3542090424117358,1,2,1
S042CP3,-0.11162499999999999,0.09849235574715938,0.10085861159906677,0.14455782409377124,1,2,1
S042CP4,-0.07000000000000006,0.18295938443419368,0.18295938443419366,0.40477897000231894,1,2,1
S042CPD,-0.05940375000000027,0.07103063443643441,0.07428040202502945,24.456613695869507,4,5,1
S042CPI,-0.314001171875,0.03027905693812971,0.030601174565131117,0.8459449151523057,3,4,1
S042CPJ,-0.01980000000000006,0.08385852898728388,0.0883778509087543,1.3931784289535063,3,4,1
S042CPK,-0.03037499999999988,0.08284087072985924,0.08016858457728313,3.669238583604245,3,4,1
S042CPL,0.025000000000000036,0.11458578396112815,0.11571285724599166,2.128816408943582,1,2,1
S042CQ0,0.04575000000000003,0.11934227300081056,0.1169868334021104,0.5927813405578363,1,2,1
S042CQ6,0.01653333333333336,0.043039062677266746,0.0433131968344468,1.8187436930757719,2,3,1
S042CRH,0.26775000000000015,0.23337965732497984,0.23872422963013207,0.317649504724801,1,2,1
S042CRP,-0.029212499999999957,0.057912919543051875,0.057912919543051875,1.3862324511447592,1,2,1
S042CRR,0.005,0.10097184013377195,0.09339895212373905,0.0027960897002479146,1,2,1
S042CT1,-0.05250000000000002,0.10481706214215927,0.1036393423428092,0.18120317099277497,1,2,1
S042CU1,-0.034125000000000016,0.028681984763959417,0.02390165396996618,0.05107438568376069,1,2,1
S042CW1,-0.025999999999999968,0.14772816225864452,0.14744580323826825,8.810020283975659,1,2,1
S042CX1,-0.0925,0.11791764725096551,0.11791764725096547,1.7500542095061518,2,3,1
S042CX2,0.05599999999999994,0.0780031324882438,0.07994627101997942,0.4933069306930695,1,2,1
S042CX4,0.031999999999999994,0.0962417103554056,0.09959341171106653,1.8359406089290244,2,3,1
S042CX5,-0.14318750000000002,0.12388762864487313,0.12460790555559917,0.04027822974997386,1,2,1
S042CX6,-0.2508333333333336,0.19447902238782921,0.19811414430162044,1.2514675686294239,2,3,1
S042CX7,-0.04,0.1958679601479017,0.19899803950431896,0.0025771124722729637,1,2,1
S042DD,0.1466125,0.018792140145550223,0.01868028216849338,0.2793416701538336,1,2,1
S042DGS,0.0009333333333333312,0.009931640624999998,0.010019531250000002,4.3241394675381954,5,6,1
S042DM,0.325375,0.05458984374999998,0.05427246093749999,4.699219126758654,7,8,1
S042DT2,1.0685,0.03618366775908721,0.0363892567804458,0.0017122743682311764,1,2,1
S042EPS,-9.656250000000051e-05,0.0004243761209801771,0.0004218349466030502,5.406900746759967,7,8,1
S042GP1,0.8316718750000001,0.06489621665518885,0.0623565247719966,1.6839087193940279,1,2,1
S042IZ1,-0.0075199999999999954,0.004007122523234596,0.003991157891667923,1.0799338419437903,2,3,1
S042LAM,0.9662187499999999,0.026109805712523082,0.025904216691164716,0.7967327046277309,1,2,1
S042LD1,0.008333333333333331,0.05463038311933777,0.053091499087807116,5.406943812748468,2,3,1
S042LD2,-0.59475,0.08012232012142817,0.08171204869526616,6.399830676418418,2,3,1
S042LD3,-0.03912499999999999,0.01141330131065773,0.01136431718486091,0.2160024759878691,2,3,1
S042LD4,-0.009250000000000036,0.014982209909406928,0.014807998166274294,1.9354068514579819,2,3,1
S042LD5,-0.04575000000000007,0.023601184931604208,0.022737726946301613,0.2662900488512939,1,2,1
S042LD6,-0.022425000000000007,0.02115781936572151,0.021328446941251522,0.07866378910659573,1,2,1
S042M,5279.6256047534935,0.19863194828303676,0.19990523000342364,1.040760090639625,5,6,1
S042P01,0.7130807291666663,0.060846978664696794,0.05766160893540451,4.924589233134828,2,3,1
S042P1,0.5706960069444446,0.00725524170660885,0.007174925377753438,6.59442282433107,8,9,1
S042P12,0.6921250000000003,0.11516231857313675,0.11466251111447945,0.2036830057123491,2,3,1
S042P3,0.5735734375000001,0.014302532740026797,0.014372643194634716,1.2170387812347472,2,3,1
S042P4,0.4627486979166666,0.03291946849889893,0.02651846073522418,0.15084985200433376,2,3,1
S042P5,0.49686067708333326,0.017631516138101266,0.017418231668688833,0.009948466744631835,2,3,1
S042P59,0.00011419732501492458,3.52731225964371e-05,4.184929062182183e-05,3.614948417368213,0,3,3
S042P6,0.98961328125,0.01881840802568946,0.020456150702478526,0.009987135909159107,1,2,1
S042P8,0.17272500000000002,0.026166891506063328,0.026166891506063328,2.8994745039168226,1,2,1
S042P85,1.000576171875,0.019395579182413858,0.019727127544506784,0.07412866742045786,1,2,1
S042PAX,-0.0032541666666666682,0.0033776450918164835,0.003394966348697592,5.861691217884497,2,3,1
S042PB1,1.2368671875e-07,1.4410234078300265e-08,1.882153022471871e-08,2.6008726789921957,1,2,1
S042PB2,7.551984375e-08,7.298733002959244e-09,7.382626485751876e-09,0.8477397227582344,3,4,1
S042PB3,1.8619791666666662e-07,2.1347432881379436e-08,2.2059013977425404e-08,1.3045062051359246,2,3,1
S042PB4,1.4870625e-07,1.1265614164349875e-08,1.1413845929670268e-08,5.052724669465937,3,4,1
S042PB5,1.087734375e-07,8.71344204465863e-09,8.447788323784891e-09,3.7190105991263214,3,4,1
S042PB6,1.26578515625e-07,9.1768677621579e-09,9.124278262088245e-09,2.817117131026667,3,4,1
S042PB7,1.74e-07,1.0993855927929149e-08,1.1529725508983322e-08,1.4473920299021836,4,5,1
S042PB9,2.4049999999999997e-08,2.026391424930349e-08,2.2290305674233846e-08,0.049964743573846886,1,2,1
S042PBA,2.4374999999999972e-08,2.24285432157608e-08,2.271856748148184e-08,2.4319031427841855,1,2,1
S042PBB,1.0778906250000005e-07,2.6623125323709698e-08,2.72236469475528e-08,0.9057759631468424,1,2,1
S042PBC,2.7318750000000008e-08,1.4323367727864381e-08,1.4624459541963632e-08,3.320351643041237,1,2,1
S042PBD,3.138749999999998e-08,1.3133200563124358e-08,1.084010205210264e-08,3.2351476976604867,1,2,1
S042PBE,3.0800000000000004e-08,1.1336032396441185e-08,1.3923093731728587e-08,0.2348382844588785,1,2,1
S042PBF,9.118406249999999e-08,1.5380588415272022e-08,1.4899945027294783e-08,0.7443391273097578,3,4,1
S042PP0,0.21102421875000005,0.006104557723537407,0.006072763152060651,6.822453438525319,4,5,1
S042PP1,-2.924666666666667,0.03227692708615937,0.03294106138834385,3.1610829290829296,2,3,1
S042PP2,2.9571816406250004,0.024527766472408175,0.024527766472408175,9.901126555336841,2,3,1
S042PP6,0.734615625,0.05004949027763206,0.04988197128793448,0.29494960646995566,1,2,1
S042Q02,1.2380468750000002e-06,2.6340988141108165e-07,2.7987299899927415e-07,0.18736074833119726,1,2,1
S042Q03,5.405437500000001e-05,9.004784266097394e-06,8.931574637917741e-06,0.6787763256157313,1,2,1
S042Q09,0.009349588412841163,0.002073341660070253,0.0021681635457345555,0.23342816368481548,0,2,2
S042Q10,0.0010125000000000002,0.00022298906047999313,0.0002607421875000001,0.0033197344813450285,0,2,2
S042Q36,0.0036414062499999997,0.0002060907153411556,0.00020692509070690916,0.6326998146530362,1,2,1
S042Q37,0.005436914062499999,0.0002760146409726315,0.0002864962096171611,0.5688264761356957,1,2,1
S042Q41,0.224365625,0.014841334096162201,0.01511117653427424,0.40603540545415534,2,3,1
S042Q42,2.430577604166667,0.058433792078219415,0.058433792078219415,6.623801938309212,2,3,1
S042Q43,2.5256789062499996,0.05682217670615053,0.05682217670615053,5.533267967991753,2,3,1
S042Q44,-0.007091666666666666,0.029859825717752125,0.031850480765602276,0.20571667862954313,2,3,1
S042Q45,-0.01496250000000002,0.05805880807691888,0.05805880807691887,1.9964281341046761,2,3,1
S042Q46,0.05053125,0.05351990174516858,0.053801585438564226,1.8794291972052832,2,3,1
S042Q47,0.07513333333333327,0.050235173291734894,0.05247116023350351,0.8859645722704702,2,3,1
S042Q52,1.9475288784503945e-05,3.212315470223433e-06,3.2815038034282473e-06,0.08954205747431533,0,2,2
S042Q67,0.9123421875,0.04568537649498228,0.030785250486092375,0.049813419300144754,1,2,1
S042Q68,0.0293625,0.02597463456191444,0.024607966229518552,1.1010201230761543,1,2,1
S042Q69,3.9565,0.38363600836478096,0.38363600836478096,0.0039298380608011226,1,2,1
S042Q72,7.588515625e-05,7.550190641509964e-06,7.608719251134074e-06,0.3013752365794769,1,2,1
S042Q73,0.0001566,2.0859547635053433e-05,2.0531050821902985e-05,0.9889152348593413,1,2,1
S042Q75,3.2688086982187356e-06,3.063102904541903e-07,3.136033926078616e-07,2.3279889167105683,-1,2,3
S042Q76,2.8784296875000006,0.10318051595175426,0.10352217328934277,0.17234300807695763,1,2,1
S042Q77,0.13343749999999993,0.08566148857567209,0.08503162468908626,1.00001074739385,1,2,1
S042Q78,3.45915625,0.14407639575065678,0.14150360296939501,0.17561450499221895,1,2,1
S042Q80,-0.03135,0.038017265814363876,0.041811624879902205,0.1686405643916905,1,2,1
S042Q81,-0.9371250000000015,0.37689058755552085,0.3812226632745497,0.4106101173651281,1,2,1
S042Q82,0.07862499999999999,0.0878085119896245,0.08948638164547719,0.07577030487804878,1,2,1
S042Q87,1.0023125e-05,2.7054835267066876e-06,2.9003150308435827e-06,0.013146488343642727,1,2,1
S042Q94,0.26070351562500005,0.014773156561316114,0.014955541210221246,0.0098676038912795,1,2,1
S042R00,0.018440567943377117,0.0014583949498542768,0.0014646811349829578,5.2600677266561515,3,5,2
S042R09,0.00039680312500000003,9.36082261342453e-05,9.068296906755013e-05,0.0025900053471143132,1,2,1
S042R1,0.0008803769531249999,4.646828765741745e-05,4.7516444521870536e-05,0.27679292624800067,1,2,1
S042R10,1.9955144042968757e-05,4.2838723720484324e-07,4.2561493311333096e-07,2.5863325229782896,3,4,1
S042R11,7.497259374999994e-06,4.4175180058525256e-07,4.3543081062865245e-07,4.2996707719502325,4,5,1
S042R12,3.4072500000000003e-06,4.515300593883533e-07,4.674681774059137e-07,10.13919831876446,2,3,1
S042R13,7.333046875e-06,6.638915221065865e-07,6.853891600990257e-07,0.836889143289312,1,2,1
S042R14,1.0039583333333331e-05,5.248875088746689e-07,5.18269523186627e-07,0.559003079735702,2,3,1
S042R15,3.869999999999999e-06,7.499999999999996e-07,7.714146527038811e-07,3.6735206896551724,1,2,1
S042R16,4.1779375e-05,1.2027600019598431e-06,1.1819204859702976e-06,4.568668813994627,2,3,1
S042R17,3.4009739583333336e-07,3.393311732535072e-08,3.416573375885923e-08,0.7675125193121348,2,3,1
S042R18,2.49234375e-07,7.620071569392e-08,7.69281963112051e-08,1.7044622377068985,1,2,1
S042R2,0.0026685031130112306,7.323172810672855e-05,7.295612564241043e-05,4.085822230331433,4,8,4
S042R20,0.007211169490801821,0.000295927065697278,0.00029452456775558473,7.3378283300382625,3,5,2
S042R21,0.051114300347222225,0.000999242877445225,0.0009935653610961062,12.925697296625712,8,9,1
S042R22,0.0012734864028336565,4.91909454538727e-05,4.886080488035677e-05,7.0198725212581445,6,9,3
S042R23,0.0008892922644299743,2.108876247239658e-05,2.108876247239658e-05,3.803914299604594,4,8,4
S042R24,2.29775e-05,2.3266301828637283e-06,2.302014513554959e-06,0.3068382229688876,2,3,1
S042R26,9.7303125e-07,2.4559100432680766e-07,2.414978209213608e-07,0.04266120293288934,1,2,1
S042R27,2.5882187499999997e-05,2.798984888535489e-06,2.8178969485931544e-06,3.4297165016643745,1,2,1
S042R3,0.006908805572538427,0.000936250601734797,0.0009284485133870066,1.0535012311883325,1,3,2
S042R30,0.0025560686383928593,7.988867703201744e-05,7.913631099831439e-05,5.859310774307815,6,7,1
S042R32,3.1571718749999993e-06,2.3522190736222882e-07,2.8950388598428146e-07,0.0806238886401549,1,2,1
S042R33,0.0075714738307477115,0.0012413549932385514,0.0012527435711581708,0.06281536170776096,0,2,2
S042R34,0.00032074999999999996,2.1159655433546337e-05,2.0967294929605034e-05,0.0013784134001562337,1,2,1
S042R35,0.02251375,0.0008495891700183722,0.0008354293505180646,0.9049876460853026,3,4,1
S042R38,1.2383437500000002e-05,2.390165396996618e-06,2.390165396996618e-06,0.019262412575638297,1,2,1
S042R4,0.0011459385388788846,5.078850301004417e-05,5.0584533118437636e-05,0.4574689502264045,0,2,2
S042R43,3.899453125e-06,5.633673867912482e-07,5.469029010739697e-07,14.911314091478657,1,2,1
S042R47,0.008675691039023204,0.0008457420021751299,0.0008582406524535804,10.851915513403279,4,6,2
S042R48,0.008343519600953978,0.0005382347659814869,0.0005506795004550456,4.46646572590887,4,6,2
S042R49,2.1608124999999996e-05,2.655330723280997e-06,2.585453598984135e-06,0.8670099023437496,1,2,1
S042R5,5.429460937500001e-06,1.87760236072497e-07,1.8001880123705984e-07,4.493712074852789,3,4,1
S042R50,2.20959375e-05,2.4806379125388255e-06,2.5155764746872665e-06,3.420950366831874,1,2,1
S042R52,1.9749999999999997e-06,5.101897481345174e-07,5.216878406911551e-07,2.1935122416748056,2,3,1
S042R55,2.7719609375e-05,1.8859754455845044e-06,1.8885041048158328e-06,0.35058428773728045,1,2,1
S042R64,0.039361690805949166,0.006194374930547135,0.006677624038604023,8.385191080282873,0,2,2
S042R65,0.01757602748437247,0.0027933678202198033,0.0027559566440561387,1.5031247853723795,0,2,2
S042R66,0.000582215625,5.0658253238893046e-05,5.0168801516778036e-05,2.94835844649874,3,4,1
S042R67,0.0005909796875,3.7604453525171195e-05,4.4568241215017616e-05,3.7673844005786843,3,4,1
S042R69,9.372406250000002e-07,5.876389765210312e-08,5.7578525826496435e-08,2.0122410876780243,2,3,1
S042R76,6.784375e-06,9.154916711800275e-07,7.98808927795002e-07,1.3985521138451267,1,2,1
S042R78,2.9931181521704252e-05,7.023273570948396e-06,7.077298752263386e-06,0.8250413559593489,0,2,2
S042R79,0.0013750917172574996,0.00016166809291144938,0.00016557941773995212,0.2522495390518025,0,2,2
S042R80,4.9541041666666664e-05,2.1378289220608845e-06,2.1218426753912196e-06,0.2947958675168787,2,3,1
S042R81,2.6597265625e-05,1.1799167475992777e-06,1.169788706847352e-06,0.1143454660160858,1,2,1
S042R82,1.03275e-06,1.714155836180857e-07,1.8232507134408313e-07,0.7961452055597457,1,2,1
S042R83,0.0008067726593494416,0.00011154105185984221,0.00011154105185984221,0.008896805391354514,0,2,2
S042R87,0.013351473048003885,0.002877792572039354,0.0028394220044121628,0.7315672985009161,0,2,2
S042R94,0.101372875,0.0026610546863531648,0.0026916415218284917,2.7914528759567236,4,5,1
S042R95,0.000244505,1.9384421242217976e-05,1.9431548749971228e-05,10.753725641547335,4,5,1
S042R98,0.007272132932090895,0.0015650459165331672,0.0016745991306904903,2.6165673591196024,1,3,2
S042RA,0.8425083333333332,0.02119295429253576,0.021418411253094627,3.660684563933814,2,3,1
S042RA1,3.304640625000001e-07,5.548899278516865e-08,6.029453464621091e-08,0.7565308631347776,1,2,1
S042RA2,9.874999999999999e-07,1.1586782989210707e-07,1.2445224222850748e-07,0.051363098185851996,1,2,1
S042RB0,0.08220802734375002,0.0022905687770214678,0.002315647997207834,1.6395344740172335,1,2,1
S042RH,1.11743125,0.028713867038041574,0.02902940403845955,3.7629228711482243,2,3,1
S042RV,1.238762109375,0.028950519788355056,0.02902940403845955,3.9094430100791655,2,3,1
S042RZ0,-0.04082500000000001,0.02672575977126867,0.026241597456571772,2.0524320788221715,1,2,1
S042S04,0.0014115390624999998,0.00011877184215242824,0.0001182194149796261,5.696593928066717,2,3,1
S042S05,0.002853343749999999,0.0002545850301915965,0.00025253192510940603,1.7361907315496095,3,4,1
S042S06,0.0024993750000000003,0.0005645275956496724,0.0005477261791124802,0.8552856119352529,1,2,1
S042S07,0.0006619166666666668,0.00011596234572049677,0.00011435175758548984,0.15775244569289734,2,3,1
S042S13,9.690000000000001e-05,1.4094797979330011e-05,1.4222932506414832e-05,0.19395606069839771,1,2,1
S042S17,2.120625e-05,2.9523085015426897e-06,2.9976015039713553e-06,2.0317968800208868,1,2,1
S042S18,2.185828125e-05,2.969777782616905e-06,2.9872470636911307e-06,0.40416656822170577,1,2,1
S042S2,1.8831249999999994e-05,6.28894118671816e-06,6.396484375e-06,0.17359946621628877,1,2,1
S042S22,0.00023846484375000002,1.5813227821457004e-05,1.7677669529663658e-05,0.540931424300397,1,2,1
S042S24,0.0004040926158609451,2.7271061517771444e-05,2.7625063741111707e-05,6.947506774475227,1,4,3
S042S25,0.000222075,2.29809703885628e-05,2.2209987022949162e-05,2.718678555507783,1,2,1
S042S26,0.00026720390625000005,9.072496044571193e-06,9.243887866618964e-06,1.3349351502437912,3,4,1
S042S27,0.00025625624999999993,1.2187866205435704e-05,1.237682537141144e-05,0.21478264464066754,1,2,1
S042S28,0.0001377546875,1.2485932025089552e-05,1.2577882373436333e-05,1.61006773361346,1,2,1
S042S29,0.0002539302083333334,1.6261421767195658e-05,1.5714162380799622e-05,0.3172982097064252,2,3,1
S042S30,0.00022271666666666667,2.1704914433948397e-05,2.176137289232208e-05,13.917992481802195,2,3,1
S042S32,0.00022622812500000007,2.209012523306513e-05,2.2090125233065075e-05,7.616020332658613,1,2,1
S042S33,0.00014038437499999998,2.1830367413450683e-05,2.277951382273117e-05,0.3179356614541262,1,2,1
S042S34,0.00036390937500000006,3.535264673751678e-05,3.578909916637503e-05,9.788481168893917,1,2,1
S042S35,1.654999527923463e-05,7.968063324906458e-07,7.970359490111521e-07,0.9567695096696596,2,4,2
S042S37,1.5443333333333334e-06,1.5917552716955921e-07,1.7414074767268017e-07,2.3209832341497783,2,3,1
S042S41,1.01169453125e-05,4.2708216721290163e-07,4.329285173504418e-07,1.4293038518967076,3,4,1
S042S42,7.001640624999997e-06,9.149076548603131e-07,9.428920458654057e-07,3.8970277873093075,1,2,1
S042S45,1.5032421875000002,0.09194821301663847,0.09121846529428401,0.09699222089042202,1,2,1
S042S46,2.54515625e-05,1.676017975703966e-06,1.8591123764111182e-06,0.2379274950096852,1,2,1
S042S48,0.00014596289062500004,4.0448718028743345e-06,4.1024910593255495e-06,1.0839333501694801,6,7,1
S042S51,1.1055713072121143e-05,1.6524522541547754e-06,1.647016555950319e-06,1.891639956796947,0,2,2
S042S52,0.0007961166666666666,6.172400343543562e-05,6.0999358251979355e-05,0.32820712226108906,2,3,1
S042S55,2.3802491455838082e-05,2.6391485910506336e-06,2.681133447350206e-06,0.0564282835681615,0,2,2
S042S59,0.0015203126570880413,0.00014863034348310683,0.0001703858403003214,4.603181178524735,1,3,2
S042S60,1.2065625e-06,1.692181007605274e-07,1.6451759796162408e-07,0.25097361321583456,1,2,1
S042S61,6.615979166666666e-05,3.110387321039054e-06,3.1051647109420747e-06,3.6028202581232325,2,3,1
S042S62,2.8054687499999996e-06,5.607002457864628e-07,5.632807082174923e-07,0.1907459560585081,1,2,1
S042S63,1.586575520833333e-05,1.0083080782499273e-06,1.0180627482323365e-06,0.543735984280261,2,3,1
S042S64,1.225125e-06,2.3949398420260645e-07,2.677091946322073e-07,0.052443867365870825,1,2,1
S042S65,1.1562499999999976e-06,3.915114940841457e-07,3.915114940841455e-07,2.865079432002158,1,2,1
S042S71,4.778072916666664e-06,4.323426488511459e-07,4.3582267753066626e-07,2.230403165522884,2,3,1
S042S72,2.0375e-06,4.878854645944067e-07,4.878854645944064e-07,0.16326778017241397,1,2,1
S042S76,1.3956381844723668e-06,2.7041634565979916e-07,2.693082467409702e-07,0.38040302359717787,0,2,2
S042S82,0.0006117187500000002,9.580928423337954e-05,9.579029830833594e-05,2.573277250473413,1,2,1
S042S83,0.0002113651041666667,1.7758664877255155e-05,1.763360385699281e-05,1.4076034122915833,2,3,1
S042S87,8.268613433087667e-07,1.578932016833447e-07,1.8343936327844151e-07,4.718164725761204,1,3,2
S042S88,0.0009130923668386416,0.00010432320594588786,0.0001202633828311843,2.578113610177148,1,5,4
S042S90,8.572265625e-07,1.460849763408271e-07,1.488183436746375e-07,0.3978770582362395,1,2,1
S042S91,4.415625e-07,1.620817935873737e-07,1.7676638014456842e-07,0.08502367683447792,1,2,1
S042S93,4.869046875000002e-05,7.5210722852737255e-06,7.48269946749172e-06,3.6002108885108672,2,3,1
S042S94,0.2573984375,0.014121836620328454,0.013666293503543647,0.6946088364545041,1,2,1
S042S96,0.0027168750000000005,0.0005005924529545742,0.0005041938375082043,0.13248270450752953,1,2,1
S042S98,0.0004678984375000001,4.1491951403254085e-05,4.116321682599779e-05,1.4526804301081033,1,2,1
S042SA1,0.9052734375,0.07729949239783773,0.07648150835129974,3.0171074284226727,1,2,1
S042SA2,0.9904999999999999,0.09759049837263678,0.09422530877358026,0.5757629395550854,1,2,1
S042SA3,0.5825000000000005,0.05741927077427933,0.054343238411371564,3.196029685232219,1,2,1
S042SAP,-0.20650000000000013,0.12883810935764134,0.13229685054845056,10.325477825745685,1,2,1
S042SC1,0.63091875,0.09921222911642491,0.09921222911642491,0.015917695611822685,1,2,1
S042SD+,-0.7252916666666667,0.0915635998760731,0.09233304189183844,1.874267364957182,2,3,1
S042SD-,-1.6444375,0.4936613844529467,0.47683201907386885,0.08576322364044715,1,2,1
S042SDA,-0.10350000000000001,0.1279706816475091,0.12285185438160874,0.03578537284030942,1,2,1
S042SDT,0.01429999999999998,0.07834718405916066,0.07617087339085064,0.6495328380836871,1,2,1
S042SEG,-0.4546874999999993,0.41171874999999997,0.418359375,1.3620046570493392,1,2,1
S042SEK,0.6379999999999999,0.04893893676051819,0.0497545857065268,1.0780828851629247,2,3,1
S042SF1,-0.49765625,0.16211831677146316,0.19557607215607953,0.13181364148349262,1,2,1
S042SJK,0.7099066406249994,0.011072793428172467,0.010946215835314188,10.962431190171849,10,11,1
S042SK2,0.8891875000000002,0.3042176490454205,0.2790987605921289,0.06588900497724647,1,2,1
S042SKP,0.6443541666666666,0.14131895289646723,0.13756712228859636,0.44487497354687777,2,3,1
S042SKR,-0.041999999999999996,0.23649732450298527,0.23598326465300257,0.38038984736756126,1,2,1
S042SKS,-0.80925,0.5693182686473577,0.5646380819916895,0.6729823040710283,1,2,1
S042SPD,-0.6356999999999998,0.07734769560643029,0.07660396776406075,6.262189247863305,4,5,1
S042SPI,-0.6702250000000001,0.02956727429281303,0.029975098765817276,1.4183430558484875,3,4,1
S042SPJ,-0.8276406249999999,0.08893728348148722,0.08980921763326655,1.0817810029328006,3,4,1
S042SPK,-0.8008,0.08686876672571264,0.08726724730702329,1.4472727804131584,3,4,1
S042SPL,-0.875875,0.1436304700057145,0.14279540913358846,4.952851997272163,1,2,1
S042SRH,-0.23000000000000037,0.34489107485643206,0.33966545251012237,0.48358582521348714,1,2,1
S042SRP,0.053674999999999994,0.07399456272254062,0.07617087339085063,0.0021211873446160523,1,2,1
S042SRR,-0.14437500000000003,0.12642558663133874,0.1256258745305381,0.023544569580108247,1,2,1
S042SW1,0.6935,0.20432443442369663,0.1998963507055359,0.7354010842614618,1,2,1
S042SX1,0.5826041666666668,0.12538855625240497,0.12403578309617447,0.3453565757333345,2,3,1
S042SX2,-0.6566875000000001,0.10855158803824572,0.11088934914547133,0.013429475583936507,1,2,1
S042SX4,-0.08312499999999998,0.17209829245412347,0.1746290755455085,0.5691953684690783,2,3,1
S042SX5,-0.822421875,0.16825423594976463,0.1758762243427533,0.46953327253740057,1,2,1
S042SX7,0.495,0.20359380995778087,0.18827041024942903,0.5617898994261705,1,2,1
S042T01,7.579062499999999e-06,1.7653899179784618e-06,1.8179658962697844e-06,0.1684235976135684,1,2,1
S042T02,1.9867968749999996e-05,1.7578124999999961e-06,1.796874999999998e-06,1.0447210364321864,2,3,1
S042T14,3.70125e-06,5.907377589535944e-07,5.673752487124922e-07,1.6555204154664758,1,2,1
S042T15,4.2999999999999995e-06,4.506939094329986e-07,4.506939094329986e-07,0.0,1,2,1
S042T30,4.508281250000001e-06,1.3288724367391324e-06,1.3497670722923189e-06,0.1121307346423889,1,2,1
S042XM,-0.18212499999999998,0.07873338554352599,0.08059910558010244,0.8624795673076923,1,2,1
S042XP,0.06839999999999999,0.0796379384019335,0.07925871012382904,0.025553315649867365,1,2,1
S042Y1,-0.043500000000000025,0.07835100123502729,0.07787900725168376,6.400001646469969,1,2,1
S042Y2,0.42898437499999986,0.111642921162531,0.11308347498398297,2.2685515818876385,1,2,1
S042YM,-0.0339374999999995,0.12706169035841716,0.128958133498095,0.45203428423372605,1,2,1
S042YP,-0.34758750000000005,0.10293222986660944,0.1029322298666093,0.12996938109253264,1,2,1
S043ABP,0.3843749999999996,0.7756403845430132,0.6269662065418738,0.26792058729327634,1,2,1
S043AW,0.08925,0.36917829048910383,0.3702499040581619,0.004536063816793863,1,2,1
S043AWP,0.05200000000000003,0.21476731594914528,0.21028300153570023,0.7724838850421981,1,2,1
S043CHG,19.388487548828127,0.08021484374999588,0.08093749999999744,0.18928200812721413,3,4,1
S043DG5,-0.06899999999999976,0.08614350309222399,0.08917646217612583,2.3456127121412975,2,3,1
S043GZ4,-0.29725,0.16628906250000003,0.16375,0.941503324790419,1,2,1
S043KAZ,-0.11599999999999999,0.039921874999999996,0.051171875000000006,0.9663579269574609,1,2,1
S043LAZ,-0.08937499999999997,0.06750000000000002,0.06843749999999998,0.20394870117961322,1,2,1
S043MD,-0.029428124999999902,0.028320312499999986,0.028320312499999997,0.07687569362453331,1,2,1
S043R15,0.49395156249999994,0.03917670804349188,0.04008779427706144,0.13591674858979916,1,2,1
S043R16,1.0018797851562495,0.010054687499999826,0.010156249999999867,8.150938547436258,2,3,1
S043R3,1.0003040771484373,0.003542984362045143,0.0036414005943243843,3.7356695240540914,7,8,1
S043R7,1.0155374999999998,0.01577318041867337,0.01571623752907536,5.27952763220598,5,6,1
S043W,2.1371800130208327,0.04149999999999965,0.03177343749999961,5.875280197967719,2,3,1
S044AE,0.15146007812499998,0.0019462113965468542,0.0019250569248452643,4.936936333644632,6,7,1
S044AT,0.1433676822916667,0.0038525390624999933,0.00386718749999998,1.1393177334051396,5,6,1
S044B4,0.0005145000000000002,0.00018944254158583277,0.0001906888740962659,0.3657250946164727,1,2,1
S044CHG,20.758544189453126,0.07882982840082065,0.08408515029421082,17.45308357311845,7,8,1
S044CTT,1.0072187500000003,0.11844121036404531,0.11791764725096554,0.51412051514601,1,2,1
S044D12,0.08783125000000003,0.014252621058291351,0.013368737581808163,5.845024717304494,1,2,1
S044DC,0.18696875000000002,0.013526016597653567,0.013807808610104666,4.34539525160847,2,3,1
S044DSC,0.1832559895833334,0.008124999999999993,0.008203124999999978,0.4572440528150115,2,3,1
S044DZ,0.462,0.02595415622010583,0.025464455159349086,1.8368899938841607,2,3,1
S044ETA,1.013958333333333,0.060809573754910584,0.062181218275698,3.53466250528767,2,3,1
S044ETP,0.16605468749999985,0.020000000000000018,0.019687500000000024,5.761953163146971,1,2,1
S044F2,0.16893281249999997,0.018480468750000006,0.01899999999999999,1.8427773376443946,1,2,1
S044FZ,0.14749609375,0.011812500000000004,0.010992187500000028,0.8658700660847035,1,2,1
S044GDA,-0.5265749999999998,0.026811847460971427,0.037209132635894315,1.7026514808340836,3,4,1
S044GDV,-0.384169921875,0.052485431284608364,0.05699463659283588,2.1356664036621584,3,4,1
S044GUA,0.513734375,0.023041992187500027,0.03165856783516363,1.685166429145069,3,4,1
S044GUV,0.2662265625,0.03405127244047823,0.03431640624999999,0.8461257670552471,3,4,1
S044KC,2.2377304687499997,0.04468750000000021,0.043417968750000036,2.393324094367165,3,4,1
S044KSC,0.7154406249999999,0.052183055574223425,0.061846584384264824,0.0057220375093163635,1,2,1
S044KSZ,0.7393790624999997,0.02144162519818893,0.02170417571081973,2.216455278047781,4,5,1
S044KZ,2.0386352343749996,0.018749999999999822,0.01953125,6.709574271323287,4,5,1
S044L15,0.022359921874999987,0.0026516504294495542,0.002637839750129503,1.0218918500102896,1,2,1
S044LAM,0.387678125,0.004984374999999985,0.005500000000000005,11.932621295583033,4,5,1
S044LCX,0.022078125000000004,0.004698353320662596,0.004698353320662596,0.09473774541194548,1,2,1
S044M,91.18798457940102,0.002024609375013142,0.0020107421875081855,0.40296550434359996,1,2,1
S044OM-,0.00164,0.00027950849718747384,0.00028649620961716067,0.48492307692307685,1,2,1
S044OME,1.0248593750000001,0.05808174739006078,0.05739843271488332,0.8365687915210669,2,3,1
S044PHI,0.09775234374999997,0.002830023534023174,0.0028999006583200343,12.350346927273495,3,4,1
S044PIC,17.02917060546875,0.15827777101811336,0.15914267687067252,0.08274702408743452,3,4,1
S044PIZ,9.764390624999999,0.26490999816712524,0.26490999816712524,0.5993762602094329,3,4,1
S044PRO,1.0463595703125002,0.025996093749999893,0.025673828124999964,2.258505026065377,3,4,1
S044R01,4.55634765625e-06,1.7106576629742763e-07,1.7179313790913124e-07,1.4718829572988246,5,6,1
S044R19,1.0019659716796876,0.0032226562500001776,0.0031933593750002043,0.09076563048619433,1,2,1
S044R21,0.166294921875,0.008648437499999995,0.008683593749999996,1.705150116292155,3,4,1
S044R22,0.22319316406249998,0.00583984374999999,0.005835937499999971,2.1308044045487904,3,4,1
S044R23,0.0035004166666666664,0.0001959229298700198,0.00021769214430002182,2.4669590082630872,2,3,1
S044R24,0.162966796875,0.015234375000000022,0.01515625000000001,1.6185237794915095,1,2,1
S044R3,1.0000525524902342,0.002431640625000009,0.0024609374999999822,0.3730443581562948,1,2,1
S044R37,1.0010322021484375,0.0026123046875000666,0.0026367187500002665,0.03232195848886746,1,2,1
S044R42,0.0029476562500000024,0.0007496776651084785,0.0007359020443290379,0.8975721432584458,1,2,1
S044R50,0.8778900390625,0.007382812500000058,0.007207031250000107,0.24984124709359185,2,3,1
S044R51,0.56985625,0.06800000000000006,0.035062499999999996,7.990063907483373,1,2,1
S044R52,0.29930989583333334,0.008750000000000036,0.008695312500000052,0.17897020812357817,2,3,1
S044R53,0.020326250000000004,0.0019238281249999989,0.001953125,0.0054909100056689435,1,2,1
S044R60,0.0016,0.0002879040130028148,0.00028790401300281504,0.0,2,3,1
S044R61,0.7486333984375,0.03984375000000018,0.04062500000000013,0.3006160738896681,3,4,1
S044RHC,2.56712109375,0.15602835842503904,0.15263643758971224,0.1679195134517195,1,2,1
S044RHZ,1.2374999999999998,0.08931355958794551,0.09135268195296709,1.2613188073394495,1,2,1
S044S13,0.04567335937499999,0.0025671875000000052,0.0025361328125000013,2.5750283166050387,1,2,1
S044SEF,0.23147732495117188,0.00013266601562497704,0.00013127441406243778,1.2591598855691708,6,7,1
S044SI+,0.10699921875000001,0.010374979409806362,0.010494232046700691,0.5172528726257368,1,2,1
S044SI-,0.082,0.007520954613663158,0.007436449505644496,0.01816239316239319,1,2,1
S044SIC,0.18095,0.018030129462320577,0.018580201208628633,0.03370770919328873,1,2,1
S044SIZ,0.07669999999999999,0.010157327166435831,0.009188116558951492,1.1782265362222473,2,3,1
S044W6,499.3515276227678,1.4794297409728188,1.4739705906371228,5.359307787942108,6,7,1
S044X15,0.00587953125,0.0005003441198627705,0.0004911914835238167,5.18634111004036,1,2,1
S044XI-,0.025774375000000002,0.0009445039478580969,0.000913366455071566,0.1797657156944526,1,2,1
S044Z0S,9.75875,1.1464960204902575,1.1464960204902575,0.7222088152877326,1,2,1
S045M,2467.9538596286775,0.2001953125,0.1953125,1.4286885180572875,7,8,1
S045R05,0.006191406249999998,0.001935025839620753,0.0019199084502487165,2.360609444295083,1,2,1
S045R16,0.21466875000000002,0.03733593749999997,0.037546875000000035,0.2852672507890272,1,2,1
S045R4,0.9382734375000001,0.09707640354380676,0.09768313106595561,0.6712965396571783,2,3,1
S045R6,0.814140625,0.14969298414405785,0.14850494458735874,0.16106538797298742,1,2,1
S045R8,0.32327083333333345,0.0327454672435743,0.0327454672435743,2.4292593782869822,2,3,1
S045T,4.5298080800474115e-13,4.885451557330315e-15,4.956054687500056e-15,3.859769396246036,4,6,2
S047M,2695.277332443237,0.40253105470264927,0.40253105470264927,3.4153119870405604,3,4,1
S047R12,1.8418359375,0.14148935748405256,0.139448645597263,5.114808102539536,1,2,1
S047R14,0.1605859374999999,0.009849217231746143,0.00979059093870005,2.4328908777253897,1,2,1
S047R3,0.6261093750000002,0.06670832032063168,0.06618716156812665,2.0508546331288144,1,2,1
S047R4,0.30937500000000007,0.0461612406455833,0.04651496662754179,0.14415836574852803,1,2,1
S047R8,1.7985,0.17217831900432823,0.17346323183271872,3.5717428655155308,1,2,1
S047T,2.7275390624999996e-13,1.2311072252245137e-14,1.197444137034783e-14,0.46873428764721714,2,3,1
S048D,2.9076406250000018,0.2592544643271544,0.2568086674938792,2.3215309841488754,4,5,1
S048M,2470.9938061850407,0.46630859375,0.321044921875,1.6488812232930008,6,7,1
S048R10,0.33575,0.03589937260751608,0.03589937260751608,0.06349305555555532,1,2,1
S048R6,0.225158984375,0.01303728127812695,0.012816310409006132,0.3581733217532825,1,2,1
S048T,1.5036985142565094e-13,1.9921875000000254e-15,1.9589843750000183e-15,11.83536259373039,3,5,2
S049AEL,1.7796860961914063,0.000982065161071688,0.0009887458764530344,6.556416311864933,2,3,1
S049CHB,0.12649017857142858,0.00757058686978615,0.00765760510966873,2.9695159565755875,6,7,1
S049CP1,-0.0030416666666667333,0.011270058022919215,0.01133520286698234,0.3918962961970118,2,3,1
S049CP2,0.015111249999999998,0.011070938254191691,0.011070938254191693,0.010803333729187776,1,2,1
S049CP4,0.009974999999999947,0.030649404338879492,0.030831841269468065,2.717147796064623,4,5,1
S049CP5,-0.03800000000000002,0.07516648189186455,0.08015609770940699,0.7502244638187596,2,3,1
S049DA1,0.041005937500000006,0.023177708617501697,0.023504155217748193,0.06851279949615091,1,2,1
S049EL2,0.030804921875000002,0.0008003905296791042,0.000807894190894845,0.6259720329639302,1,2,1
S049FB2,0.11249999999999999,0.1217579566188592,0.12113923037053534,0.033342045857809234,1,2,1
S049FB5,-0.015000000000000117,0.10357719461711143,0.1050069897459584,3.725028109448284,2,3,1
S049FB6,-0.1377000000000002,0.05949822738956176,0.0528047138320715,2.512585892754926,5,6,1
S049FB7,0.13534375000000004,0.04359967591401487,0.04626220542073872,3.6521701331872483,3,4,1
S049FB8,0.0047499999999999105,0.05233030414116038,0.06569858748544756,0.11740785153320335,2,3,1
S049FB9,0.0940000000000002,0.05965820312499999,0.08008556796583971,3.740280198785254,2,3,1
S049FBA,-0.037624999999999895,0.048658220019728235,0.042272953096235924,2.0354380735786464,2,3,1
S049FBB,0.28802499999999986,0.028435505388335558,0.028325141021566025,7.089238453190879,5,6,1
S049FBC,0.424496875,0.028673634488119937,0.0315705846120109,6.190289058501226,4,5,1
S049FBD,0.3623575520833333,0.019755741105831115,0.01892240732390793,6.151981354064174,5,6,1
S049FBE,-0.07836614583333287,0.019103233092726254,0.019203436728695025,8.876515190736335,5,6,1
S049FBG,-0.0472499999999999,0.05648112307482869,0.056688843295869366,0.9072145792366866,2,3,1
S049FBH,-0.02233333333333335,0.047574789497202445,0.06325833883086582,0.1486056588679653,2,3,1
S049FBI,0.044000000000000004,0.07556801911321558,0.09710255532168041,0.16049396823218048,1,2,1
S049FBJ,0.035750000000000004,0.03666918196865046,0.04842291236989793,1.4458769985947604,2,3,1
S049FL3,0.33999999999999997,0.07357500424736652,0.08157840968215502,0.21672699524619607,2,3,1
S049FL4,0.770896875,0.052050781249999956,0.05364129007106644,4.089339784397888,5,6,1
S049FL5,0.6370312499999999,0.060546875,0.12020815280171315,2.598932588479317,3,4,1
S049FL6,0.44843906250000004,0.03286477420870354,0.03270468009098265,4.408505831603775,5,6,1
S049FL7,0.40422500000000033,0.04789543588193257,0.04576138114071998,7.502344013241791,4,5,1
S049FL8,0.35065885416666664,0.019035204747398726,0.01861081662427433,4.681402593831163,5,6,1
S049FL9,0.6690104166666668,0.023215406872849953,0.02367511790003518,23.64836149116135,5,6,1
S049GM1,2.3138318554687496,0.01149578780280125,0.01143331069517739,1.678916908582582,4,5,1
S049GM2,0.030324781250000002,0.002518196866848392,0.002491119481183357,4.114453510478486,4,5,1
S049IA1,-0.004859999999999998,0.02035938099577809,0.020111095861683234,0.0003297366794239665,1,2,1
S049IA2,-0.459265625,0.1604779543368029,0.17249356022852713,0.02241859022919054,1,2,1
S049IA3,-0.14934374999999991,0.05464019735080047,0.055071908586469445,4.532888576571375,3,4,1
S049IA4,-0.02774999999999979,0.06166992728746018,0.06082924328297129,4.215409863213476,3,4,1
S049IA5,-0.44943749999999993,0.10290933889229881,0.10158202937235628,2.7589948773894086,1,2,1
S049IS1,0.0624,0.015860328081929928,0.01746418148347341,0.01441690218136923,1,2,1
S049MX1,0.35684374999999996,0.04746870885449167,0.0471644222592707,3.1616588061012876,1,2,1
S049MX2,0.5451874999999999,0.07544705627644627,0.0760186248846011,0.44467334192898633,1,2,1
S049MX4,4.156309765625,0.029296875,0.028906250000000355,0.3439942965203336,1,2,1
S049PB1,1.6721666666666664e-07,2.3194827009486396e-08,2.4536723115566983e-08,0.513149031621776,2,3,1
S049PB2,8.684479166666666e-08,1.6314991727798255e-08,1.733869753265526e-08,0.09896165140484886,2,3,1
S049PB3,1.6673541666666664e-07,2.932911897498171e-08,2.982115524336418e-08,0.33927109943556744,2,3,1
S049PB4,1.935265625e-07,2.441953844838652e-08,2.4407935481173416e-08,0.6975772989653408,2,3,1
S049PB5,1.2128749999999998e-07,1.696520486965989e-08,1.707645200752439e-08,0.747544133601778,2,3,1
S049PB6,1.284604166666667e-07,1.6904271487740888e-08,1.6657534322552998e-08,10.402288711690355,2,3,1
S049PB7,1.6471874999999997e-07,2.5959215601280962e-08,2.5894816158958334e-08,0.9688376254377705,2,3,1
S049PB9,5.068229166666665e-08,7.923461995870244e-09,7.92997998229071e-09,7.535988336001186,2,3,1
S049PBA,5.715416666666667e-08,8.710587156631938e-09,8.632400654768819e-09,2.72344505028916,2,3,1
S049PBB,9.9978125e-08,1.1343577822384791e-08,1.1306110073761016e-08,0.16631509284933493,2,3,1
S049PBC,5.669375000000001e-08,7.774179701141119e-09,8.086726259838563e-09,3.6480481521782413,2,3,1
S049PBD,4.9084375e-08,7.43014547418677e-09,7.724080951426485e-09,0.5038164066743455,2,3,1
S049PBE,5.170156249999999e-08,7.757840036456673e-09,8.090914078458626e-09,8.652738976506022,2,3,1
S049PBF,1.3304010416666666e-07,1.2754743703362956e-08,1.2999429836974607e-08,0.07182780837863842,2,3,1
S049R15,0.0003486328125,1.9012787205158915e-05,1.8904142706843772e-05,0.958444620546315,5,6,1
S049R21,0.001037888474467556,0.00013436666436611683,0.0001133718730589111,4.300890506182077,1,3,2
S049R24,0.0033179657774185414,0.00020906203435801457,0.00020906203435801457,7.94960743169393,1,3,2
S049R25,0.0038035156249999983,0.0005625000000000001,0.000575,5.756861534383564,1,2,1
S049R34,0.02653125,0.0036252801615875158,0.003529878052072055,2.2970673949085083,1,2,1
S049R36,0.34653437499999995,0.0314692625214284,0.031189535743460117,2.835180665991091,2,3,1
S049R37,0.29086692708333334,0.013350982528420208,0.02695366394388715,2.6272224420217274,5,6,1
S049R42,0.00019303125,2.7015010475948828e-05,2.721966964622119e-05,1.203257681698492,1,2,1
S049R48,0.00042234375,8.565405137010912e-05,8.810130998068363e-05,0.16246411620772,1,2,1
S049R54,1.3964999999999999e-06,2.1868594992132714e-07,2.1456644479407143e-07,1.337176551490099,1,2,1
S049R57,4.4315624999999996e-07,5.846434930075049e-08,5.978298359025855e-08,0.5694431188952779,1,2,1
S049R58,1.1992968749999999e-06,1.7492855684535905e-07,1.6112565325004563e-07,1.4389602183721133,1,2,1
S049R59,4.405625e-07,3.445314714426721e-08,3.724955534189566e-08,1.0538548201288154,2,3,1
S049R60,1.059625e-06,8.889859506807815e-08,8.957947715325658e-08,0.9582287931561142,2,3,1
S049R61,4.7574218750000004e-07,3.952847075210474e-08,4.24931060585125e-08,0.014574783831377015,1,2,1
S049R62,1.0466328125e-06,1.0011029074226086e-07,1.0220422263781466e-07,0.06272700363494808,1,2,1
S049R71,0.0007535937500000004,0.00011710788962533648,0.00011501667731059835,4.796847797126186,1,2,1
S049R72,5.843437500000001e-06,6.931266664944175e-07,6.961075598377596e-07,3.215780618439542,1,2,1
S049R76,1.0028958333333333,0.16108912760099603,0.18681966415252593,0.023211895919176107,2,3,1
S049R77,0.9816562499999996,0.14414062500000002,0.1438465755963313,1.7903693754511478,2,3,1
S049R89,0.0035527864583333336,0.00020754108895379257,0.00020205058395501505,3.4729615322798564,2,3,1
S049RW1,1.2984374999999998e-06,1.82660527109889e-07,1.8460937500000013e-07,1.5529904633218472,1,2,1
S049S10,0.039812499999999994,0.005278020288796294,0.005339037864389308,0.141621266156999,1,2,1
S049S12,0.22573489583333328,0.01309703354190006,0.013269362930609263,2.0505755091452977,2,3,1
S049S14,0.10091858606297771,0.0032631487616565508,0.003201346701776686,23.03059048110132,4,6,2
S049S15,0.034351347656249996,0.0011822155271147827,0.0011669611332165222,3.261674024573714,3,4,1
S049S17,0.2308883974738697,0.01195875856952519,0.012863202494951487,0.09974828821989853,1,3,2
S049S18,0.57763125,0.05041938375082056,0.0505994529785021,0.24150651265257758,1,2,1
S049S19,0.0918375,0.03491942804626281,0.03470907004598413,0.03954069297122531,1,2,1
S049S20,0.42231562500000003,0.04873127895744295,0.05013969742442104,0.39322032562963183,1,2,1
S049S23,0.639975,0.03894611568254014,0.03811747492333728,0.016019437365879824,1,2,1
S049S25,0.0030709036458333324,0.00020960316538276872,0.0002135579420881042,0.7785479480815691,2,3,1
S049S3,6.6714374999999994e-06,8.434826688766705e-07,8.310115376944239e-07,3.9186419138441164,1,2,1
S049S30,0.05533333333333334,0.004593750000000001,0.004624999999999997,0.010702850897299557,2,3,1
S049S31,0.002715625,0.000590625,0.0005851562499999993,0.004227679543616212,1,2,1
S049S33,0.024672265625000002,0.0025769410160110355,0.00235145867711007,0.04001099642585313,1,2,1
S049S34,0.024984375,0.004087961078734728,0.004198446513295127,0.48001464843750025,1,2,1
S049S36,0.46932281249999985,0.017431640624999967,0.01740323151144685,2.1733990350641323,4,5,1
S049S4,4.27e-06,9.220693187679987e-07,9.709701830197872e-07,0.021712308464891347,1,2,1
S049S41,0.00019031268589105325,5.698192328608322e-05,9.152737541369904e-05,0.10619882744921146,-1,2,3
S049S45,0.104886865234375,0.0015257444472007997,0.0015507566512532739,5.0222535020812575,3,4,1
S049S46,0.033108750000000006,0.007308225246255073,0.0071836532250120905,1.3491620625241478,1,2,1
S049S6,0.789212890625,0.024941337424043697,0.024607301654971714,0.8864469760877491,2,3,1
S049S7,0.01075744107537412,0.0002946640023750221,0.0002946640023750221,3.4750927864800825,2,5,3
S049S8,0.6458114989927001,0.013746385160395613,0.013601686369233534,7.122207634429904,2,4,2
S049S9,0.08025703125,0.005590169943749473,0.004216601919850654,0.023630999574886513,2,3,1
S049S96,0.10285835937499999,0.0018622253625115576,0.0019076454933045217,0.4727353282880834,1,2,1
S049T,1.5372291666666667e-12,2.0926511927301017e-14,2.0851345159742173e-14,4.545998382459918,8,9,1
S051CB,0.12559393229166665,0.0044687499999999936,0.0043828124999999996,1.9433052023385984,5,6,1
S051CHB,0.12649017857142858,0.00757058686978615,0.00765760510966873,2.969515956575587,6,7,1
S051R01,0.23918671875,0.01644118304745737,0.01618428956234083,0.0036250849054250914,1,2,1
S051R05,1.0685596598818239,0.21814070268517594,0.22203607237598266,0.9351110445874842,-3,2,5
S051R06,0.39128178987805284,0.07169678643025928,0.07453626312056649,0.11868408424617291,-3,2,5
S051R10,0.7362500000000003,0.05983931323305047,0.06020418709422748,0.6581091063753584,1,2,1
S051R12,0.13143125000000003,0.011546069043517182,0.011431182784377741,0.027820203146096067,1,2,1
S051R13,0.058758046875,0.005745415228038626,0.005767684279310098,0.0005265494727225182,1,2,1
S051R15,0.022236666839999045,0.0020284042565832418,0.0020284042565832418,3.492530242023698,0,2,2
S051R16,0.06795516888138914,0.003447326768902137,0.0034364175069752367,0.8452618658222462,0,2,2
S051R17,0.027528476562499998,0.0017993953112999152,0.0018107838892195346,0.0007571831693513932,1,2,1
S051R28,1.1621070312500001,0.03164062500000009,0.03201171874999997,1.128257198992202,3,4,1
S051R31,0.001703867187499999,0.0004121816157802371,0.0004160337804136969,0.7070365273192034,3,4,1
S051R36,0.0726375,0.016618282022016637,0.017249356022852713,0.1891058305276006,1,2,1
S051R39,0.003705,0.0006299180961532444,0.0006263990006440089,0.014300071503485062,1,2,1
S051R40,0.485,0.043498509874800584,0.0448087059553669,0.012908496732026166,1,2,1
S051R89,0.005745991709467322,0.0012835659642653104,0.0013449539016866944,7.03807105910001,0,3,3
S051R95,0.2674073203102182,0.013364000021776068,0.013495019629832683,0.08527197724279806,0,3,3
S051S1,0.108571640625,0.00351108213431503,0.003623823303765511,0.833494291998883,3,4,1
S051S2,0.1094897265625,0.0024827316895207896,0.0028219026853569806,0.11594884816736024,3,4,1
S051S45,0.1063968125,0.0015709179977684562,0.0015442891032878825,2.9039537068770334,4,5,1
S051S46,0.0240421875,0.0022537712704653982,0.0022891708192161603,1.047783764365457,4,5,1
S051S7,0.011651510416666667,0.0009758141664033756,0.0009675093649871777,0.1704643051533998,2,3,1
S051S94,0.08167479166666666,0.0019312994595709343,0.00186895829382705,0.645715133577888,2,3,1
S052CB1,0.03619109982638889,0.00032514674468402116,0.00036507704666275537,18.589470709744454,8,9,1
S052CB2,0.04172801953125001,0.0007808472167266448,0.0007762539978047184,3.039627931322741,5,6,1
S053D,70.736181640625,0.9349363548118248,0.7752422569402313,0.0030255395894051886,1,2,1
S055HBA,1.067609375,0.1839843750000001,0.181640625,1.9657698944149482,1,2,1
S055HBM,125.9,0.40216698179983723,0.40216698179983723,0.06250000000000175,1,2,1
S055HSB,0.47775,0.666015625,0.7648437499999999,0.0001112657661874663,1,2,1
S055HSG,1.6543437499999998,0.3291015625,0.375,0.15109911137163412,1,2,1
S055HST,0.14700000000000013,0.7070312499999999,0.7000000000000001,0.02539358878691766,1,2,1
S055HSW,0.9025,0.337890625,0.3124999999999999,1.1696377899653487,1,2,1
S055HSZ,0.890625,0.27656250000000004,0.31640625,0.3454846263810262,1,2,1
S060A03,-0.016100000000000003,0.04019361785786279,0.04065561346542442,0.3833128263466694,1,2,1
S060DM,5.891187500000001,0.6456298712724813,0.6344015256851332,0.23773605636106795,1,2,1
S060DML,177.45471468098958,0.2396493527768655,0.2423022976415723,3.2728083848374085,2,3,1
S060DMN,172.50096484375,0.4117804522669246,0.42734192284677874,0.8999956607802952,1,2,1
S060M-,5796.9800412254335,0.34513713819978875,0.34740777726710803,7.124369587157846,3,4,1
S060M0,5791.860699768065,0.48798781466121,0.4857797250024305,1.455384112185114,2,3,1
S060R1,0.00038850000000000006,8.235265347085913e-05,8.341526835435408e-05,1.9592172080337227,1,2,1
S060R2,1.0182173822021477e-05,2.1643738659871597e-06,2.8722986715256665e-06,0.8109913599792793,0,2,2
S060T-,1.5740402343750003e-12,4.1083040763839823e-14,4.0787479319495585e-14,2.3454863524631064,2,3,1
S061R1,0.004626321792602539,0.0010873585838037242,0.0012580485940519833,1.9592031507672487,0,2,2
S061R5,0.03784180495568679,0.0052087840552597145,0.0064567219018323505,6.999097119008714,2,4,2
S061R7,0.3905007449726265,0.059539123068500344,0.06650836572636426,0.44722671057377456,0,2,2
S062DMI,-4.36814453125,0.21488853403978503,0.21395243021526955,2.4208575383100737,1,2,1
S062M+,5830.318026397705,0.27725015269788855,0.28726212985748134,0.8733042760452666,1,2,1
S062M-,5834.741384212494,0.3038751189069444,0.29664813960698666,0.038670279727299556,1,2,1
S062W+,9.426843749999996,0.5278605414074136,0.5286097361701039,0.6219905218460087,1,2,1
S062W-,10.439296875000005,0.6769791586526139,0.6592385679721371,1.652670562681418,1,2,1
S063M,6045.769625854492,0.7664098337072573,0.7814374775052784,0.2102575984917694,1,2,1
S063R01,1.437884008964397e-06,2.6476867092047563e-07,2.7672056757534586e-07,5.752456562212903,-1,3,4
S063T,1.6548125000000001e-12,1.720897096402413e-13,1.8128127781881437e-13,0.42451426795003333,2,3,1
S065M,3518.897291564941,0.9462890625,0.9609375,0.10000815068940955,1,2,1
S066M2E,0.07799999999999979,0.29700988917471777,0.3014650375123385,0.1424835532848539,2,3,1
S067DEL,1.2175625,0.16227539062500007,0.14410156250000017,3.085008865413656,2,3,1
S067P13,0.02159101171875,0.0005205078124999978,0.0005273437499999992,3.9739742136735074,5,6,1
S067T13,0.08551937500000001,0.004789543588193251,0.004507805730064235,1.615819794219188,4,5,1
S069A03,-0.016100000000000003,0.04019361785786279,0.04065561346542442,0.3833128263466694,1,2,1
S069DM,5.874750000000001,0.5165038970179854,0.5417676745895168,0.23865819844903094,2,3,1
S069DML,177.47892724609375,0.22815325836324973,0.22815325836324973,3.36200694337419,3,4,1
S069M-,5796.990984143067,0.3247013865957342,0.3178894693946859,7.126267347417603,4,5,1
S069R05,0.000697734375,8.961741191073377e-05,8.925527382877725e-05,0.5214728284639965,1,2,1
S069R2,1.0182173822021477e-05,2.1643738659871597e-06,2.8722986715256665e-06,0.8109913599792793,0,2,2
S069T-,1.5701208333333336e-12,2.264951408488172e-14,2.2511407291681183e-14,3.2812887923973975,2,3,1
S070DMN,172.3139641927083,0.3615049319319894,0.3543227147412722,1.7241676339361613,2,3,1
S070M0,5791.6567419433595,0.42395321454750956,0.4151208559105726,2.092663829508899,3,4,1
S074DM,143.886552734375,0.3989488140726678,0.797897628145364,1.1453650082640603,3,4,1
S074R2,0.06172166666666666,0.003997313550998971,0.004181081835183328,0.0020429545294437233,2,3,1
S085DM,45.77849330357142,0.35625000000000284,0.3506835937500057,1.4074935550424093,6,7,1
S086A27,1.17352734375,0.0886002257333467,0.07752519751667841,0.1262938810359348,1,2,1
S086CK1,0.16197500000000004,0.03563048203434807,0.03563048203434804,0.04017920857988166,1,2,1
S086CP1,0.22404531249999998,0.011695098406119597,0.011801740640825842,0.9411480186239096,2,3,1
S086D,17764638213239.4,5070581555.394531,5054329691.4375,7.6426699629604675,6,7,1
S086DGS,79732872596.15384,3187500000.0,3173828125.0,22.33334334077103,12,13,1
S086DM,87.41538281249998,0.2539158652025435,0.24814505008430388,1.6971794755821432,3,4,1
S086EPS,4.962500000000157e-05,0.0007129491628363572,0.0006920916075406127,4.854765248144936,2,3,1
S086GS,661126966145.8334,1352081728.2989502,1346800159.0477295,47.09236654365331,11,12,1
S086JKA,-0.7945312500000017,0.07840809852364117,0.07806306825649356,3.9924389125751714,2,3,1
S086JKC,0.18900000000000022,0.062415030895574763,0.0628229722739772,1.2907714899713472,1,2,1
S086JKS,0.17375000000000032,0.06254266122141153,0.06294102212091093,0.39671912560096134,1,2,1
S086LAM,0.9893780691964285,0.008127939719464683,0.008489423567003884,4.320369374348021,6,7,1
S086LJP,0.98789765625,0.009457272463105015,0.009351010974755547,0.3857329170845657,1,2,1
S086M,5366.914049595918,0.10659359088640485,0.10690255781628366,6.376147864338191,10,11,1
S086MLF,1.5017042968750001e-12,5.092773437500169e-15,4.972656250000047e-15,12.325035875547405,5,6,1
S086P03,3.2152634765625,0.054999999999999716,0.054999999999999716,2.850863090039449,3,4,1
S086P05,0.3792473958333334,0.006747827816180274,0.006702842297405753,1.8828252456113954,2,3,1
S086P06,0.3098229166666666,0.006049645077721988,0.005999231368740976,1.263001920353412,2,3,1
S086P07,2.4690638671875003,0.029252864077944363,0.029512166714755317,0.7681510798221864,2,3,1
S086P1,0.5193435686383928,0.0022964173983471836,0.0023046930765634466,9.043741850194376,6,7,1
S086P12,2.75349375,0.09719956105450978,0.09626043486074698,0.14218130964124406,1,2,1
S086P13,2.9873738281249995,0.06436954808527995,0.06436954808527995,6.8751371088517725,2,3,1
S086P2,0.22221093749999998,0.0026513671874999756,0.002695312499999991,0.2906710382286613,2,3,1
S086P52,0.18971906561492202,0.04918748306837453,0.09328660581933101,0.2582351897327312,-1,2,3
S086PAX,0.011471250000000002,0.01642161122844329,0.01837383074511137,0.5489509086736026,1,2,1
S086PB1,1.1350898437499996e-07,1.582716011201808e-08,1.6717040600243972e-08,1.6204256964855688,1,2,1
S086PB7,1.435125e-07,1.051286254693096e-08,1.0597643696502992e-08,0.11767408368714366,1,2,1
S086PHS,0.01892041666666667,0.00779296875,0.007910156250000001,9.821539807954624,14,15,1
S086PP0,0.24479171875000003,0.002988577420984878,0.002891387911359372,0.9853775160827257,1,2,1
S086R01,0.0003348588676667213,4.244719134812965e-05,4.086841140515799e-05,0.21104626810457788,0,2,2
S086R02,0.8716937499999999,0.055795144453001155,0.059109707489813035,1.215915302712971,2,3,1
S086R09,0.214268018018018,0.04385247775361792,0.04441468900686937,0.0002775920893866434,-1,2,3
S086R14,3.342328125e-09,2.732331825937559e-10,2.8125000000000004e-10,2.508927819946099,3,4,1
S086R15,7.47106368592673e-07,9.43140164506136e-08,1.0125962231325571e-07,0.213573682706551,-1,2,3
S086R17,3.4206917751252656e-05,3.5114960562732616e-06,3.67951022164519e-06,0.0513055821071272,0,2,2
S086R2,0.083375,0.012155908574896818,0.012155908574896818,0.49388241492606133,3,4,1
S086R20,0.0003963893430233002,4.9962439505373685e-05,5.019857859631907e-05,1.8530808888265737,0,2,2
S086R23,0.03635918306783888,0.003209980397387395,0.00332462255443694,4.117854762705428,2,5,3
S086R3,0.0029859712415248774,0.00013309880129691847,0.00013909424279677984,1.1824599779431988,0,3,3
S086R32,0.004558284478563912,0.00044469529596117933,0.0004490170233203252,3.622581113358128,0,3,3
S086R33,0.015247934630558424,0.0014355052077286313,0.0015094984837284633,0.5244954884388568,0,3,3
S086R34,0.015721228213683366,0.0016546011840093064,0.0017441726117762603,4.208580637037517,0,3,3
S086R37,0.4831629184126328,0.033163176795446114,0.03402830314663163,0.20535416666908024,0,3,3
S086R38,0.0755056640625,0.002436964709853301,0.002417311768644806,1.1567005088975568,1,2,1
S086R39,1.7649623365402218e-05,3.0671147917467898e-06,3.229462415052134e-06,0.1671836962175823,0,2,2
S086R46,1.925041720343544e-05,1.427413211038013e-06,1.458443933017102e-06,0.01916826640703507,-3,2,5
S086R5,0.6217265625,0.06114154789825432,0.06043059966687936,2.5098855158136097,3,4,1
S086R51,0.0008051718749999999,2.5903787419946167e-05,2.689248159627993e-05,2.611871699372868,1,2,1
S086R52,0.00043849698375320436,5.832242265284477e-05,5.856543274723161e-05,0.1023430604206102,0,2,2
S086R53,0.11143403735442914,0.007114016900767073,0.007078087522480375,17.591739647226095,2,4,2
S086R54,0.09594765625,0.008620696390083574,0.00770845426172477,0.0012344913275150417,1,2,1
S086R6,0.0009962563641374134,3.6243156077007694e-05,3.7382877966221726e-05,2.2697502198658923,-1,3,4
S086R7,6.055687786743393e-06,6.552889727233032e-07,6.866800612369957e-07,0.08353509833162025,-3,2,5
S086R71,0.0007912656249999998,6.872045263494394e-05,7.139787286747411e-05,1.0027369141460591,1,2,1
S086R8,2.7436619069107852e-05,2.0487527169750143e-06,2.2172063911391333e-06,1.0539119404249884,-1,3,4
S086SK1,0.13681406249999983,0.035575623676894264,0.03606972956129556,1.8025343993103118,1,2,1
S086TFS,1.526393876953125e-12,1.0763832064789702e-14,1.095199931804695e-14,10.252459656264362,9,10,1
S086TJE,1.4518630859374998e-12,1.6052893471083393e-14,1.6192483849092738e-14,0.723867124831296,1,2,1
S086TJF,1.6604423437499999e-12,2.1776467891579905e-14,2.1486114986358832e-14,0.7646768013873566,4,5,1
S086TJK,1.62825e-12,6.810553596390424e-14,6.566350479388358e-14,1.0202864815972834,1,2,1
S086TJP,1.4802912597656251e-12,6.931090211875362e-15,7.0680570429715425e-15,0.52873111401319,3,4,1
S086TKK,1.40793046875e-12,1.713731765483118e-14,1.7325639826862288e-14,0.1134608229751758,1,2,1
S086TMM,1.7980937500000002e-12,1.565929463947712e-13,1.637179289416954e-13,4.072495191942605,2,3,1
S086TSL,1.4518630859374998e-12,1.6052893471083393e-14,1.6192483849092738e-14,0.723867124831296,1,2,1
S087DM,46.20515625,1.5843750000000014,1.4320312500000014,0.1689559557310921,1,2,1
S087M,5415.817893524169,0.5974127618783314,0.6040877648056266,6.633666315567406,1,2,1
S091A00,-0.009562499999999988,0.010287570483127322,0.010456219179572032,0.6633531682708875,1,2,1
S091FL1,0.3400312499999998,0.09453125000000001,0.09531250000000002,0.6279279103246228,1,2,1
S091R01,2.4412499999999997,0.398917373400534,0.3959325843993655,0.02068581831235806,1,2,1
S091R1,8.253758740185539e-05,8.982421874999998e-06,9.234374999999992e-06,1.8963442341182069,-1,2,3
S091R12,2.8123125,0.37446174138910404,0.37204585918659383,0.03266694362576304,1,2,1
S091R13,2.005546875,0.2355429751957432,0.23332087165616056,0.4973333469481468,1,2,1
S091T,5.099442187500001e-13,8.902480013492021e-15,8.732090741736671e-15,4.2772313175822845,6,7,1
S126A02,56.84249999999999,3.428182112184132,3.5107889100681007,0.4813701375619793,1,2,1
S126KFC,0.9396445312499999,0.04769531249999992,0.04812499999999997,0.4028050381470314,1,2,1
S126KVC,1.0223876953125,0.026562500000000044,0.026464843750000133,0.5851108561842281,1,2,1
S126M,125.19985290527345,0.08519537518625953,0.08519537518625953,3.6823575186355924,2,3,1
S126SA,1.0349771484375,0.03828124999999993,0.03860351562499997,1.1708263014929785,3,4,1
S126SBB,0.9881578124999997,0.1139062500000001,0.1138769531249999,1.818765802552752,4,5,1
S126SGG,1.0974687499999964,0.06303222656250007,0.06372802734375016,2.9687447703600753,3,4,1
S126SMU,1.205,0.34453125000000007,0.35976562499999987,0.00020198221495111612,1,2,1
S126STH,1.0992187500000001,0.19140625,0.1898437500000001,1.930985612767514,2,3,1
S126STT,0.9127421874999997,0.08613281249999993,0.08683593750000007,1.6968658408440758,3,4,1
S126SWW,0.9976562499999999,0.07700195312500013,0.07968749999999991,0.4162609153475808,2,3,1
S126SZZ,1.0244296874999999,0.0772656249999999,0.07820312500000015,1.5663033766630075,2,3,1
S126W,3.705625,1.5234375,1.8984374999999996,0.14880418396077763,1,2,1
