stage,label,algorithm,status,target,target_kind,target_value,target_std,chi2_min,error_p,error_n,upper_endpoint,lower_endpoint,upper_residual,lower_residual,upper_chi2,lower_chi2,upper_constraint_violation,lower_constraint_violation,upper_scaled_constraint_violation,lower_scaled_constraint_violation,upper_projected_grad_norm,lower_projected_grad_norm,upper_objective_grad_norm,lower_objective_grad_norm,upper_method,lower_method,upper_profile_runtime_sec,lower_profile_runtime_sec,profile_calls,profile_methods,kkt_polish_calls,n_params,n_nodes,n_nuisance,n_meas,fit_valid,hesse_accurate,fit_runtime_sec,target_runtime_sec,exception_type,exception
representative,"G(2000),G(1800)",MASS,ok,K002M,parameter,1794.8878923766824,7.396520815988,1.73542600896861,7.396520815987969,7.396520815987969,1802.2844131926704,1787.4913715606945,3.625011402164091e-11,3.58091334362598e-11,2.7354260090048603,2.7354260090044193,0.0,0.0,0.0,0.0,1.6395305252325798e-15,2.137900124893534e-15,0.2703974003222134,0.2703974003221528,SLSQP,SLSQP,0.016643161005049478,0.016175156000826973,7,SLSQP:4|projected-start:3,0,2,1,0,6,True,True,0.910543341000448,0.9610640249957214,,
representative,"G(2000),G(1800)",MASS,ok,K003DM,node,205.24663677129956,9.42280413031302,1.73542600896861,9.422804130313011,9.422804130313011,214.66944090161257,195.82383264098655,1.1339107430785589e-10,1.1371881214472523e-10,2.7354260090820013,2.735426009082329,1.1368683772161603e-13,1.1368683772161603e-13,1.2065074912879402e-14,1.2065074912879402e-14,8.068235998053638e-16,2.7755575615628914e-17,0.30016830297555863,0.30016830297560787,SLSQP,SLSQP,0.015826852002646774,0.015210644000035245,7,SLSQP:4|projected-start:3,0,2,1,0,6,True,True,0.910543341000448,0.404997708996234,,
representative,"G(2000),G(1800)",MASS,ok,K003M,parameter,2000.134529147982,7.923400095299919,1.73542600896861,7.9234000952999395,7.9234000952999395,2008.057929243282,1992.211129052682,1.8958168368499173e-10,1.8961676673256989e-10,2.735426009158192,2.735426009158227,0.0,0.0,0.0,0.0,4.288236432614667e-15,1.7486012637846216e-15,0.2524168887502683,0.25241688875027135,SLSQP,SLSQP,0.016350704005162697,0.013558211001509335,7,SLSQP:4|projected-start:3,0,2,1,0,6,True,True,0.910543341000448,0.3009578539931681,,
representative,Illustrative key,BR (NO MATRIX),ok,K001.1,parameter,0.6515229918768091,0.0076417355848783005,4.853866686017909,0.007671586114506801,0.007611885055249901,0.6591945779913159,0.6439111068215592,-0.0007622749235434156,0.0008919092792183392,5.853104411094366,5.8547585952971275,6.315257206068736e-10,0.0,8.264166086256059e-08,0.0,4.14314051144892e-14,1.5888218580782548e-14,82.41580671416513,85.65218710716464,projected-start,SLSQP,0.010714657000789884,0.014323696006613318,23,SLSQP:4|projected-start:19,0,2,3,0,4,True,True,1.3522923519994947,1.803792919999978,,
representative,Illustrative key,BR (NO MATRIX),ok,K001R1,node,0.6515229918768091,0.0076417355848783005,4.853866686017909,0.007671586114506801,0.007611885055249901,0.6591945779913159,0.6439111068215592,-0.0007622749235434156,0.0008919092792183392,5.853104411094366,5.8547585952971275,6.315257206068736e-10,0.0,8.264166086256059e-08,0.0,4.14314051144892e-14,1.5888218580782548e-14,82.41580671416513,85.65218710716464,projected-start,SLSQP,0.013485199000569992,0.00986830799956806,23,SLSQP:4|projected-start:19,0,2,3,0,4,True,True,1.3522923519994947,1.043922256998485,,
representative,eta^'(958),BR,ok,M002.1,parameter,0.4246146322959095,0.004962058460743696,69.5961996556645,0.004981441501605954,0.004942675419881359,0.42959607379751547,0.41967195687602815,0.0015131243942505535,-0.001046623849788375,70.59771278005876,70.59515303181472,5.551115123125783e-17,0.0,1.1187121568684221e-14,0.0,1.186468204660714e-09,1.8333881340940435e-08,116.99424267782022,117.55851133372099,trust-constr-exact-hess+KKT,SLSQP,0.3236448659954476,0.11551388900261372,23,SLSQP:8|projected-start:2|trust-constr-exact-hess+KKT:13,13,14,32,5,58,True,True,3.3568718530004844,9.71030832100223,,
representative,eta^'(958),BR,ok,M002G1,node,0.0012796187086040335,3.980903344417883e-05,69.5961996556645,3.9809033444178875e-05,3.9809033444178875e-05,0.0013194277420482123,0.0012398096751598546,-0.003300281773292113,0.0032825933467961477,70.59289937389121,70.5994822490113,5.660004896821208e-19,4.752209225117661e-19,1.4217890782899316e-14,1.1937514714546691e-14,4.996136298431204e-10,2.1270747655177545e-09,353.72281070118464,353.8574215929521,trust-constr-exact-hess+KKT,trust-constr-exact-hess+KKT,0.2729053700022632,0.20716579299914883,7,projected-start:2|trust-constr-exact-hess+KKT:5,5,14,32,5,58,True,True,3.3568718530004844,5.388813286997902,,
representative,eta^'(958),BR,ok,nuisance_M070.84,parameter,0.005274946090992055,5.854601647301336e-05,69.5961996556645,5.8546016473013524e-05,5.8546016473013524e-05,0.0053334921074650685,0.0052164000745190415,-0.0005091634488252339,0.0005247111748190036,70.59569049221568,70.59672436683933,0.0,0.0,0.0,0.0,3.924785203990839e-05,0.010130928787027394,34137.38360423643,34185.61920795145,SLSQP,SLSQP,0.13646235799387796,0.09672507199866232,7,SLSQP:4|projected-start:2|trust-constr-exact-hess+KKT:1,1,14,32,5,58,True,True,3.3568718530004844,4.103281196003081,,
representative,eta^'(958),BR,ok,nuisance_S014.1,parameter,0.3936045964045789,0.0017996558565326589,69.5961996556645,0.0017996558565326337,0.0017996558565326337,0.39540425226111153,0.39180494054804627,-7.511950684602198e-06,7.385029391571152e-06,70.59619214371382,70.5962070406939,0.0,0.0,0.0,0.0,0.00043525752542177107,0.00017322329229443726,1111.3168357435827,1111.330400529095,SLSQP,SLSQP,0.12692437999794492,0.15531795300194062,7,SLSQP:3|projected-start:2|trust-constr-exact-hess+KKT:2,2,14,32,5,58,True,True,3.3568718530004844,4.306708905001869,,
representative,phi(1020),BR,ok,M004.1,parameter,0.4988841504753729,0.0035787694113400504,89.32258680367127,0.0035787694113399993,0.0035787694113400548,0.5024629198867129,0.4953053810640328,0.0011524894141672348,-0.0009207170602536507,90.32373929308544,90.32166608661102,5.007105841059456e-14,1.1102230246251565e-16,1.399113847679997e-11,3.102247999290459e-14,0.0002456938026018877,4.30848585579051e-06,173.6723950263176,173.0919128273072,SLSQP,SLSQP,0.09362713000155054,0.10513836600148352,7,SLSQP:5|projected-start:2,0,15,30,1,84,True,True,3.3631519499977003,2.895232795002812,,
representative,phi(1020),BR,ok,M004G10,node,0.00014785824586468997,1.9164231669238283e-06,89.32258680367127,1.923909194919603e-06,1.908937138928019e-06,0.00014978215505960957,0.00014594930872576195,0.002536664744170025,-0.0023608282105982425,90.32512346841544,90.32022597546067,1.5359157358430598e-19,4.1236427843855854e-20,8.014491592211625e-14,2.1517391646880917e-14,1.9643427887939047e-06,7.843432743805074e-07,192.79007090777773,190.368873359169,SLSQP,SLSQP,0.09824292299890658,0.12240391900559189,23,SLSQP:20|projected-start:2|trust-constr-exact-hess+KKT:1,1,15,30,1,84,True,True,3.3631519499977003,8.448845554004947,,
representative,phi(1020),BR,ok,nuisance_M001.1,parameter,0.8919055325610574,0.006997369420818367,89.32258680367127,0.0069973694208183,0.0069973694208183,0.8989029019818757,0.8849081631402391,-9.8021582928709e-05,9.814353791171015e-05,90.32248878208834,90.32268494720918,0.0,0.0,0.0,0.0,9.565452941416566e-08,1.2508363487553188e-07,285.8057587318014,285.8379912173864,SLSQP,SLSQP,0.09688045700022485,0.09742014199582627,7,SLSQP:5|projected-start:2,0,15,30,1,84,True,True,3.3631519499977003,1.8633102150051855,,
representative,f_2(1270),BR,ok,M005.1,parameter,0.8426593634816643,0.011075961694450962,82.25794029388227,0.014883323526918457,0.009345342679693114,0.8575426870085827,0.8333140208019711,0.003559323546923565,-0.002235517406305121,83.2614996174292,83.25570477647597,1.176836406102666e-14,6.661338147750939e-16,1.0625139726623098e-12,6.014230033937603e-14,1.3749488084423623e-05,1.2152216111740726e-06,15.677676890576121,38.4101725035466,SLSQP,SLSQP,0.043470849996083416,0.04304910900100367,17,SLSQP:14|projected-start:2|projected-start+KKT:1,1,8,12,0,44,True,True,2.4139568169994163,4.275966358000005,,
representative,f_2(1270),BR,ok,M005G1,node,0.00012105785842002719,1.5497636822531653e-05,82.25794029388227,1.5558174466369644e-05,1.543709917869364e-05,0.00013661603288639683,0.00010562075924133355,0.0004176874794268315,-0.0012420505638175428,83.2583579813617,83.25669824331845,5.279277320818903e-16,1.5805459703802454e-17,3.406504734414401e-11,1.0198625690352522e-12,0.00010358813041358359,3.646152366566685e-05,37.91420280025566,29.696904633717015,SLSQP,SLSQP,0.049388612002076115,0.04074476799723925,23,SLSQP:19|projected-start:2|projected-start+KKT:1|trust-constr-exact-hess+KKT:1,2,8,12,0,44,True,True,2.4139568169994163,4.611531775997719,,
representative,f_1(1285),BR,ok,M008.1,parameter,0.08978053619180335,0.0037358955109710254,24.021800535714654,0.0037067088272915716,0.003765082194650493,0.09348724501909492,0.08601545399715285,0.0014252614567844546,-0.002808066252896424,25.02322579717144,25.018992469461757,2.213507155346406e-14,7.494005416219807e-16,5.924970730166584e-12,2.0059462033165864e-13,3.1802295474329797e-06,3.571026369904561e-08,53.31062303759338,47.579951506545456,SLSQP,SLSQP,0.027398003003327176,0.03081899999961024,21,SLSQP:19|projected-start:2,0,5,11,0,18,True,True,2.0999592400039546,2.2178769870006363,,
representative,f_1(1285),BR,ok,M008R1,node,0.2743716028580421,0.01263634590172933,24.021800535714654,0.012636345901729351,0.012636345901729351,0.2870079487597714,0.2617352569563127,-0.003916470195907351,0.004352436621804401,25.017884065518746,25.026152972336458,0.0,5.551115123125783e-17,0.0,4.39297496783947e-15,7.915762366295596e-06,9.737916196787887e-06,63.875280612069574,58.97004721465321,SLSQP,SLSQP,0.035779026002273895,0.028125577002356295,7,SLSQP:5|projected-start:2,0,5,11,0,18,True,True,2.0999592400039546,1.112066246001632,,
representative,K_2^*(1430),BR,ok,M022.1,parameter,0.4986747850894472,0.011876965821860335,21.08113365071639,0.01196975461734373,0.011784177026377074,0.5106445397067909,0.4868906080630701,0.003224509888170246,-0.00290180782039684,22.08435816060456,22.078231842895992,6.661338147750939e-16,2.3869795029440866e-15,5.608619446803753e-14,2.009755301771345e-13,2.9769748540899643e-06,1.2663246555203277e-06,48.4448911976215,49.31981467623427,SLSQP,SLSQP,0.04451791300380137,0.03272862499579787,21,SLSQP:19|projected-start:2,0,8,11,0,32,True,True,2.3419413750016247,2.631855411003926,,
representative,K_2^*(1430),BR,ok,M022R1,node,0.4986747850894472,0.011876965821860335,21.08113365071639,0.01196975461734373,0.011784177026377074,0.5106445397067909,0.4868906080630701,0.003224509888170246,-0.00290180782039684,22.08435816060456,22.078231842895992,6.661338147750939e-16,2.3869795029440866e-15,5.608619446803753e-14,2.009755301771345e-13,2.9769748540899643e-06,1.2663246555203277e-06,48.4448911976215,49.31981467623427,SLSQP,SLSQP,0.03505123299692059,0.033958027001062874,21,SLSQP:19|projected-start:2,0,8,11,0,32,True,True,2.3419413750016247,1.5646131769972271,,
representative,K0l3 lin form fact,SPECIAL,ok,S013L+E,parameter,0.028248529277636703,0.0003491154983447324,16.228255403715963,0.00034911549834473407,0.00034911549834473407,0.028597644775981437,0.02789941377929197,1.6614857898389346e-06,-1.6594882481513196e-06,17.228257065201753,17.228253744227715,0.0,0.0,0.0,0.0,6.821210263296962e-13,2.8421709430404007e-12,5728.767906238943,5728.758393702097,SLSQP,SLSQP,0.01665879599750042,0.01478664399473928,7,SLSQP:4|projected-start:2|projected-start+KKT:1,1,2,1,0,8,True,True,0.8749580460062134,1.2383512539963704,,
representative,K0l3 lin form fact,SPECIAL,ok,S013L+M,node,0.028248529277636703,0.0003491154983447324,16.228255403715963,0.00034911549834473407,0.00034911549834473407,0.028597644775981437,0.02789941377929197,1.6614857898389346e-06,-1.6594882481513196e-06,17.228257065201753,17.228253744227715,0.0,0.0,0.0,0.0,6.821210263296962e-13,2.8421709430404007e-12,5728.767906238943,5728.758393702097,SLSQP,SLSQP,0.016713520999473985,0.02029842699994333,7,SLSQP:4|projected-start:2|projected-start+KKT:1,1,2,1,0,8,True,True,0.8749580460062134,0.6092281730016111,,
representative,f_2^'(1525),BR,ok,M013.1,parameter,0.008188959887628635,0.001512702991987802,14.202845643868436,0.0015127029919878021,0.0015127029919878021,0.009701662879616437,0.0066762568956408325,0.0009029226930579171,0.0007623551699875719,15.203748566561494,15.203607999038423,1.457167719820518e-15,2.6020852139652106e-17,9.632873918664586e-13,1.72015605690439e-14,1.5467223442431952e-05,2.1245088336070477e-06,17.12328561724845,11.814075929484568,SLSQP,SLSQP,0.03730527600419009,0.035432582000794355,7,SLSQP:5|projected-start:2,0,5,8,0,16,True,True,2.0481144779987517,1.8791110849997494,,
representative,f_2^'(1525),BR,ok,M013G1,node,7.193463989163297e-05,7.235927305363351e-06,14.202845643868436,7.23592730536335e-06,7.23592730536335e-06,7.917056719699632e-05,6.469871258626962e-05,-0.0036019827680320304,0.004355773767322546,15.199243661100404,15.207201417635758,1.2873520243829438e-19,1.350041308920999e-20,1.7791113288669222e-14,1.8657474736103735e-15,1.7883568795814668e-06,6.230401715181189e-09,27.935600914304942,23.10304093788339,SLSQP,SLSQP,0.032157864996406715,0.02908704900619341,7,SLSQP:5|projected-start:2,0,5,8,0,16,True,True,2.0481144779987517,1.117926829996577,,
representative,rho_3(1690),BR,ok,M015.1,parameter,0.23594242938464413,0.01264858516980164,14.729555858759666,0.012599176633982107,0.012648585169801635,0.24854160601862624,0.2232938442148425,0.0018634095827785302,-0.0019209298822975285,15.731419268342444,15.727634928877368,1.0771938896425581e-13,2.4980018054066022e-15,8.516319218171111e-12,1.974925868681783e-13,4.6687795011924454e-07,1.1614301722234785e-07,40.135223125718625,37.438136918721604,SLSQP,SLSQP,0.019647572000394575,0.021579408006800804,15,SLSQP:12|projected-start:3,0,4,5,0,10,True,True,1.88294220300304,1.8132843490020605,,
representative,rho_3(1690),BR,ok,M015R1,node,0.23594242938464413,0.01264858516980164,14.729555858759666,0.012599176633982107,0.012648585169801635,0.24854160601862624,0.2232938442148425,0.0018634095827785302,-0.0019209298822975285,15.731419268342444,15.727634928877368,1.0771938896425581e-13,2.4980018054066022e-15,8.516319218171111e-12,1.974925868681783e-13,4.6687795011924454e-07,1.1614301722234785e-07,40.135223125718625,37.438136918721604,SLSQP,SLSQP,0.020952678998582996,0.022722025998518802,15,SLSQP:12|projected-start:3,0,4,5,0,10,True,True,1.88294220300304,0.9609836179952254,,
representative,K^*(892) neutral,BR,ok,M018.4,parameter,0.0024643834441088358,0.00020983840215640744,68.41898010882522,0.00020983840215640752,0.00020983840215640752,0.0026742218462652433,0.0022545450419524282,-0.0008713081904829778,0.0008387746384528327,69.41810880063474,69.41981888346368,0.0,0.0,0.0,0.0,2.2892749029779777e-08,4.707220391254827e-09,35.9084500474221,30.352712145620256,SLSQP,SLSQP,0.015300823994039092,0.0167766960003064,7,SLSQP:5|projected-start:2,0,3,2,0,23,True,True,1.7261476519997814,1.3951384449974285,,
representative,K^*(892) neutral,BR,ok,M018R3,node,0.0024643834441088358,0.00020983840215640744,68.41898010882522,0.00020983840215640752,0.00020983840215640752,0.0026742218462652433,0.0022545450419524282,-0.0008713081904829778,0.0008387746384528327,69.41810880063474,69.41981888346368,0.0,0.0,0.0,0.0,2.2892749029779777e-08,4.707220391254827e-09,35.9084500474221,30.352712145620256,SLSQP,SLSQP,0.01724824599659769,0.017195735999848694,7,SLSQP:5|projected-start:2,0,3,2,0,23,True,True,1.7261476519997814,0.6812144470022758,,
representative,K0mu3 lin form fact,SPECIAL,ok,S013L0,parameter,0.0142251342872065,0.0008497068091454892,13.206270277113894,0.0008497068091454906,0.0008497068091454889,0.015074841096351991,0.013375427478061011,3.020339534032246e-11,3.0819791163594346e-11,14.206270277144098,14.206270277144714,0.0,0.0,0.0,0.0,6.382683226374047e-12,8.640199666842818e-12,2353.7530575658448,2353.753057566574,SLSQP,SLSQP,0.01925161000690423,0.02248228099779226,7,SLSQP:4|projected-start:3,0,2,0,0,6,True,True,0.7415972390008392,0.9332247829952394,,
representative,K(1)(1270),SPECIAL,ok,M028.2,parameter,0.3782524902683368,0.06251797859734845,4.926249862010507,0.0627621894512444,0.06202955688955669,0.4410146797195812,0.3162229333787801,0.002439559311756767,-0.00249809832094261,5.928689421322264,5.923751763689564,0.0,0.0,0.0,0.0,7.105427357601002e-15,7.815970093361102e-14,31.900613449122446,32.46549186962023,projected-start+KKT,SLSQP,0.031514618000073824,0.01234036500682123,22,SLSQP:17|projected-start:3|projected-start+KKT:2,2,2,3,0,3,True,True,1.025575335996109,1.6995824530022219,,
representative,K(1)(1270),SPECIAL,ok,M028R00,node,0.5598911960983564,0.14452181716812912,4.926249862010507,0.1563771224827022,0.13492466524680807,0.7162683185810585,0.4249665308515483,0.0012871960906890578,-0.002417267309271054,5.927537058101196,5.923832594701236,1.1102230246251565e-16,4.773959005888173e-15,7.682044457921403e-16,3.303279116906203e-14,2.8599733817063054e-09,1.9420219680922847e-12,43.24645588615921,41.662441302599895,SLSQP,SLSQP,0.01284324900188949,0.014213444999768399,23,SLSQP:20|projected-start:3,0,2,3,0,3,True,True,1.025575335996109,0.7293906550039537,,
representative,pi_2(1670),BR,ok,M034.8,parameter,0.5626674399305489,0.03206079827270364,1.898665542092617,0.03231127325920924,0.03181032328619815,0.5949787131897581,0.5308571166443508,0.0026036130711193373,-0.004968943996387587,2.9012691551637366,2.8936965980962297,7.346345753944661e-13,3.3306690738754696e-16,2.291379550645591e-11,1.038860307078249e-14,1.7826482136590447e-07,6.894476247094031e-08,18.484287866143212,19.45365976322189,SLSQP,SLSQP,0.01981384000100661,0.021185536999837495,21,SLSQP:19|projected-start:2,0,4,5,0,6,True,True,1.7444010970066302,2.05977614299627,,
representative,pi_2(1670),BR,ok,M034R11,node,0.10294855024531194,0.03926333576562616,1.898665542092617,0.039263335765626156,0.039263335765626156,0.1422118860109381,0.06368521447968578,0.00022350713206087391,-0.000318737417413395,2.898889049224678,2.898346804675204,1.231514890065455e-13,7.355227538141662e-16,3.136551864611585e-12,1.8733068382286907e-14,1.2298553077586136e-06,9.292458595400761e-08,7.786099474338256,3.783261273396411,SLSQP,SLSQP,0.02634110899816733,0.031673508005042095,7,SLSQP:5|projected-start:2,0,4,5,0,6,True,True,1.7444010970066302,0.9604722380026942,,
representative,Upsilon-1S,SPECIAL,ok,M049.6,parameter,0.0001899008590837273,3.492776300208053e-05,3.767699916631436,3.4927763002080516e-05,3.492776300208054e-05,0.0002248286220858078,0.00015497309608164674,-0.004280751498349389,0.003726819664897185,4.763419165133087,4.771426736296333,0.0,0.0,0.0,0.0,0.005966939932477544,0.00024118520468618964,56886.10486661185,57572.312392105465,SLSQP,SLSQP,0.02216224300354952,0.03736455000034766,7,SLSQP:3|projected-start:2|projected-start+KKT:1|trust-constr-exact-hess+KKT:1,2,2,3,0,5,True,True,0.9003123829970718,1.6080079950043,,
representative,Upsilon-1S,SPECIAL,ok,M049P13,node,0.0001899008590837273,3.492776300208053e-05,3.767699916631436,3.4927763002080516e-05,3.492776300208054e-05,0.0002248286220858078,0.00015497309608164674,-0.004280751498349389,0.003726819664897185,4.763419165133087,4.771426736296333,0.0,0.0,0.0,0.0,0.005966939932477544,0.00024118520468618964,56886.10486661185,57572.312392105465,SLSQP,SLSQP,0.020246578998921905,0.038801136004622094,7,SLSQP:3|projected-start:2|projected-start+KKT:1|trust-constr-exact-hess+KKT:1,2,2,3,0,5,True,True,0.9003123829970718,0.8694830829990678,,
representative,Upsilon(2S),BRU,ok,M052.4,parameter,0.17852073259955137,0.0026295456956097907,11.781224566989838,0.002629545695609803,0.002629545695609803,0.18115027829516117,0.17589118690394157,-0.0005118653679581087,0.0005491681826157446,12.78071270162188,12.781773735172454,5.551115123125783e-17,2.7755575615628914e-17,2.111054823041773e-14,1.0555274115208864e-14,0.0011102734613834648,0.0013327253027560653,702490.2808755989,667545.4768178588,SLSQP,SLSQP,0.024184809997677803,0.025870576995657757,7,SLSQP:4|projected-start:3,0,3,3,1,14,True,True,1.701136627998494,1.4408577860012883,,
representative,Upsilon(2S),BRU,ok,M052.6,parameter,0.00029331617675005975,2.2276013347679998e-05,11.781224566989838,2.2276013347680005e-05,2.2101981993401265e-05,0.00031559219009773975,0.0002712141947566585,-0.0010947888881158718,0.0017921868674708463,12.780129778101722,12.783016753857309,2.1575623232461538e-17,1.8106176280507924e-17,9.685585520044859e-13,8.128104431394429e-13,5.7071078143068114e-08,4.358777825274465e-08,280.45975586756157,207.50283454009787,trust-constr-exact-hess+KKT,trust-constr-exact-hess+KKT,0.1793064039957244,0.08547310200083302,14,projected-start:2|projected-start+KKT:1|trust-constr-exact-hess+KKT:11,12,3,3,1,14,True,True,1.701136627998494,2.6723020810022717,,
representative,Upsilon(2S),BRU,ok,M052R22,node,0.0016430370438150267,0.00012531789868558751,11.781224566989838,0.00012531789868558754,0.00012433885260210642,0.0017683549425006142,0.0015186981912129202,-0.001826510380006141,0.002274487027873917,12.779398056609832,12.783499054017712,7.32920668600201e-17,2.181197930606338e-15,5.848491526649675e-13,1.7405318422061857e-11,0.000733970244882403,0.0005898805531968057,141764.70029740088,122586.75754699575,SLSQP,SLSQP,0.03283182199811563,0.03140778999659233,14,SLSQP:11|projected-start:2|projected-start+KKT:1,1,3,3,1,14,True,True,1.701136627998494,1.8160081309979432,,
representative,Upsilon(2S),BRU,ok,M052R4,node,0.17852073259955137,0.0026295456956097907,11.781224566989838,0.002629545695609803,0.002629545695609803,0.18115027829516117,0.17589118690394157,-0.0005118653679581087,0.0005491681826157446,12.78071270162188,12.781773735172454,5.551115123125783e-17,2.7755575615628914e-17,2.111054823041773e-14,1.0555274115208864e-14,0.0011102734613834648,0.0013327253027560653,702490.2808755989,667545.4768178588,SLSQP,SLSQP,0.022267897002166137,0.021987397005432285,7,SLSQP:4|projected-start:3,0,3,3,1,14,True,True,1.701136627998494,0.6795874029994593,,
representative,Upsilon(2S),BRU,ok,M052R6,node,0.00029331617675005975,2.2276013347679998e-05,11.781224566989838,2.2276013347680005e-05,2.2101981993401265e-05,0.00031559219009773975,0.0002712141947566585,-0.0010947888881158718,0.0017921868674708463,12.780129778101722,12.783016753857309,2.1575623232461538e-17,1.8106176280507924e-17,9.685585520044859e-13,8.128104431394429e-13,5.7071078143068114e-08,4.358777825274465e-08,280.45975586756157,207.50283454009787,trust-constr-exact-hess+KKT,trust-constr-exact-hess+KKT,0.1867140250033117,0.07488466499489732,14,projected-start:2|projected-start+KKT:1|trust-constr-exact-hess+KKT:11,12,3,3,1,14,True,True,1.701136627998494,2.6590520730023854,,
representative,Upsilon(2S),BRU,ok,nuisance_M048.8,parameter,0.10209900668799389,0.005022898579864835,11.781224566989838,0.005022898579864835,0.005022898579864835,0.10712190526785872,0.09707610810812906,-0.003450196954705831,0.003344244671724894,12.777774370035132,12.784568811661563,0.0,0.0,0.0,0.0,2.314506505628639e-08,6.142666150895522e-08,396.103093745988,400.15764046797364,trust-constr-exact-hess+KKT,trust-constr-exact-hess+KKT,0.11277706100372598,0.12477552399650449,7,projected-start:2|projected-start+KKT:1|trust-constr-exact-hess+KKT:4,5,3,3,1,14,True,True,1.701136627998494,1.8242386720012291,,
representative,K_3^*(1780),BR,error,M060.6,,,,,,,,,,,,,,,,,,,,,,,,,,,,4,4,0,4,True,True,1.6419591459998628,,ValueError,array must not contain infs or NaNs
representative,K_3^*(1780),BR,ok,M060R4,node,0.18772758502905385,0.009847609446542872,0.01704546622691345,0.009847609446542865,0.009847609446542865,0.1975751944755967,0.17787997558251098,0.00012235428527263004,-4.507028687372738e-06,1.0171678205121861,1.0170409591982261,3.572142581731441e-14,2.7755575615628914e-16,3.6274210519036036e-12,2.818508975838076e-14,5.570370723446639e-07,7.01509377150173e-07,37.320507454940724,34.49306070656301,SLSQP,SLSQP,0.02696573499997612,0.02987830399797531,7,SLSQP:5|projected-start:2,0,4,4,0,4,True,True,1.6419591459998628,0.7730335739979637,,
representative,D^*(2010)+,BR,ok,M062.2,parameter,0.01623013079308885,0.004337511209011424,0.3257097366347475,0.004337511209011425,0.004337511209011425,0.020567642002100275,0.011892619584077425,0.00011560859521098088,0.0001072427613253435,1.3258253452299584,1.3258169793960728,7.241776622812779e-14,4.675079767757495e-15,1.6695695466486817e-11,1.0778254032046657e-12,1.292642780425064e-05,3.109403278934689e-06,11.644915522599439,6.790180836286806,SLSQP,SLSQP,0.02058705699892016,0.021028226001362782,7,SLSQP:4|projected-start:3,0,3,3,0,6,True,True,1.3518535189941758,1.5123448920057854,,
representative,D^*(2010)+,BR,ok,M062R1,node,0.6768834272502714,0.004953428232649349,0.3257097366347475,0.004953428232649326,0.004953428232649326,0.6818368554829207,0.6719299990176221,1.9097953247948496e-05,1.9984939614969832e-05,1.3257288345879954,1.3257297215743624,6.8833827526759706e-15,0.0,1.389619962050885e-12,0.0,8.535924041044767e-10,4.519380118720342e-10,121.1771633798643,122.54751826536476,SLSQP,SLSQP,0.018304609002370853,0.0184267419972457,7,SLSQP:4|projected-start:3,0,3,3,0,6,True,True,1.3518535189941758,0.5817025409996859,,
representative,K^*(1680),BR,ok,M095.1,parameter,0.3870690642468449,0.025786816812084702,2.9439591172282724,0.025786816812084667,0.025786816812084667,0.41285588105892956,0.36128224743476023,-0.0015795935586355725,0.0024102744739731286,3.942379523669637,3.9463693917022455,1.0325074129013956e-14,5.551115123125783e-17,4.004012672155497e-13,2.152694985029837e-15,5.576945156876167e-09,1.849855822060202e-10,22.95850380383399,22.031757540018827,SLSQP,SLSQP,0.01731936400028644,0.018086871998093557,7,SLSQP:5|projected-start:2,0,3,4,0,4,True,True,1.5860054990043864,1.4793425219977507,,
representative,K^*(1680),BR,ok,M095R1,node,1.0785378206653748,0.34011476078026287,2.9439591172282724,0.353400493623242,0.20725743235047256,1.4319383142886168,0.8712803883149023,-0.0005782210300298019,-0.0009171918355166397,3.9433808961982426,3.9430419253927558,0.0,3.3306690738754696e-16,0.0,9.792780137605691e-16,8.069484286698021e-05,1.466709231085414e-08,14.568928036252935,19.187847123355063,SLSQP,SLSQP,0.014100902000791393,0.014431477000471205,20,SLSQP:18|projected-start:2,0,3,4,0,4,True,True,1.5860054990043864,0.9970232159976149,,
representative,f_0(1510),BR,ok,M152.1,parameter,0.0595261433357362,0.008267733722830647,5.646165088204201,0.008493804566814304,0.008009367043992195,0.0680199479025505,0.051516776291744004,-0.001300560568594733,-0.002931708611350281,6.644864527635606,6.643233379592851,4.996003610813204e-16,1.3877787807814457e-17,6.042772757687107e-14,1.6785479882464188e-15,8.951789947312292e-07,5.54508350021516e-09,17.189594411121472,15.00516578182186,SLSQP,SLSQP,0.027423906001786236,0.028677706999587826,20,SLSQP:18|projected-start:2,0,5,6,0,10,True,True,1.8902712839990272,2.1535941979964264,,
representative,f_0(1510),BR,ok,M152R12,node,0.06384158083440801,0.01623466658514463,5.646165088204201,0.016741999915930394,0.015727333254358863,0.0805835807503384,0.048114247580049146,0.002567462876926996,-0.0013310936016548425,6.648732551081128,6.644833994602546,2.7755575615628914e-17,1.3877787807814457e-17,1.709648637997061e-15,8.548243189985305e-16,1.8078980585275585e-05,2.0532593908569497e-07,13.252171122719838,8.937295225910175,SLSQP,SLSQP,0.028927527004270814,0.029538617003709078,17,SLSQP:15|projected-start:2,0,5,6,0,10,True,True,1.8902712839990272,1.4015315399956307,,
representative,K_S,BR,ok,S012.11,parameter,0.0007142186918158561,5.5868938273325184e-06,0.5875971343822526,5.586893827332594e-06,5.586893827332594e-06,0.0007198055856431887,0.0007086317979885235,-0.00025647796606342865,1.2247767382067565e-05,1.5873406564161892,1.5876093821496347,2.8189256484623115e-18,2.8189256484623115e-18,5.045604472867201e-13,5.045604472867201e-13,0.00012159059404292804,0.00011662395096188047,322.9331068779045,318.02585912692956,SLSQP,SLSQP,0.022072239000408445,0.022098793000623118,7,SLSQP:4|projected-start:2|projected-start+KKT:1,1,4,6,0,5,True,True,1.6967439170039142,2.6279507349972846,,
representative,K_S,BR,ok,S012R1,node,0.6919512799672412,0.000508866200358463,0.5875971343822526,0.0005088662003585043,0.0005088662003585043,0.6924601461675997,0.6914424137668826,0.0033595685940466247,-0.003341926994562705,1.5909567029762992,1.5842552073876899,1.1102230246251565e-16,1.1102230246251565e-16,2.1817582379082693e-13,2.1817582379082693e-13,5.139799668228582e-07,1.395408602832909e-06,1187.3523786327203,1177.7345366815296,SLSQP,SLSQP,0.023850644000049215,0.0213547439998365,7,SLSQP:4|projected-start:2|projected-start+KKT:1,1,4,6,0,5,True,True,1.6967439170039142,1.4956999709975207,,
representative,K0/K+- masses,MASS,ok,S010M,parameter,493.6765994580405,0.005477530497657414,29.6821180349111,0.005477530497671523,0.005477530497671523,493.6820769885382,493.67112192754286,3.742783860616328e-11,9.088196861739561e-11,30.682118034948527,30.68211803500198,0.0,0.0,0.0,0.0,4.5051038455312664e-09,4.505103845889879e-09,365.12804464562447,365.1280446553837,projected-start,projected-start,0.004795330998604186,0.004838246000872459,7,projected-start:7,0,2,1,0,11,True,True,0.9166230080008972,0.9239019980013836,,
representative,K0/K+- masses,MASS,ok,S011DM,node,3.934168073217279,0.012388665992751133,29.6821180349111,0.012388665992751235,0.012388665992751235,3.9465567392100303,3.921779407224528,1.922728642966831e-11,-9.420730862075288e-11,30.682118034930326,30.68211803481689,3.4638958368304884e-14,3.4638958368304884e-14,2.7960200386847836e-12,2.7960200386847836e-12,2.3447384041921737e-10,7.641150130209729e-10,228.30764235483034,228.3076423415583,SLSQP,SLSQP,0.014360967004904523,0.013371910994464997,7,SLSQP:4|projected-start:3,0,2,1,0,11,True,True,0.9166230080008972,0.37619043800077634,,
representative,K0l3 form factors,SPECIAL,ok,S013LPM,node,0.023983536559017728,0.0010099077145678164,31.99605034230223,0.0010099077145678155,0.0010099077145678155,0.024993444273585543,0.022973628844449912,2.641903051880945e-08,2.6433170319251076e-08,32.99605036872126,32.996050368735396,0.0,0.0,0.0,0.0,1.4730234703843524e-11,4.382653398497781e-11,1980.3790227516238,1980.3790227656264,SLSQP,SLSQP,0.02432138699805364,0.02602715399552835,7,SLSQP:4|projected-start:3,0,3,2,0,11,True,True,0.9329868860004353,1.0464933700059191,,
representative,K0l3 form factors,SPECIAL,ok,S013LZ,parameter,0.01163187563832051,0.0007543687987894037,31.99605034230223,0.0007543687987894027,0.0007543687987894027,0.012386244437109912,0.010877506839531106,3.701089212881925e-09,3.686615457354492e-09,32.996050346003315,32.99605034598884,0.0,0.0,0.0,0.0,1.0265612988967378e-10,4.1561519632514164e-11,2651.2231293294526,2651.223129310284,SLSQP,SLSQP,0.023755099005938973,0.024790280003799126,7,SLSQP:4|projected-start:3,0,3,2,0,11,True,True,0.9329868860004353,0.38020183000480756,,
representative,K0l3 pole mass,SPECIAL,ok,S013MVE,parameter,877.6489945265571,4.936910219297322,17.615852437991492,4.9369102192972605,4.9369102192972605,882.5859047458544,872.7120843072598,1.2994760822948592e-10,1.3153567124390975e-10,18.61585243812144,18.615852438123028,0.0,0.0,0.0,0.0,8.326672684688674e-17,5.855045090355223e-16,0.4051116814810914,0.4051116814814141,SLSQP,SLSQP,0.0174650830012979,0.015154483000515029,7,SLSQP:4|projected-start:3,0,2,1,0,6,True,True,0.8018377639964456,0.9189497789993766,,
representative,K0l3 pole mass,SPECIAL,ok,S013MVM,node,877.6489945265571,4.936910219297322,17.615852437991492,4.9369102192972605,4.9369102192972605,882.5859047458544,872.7120843072598,1.2994760822948592e-10,1.3153567124390975e-10,18.61585243812144,18.615852438123028,0.0,0.0,0.0,0.0,8.326672684688674e-17,5.855045090355223e-16,0.4051116814810914,0.4051116814814141,SLSQP,SLSQP,0.016387289004342165,0.01704393999534659,7,SLSQP:4|projected-start:3,0,2,1,0,6,True,True,0.8018377639964456,0.3642298810009379,,
representative,K0e3 form factors,SPECIAL,ok,S013LQE,parameter,0.0016275063496911939,0.00046339324101365634,4.688273922532985,0.0004633932410136564,0.0004633932410136564,0.0020908995907048503,0.0011641131086775375,-1.0568035335722925e-09,-1.0549312534635646e-09,5.688273921476181,5.6882739214780536,0.0,0.0,0.0,0.0,3.456079866737127e-11,9.890754881780595e-12,4315.988712982606,4315.988712986551,SLSQP,SLSQP,0.015905539999948815,0.018555949995061383,7,SLSQP:4|projected-start:3,0,2,0,0,6,True,True,0.7933841370031587,0.9380500889965333,,
representative,Sigma+ decay param.,SPECIAL,ok,S019A+,parameter,0.04891593632080535,0.0025791464190908797,5.171350323532188,0.0025791464190908775,0.0025791464190908775,0.051495082739896225,0.04633678990171447,-0.0012954071841120296,0.00130449741282046,6.170054916348076,6.1726548209450085,0.0,0.0,0.0,0.0,0.0003525603554592749,2.841601753900136e-05,773.939631861908,776.9707689206044,SLSQP,SLSQP,0.020846101993811317,0.017915861993969884,7,SLSQP:4|projected-start:3,0,2,1,0,10,True,True,1.0730510330031393,1.1011433559979196,,
representative,Sigma+ decay param.,SPECIAL,ok,S019A+0,node,-0.04981082129453024,0.0026298870708705217,5.171350323532188,0.002629887070870522,0.002629887070870522,-0.047180934223659717,-0.05244070836540076,0.0020412495867603297,-0.0022114463167959286,6.173391573118948,6.169138877215392,0.0,6.938893903907228e-18,0.0,2.6384759941841827e-15,0.00024179398240601013,6.52156131424382e-05,776.3044649041453,774.363262322212,SLSQP,SLSQP,0.01726664600573713,0.016940052999416366,7,SLSQP:4|projected-start:3,0,2,1,0,10,True,True,1.0730510330031393,0.6133178750023944,,
representative,"K_L eta+-,00 phase",SPECIAL,ok,S012T,node,8.956361396567823e-11,3.2529229447800946e-14,16.462596012567708,3.252922944779622e-14,3.252922944779622e-14,8.959614319512602e-11,8.953108473623043e-11,2.8508987927722274e-05,-2.9641620180598238e-05,17.462624521555636,17.462566370947528,0.0,0.0,0.0,0.0,1.3812851185245241e-06,1.380937487439808e-06,5508.893942140202,5500.736659006719,SLSQP,SLSQP,0.030876609998813365,0.029117040001438,7,SLSQP:4|projected-start:2|projected-start+KKT:1,1,4,4,0,18,True,True,1.6071469180023996,2.492655250003736,,
representative,"K_L eta+-,00 phase",SPECIAL,ok,S013F+-,parameter,43.39571965184173,0.3891764039734561,16.462596012567708,0.3891764039734511,0.3891764039734511,43.78489605581518,43.00654324786828,-5.059423813591479e-05,4.97473377478741e-05,17.462545418329572,17.462645759905456,0.0,0.0,0.0,0.0,6.787810918990633e-10,2.4341770075718565e-09,5.138926620208475,5.139184450783492,trust-constr-exact-hess+KKT,trust-constr-exact-hess+KKT,0.08991145699837944,0.08803089200227987,7,SLSQP:1|projected-start:2|projected-start+KKT:1|trust-constr-exact-hess+KKT:3,4,4,4,0,18,True,True,1.6071469180023996,1.5455938320010318,,
representative,"K_L eta+-,00 ph CPT",SPECIAL,ok,S012T,node,8.954288004080427e-11,3.169181042395016e-14,19.98727644323181,3.16918104239488e-14,3.16918104239488e-14,8.957457185122822e-11,8.951118823038032e-11,-0.0020254387152789377,-0.0024785092353418747,20.98525100451653,20.984797933996468,0.0,1.2924697071141057e-26,0.0,4.078245104411452e-13,1.4275621579545747e-06,5.471688858231452e-07,5639.292261736574,5630.03585411544,SLSQP,SLSQP,0.041292902002169285,0.043111357001180295,7,SLSQP:5|projected-start:2,0,4,4,0,20,True,True,1.469252750997839,1.6264834870016784,,
representative,"K_L eta+-,00 ph CPT",SPECIAL,ok,S013D,parameter,5292820914.957127,7298072.429411254,19.98727644323181,7298072.429410934,7298072.429410934,5300118987.386538,5285522842.527716,-0.00019597297445628215,-0.0005057530881131811,20.987080470257354,20.986770690143697,0.0,9.5367431640625e-07,0.0,1.3067482210274313e-13,3.634838928830991e-06,1.0613228157197198e-05,1452.0422480861166,1451.8172655727765,trust-constr-exact-hess+KKT,trust-constr-exact-hess+KKT,0.1317716810008278,0.1577599630036275,7,SLSQP:1|projected-start:2|trust-constr-exact-hess+KKT:4,4,4,4,0,20,True,True,1.469252750997839,2.252176290996431,,
representative,Sigma+,BR,ok,S019.5,parameter,0.0010438002755709993,2.4587015976364614e-05,21.953042471934452,2.4587015976364722e-05,2.4587015976364722e-05,0.001068387291547364,0.0010192132595946346,-9.009717897967562e-05,9.649958562363281e-05,22.952952374755473,22.953138971520076,6.288372600415926e-18,0.0,2.557598940213367e-13,0.0,7.189675897321772e-07,1.7324598348744235e-09,106.32675431363222,101.46576302534316,SLSQP,SLSQP,0.019915764998586383,0.019416774004639592,7,SLSQP:4|projected-start:3,0,3,3,0,15,True,True,1.8740619430027436,1.5914561140016303,,
representative,Sigma+,BR,ok,S019R00,node,0.0010438002755709993,2.4587015976364614e-05,21.953042471934452,2.4587015976364722e-05,2.4587015976364722e-05,0.001068387291547364,0.0010192132595946346,-9.009717897967562e-05,9.649958562363281e-05,22.952952374755473,22.953138971520076,6.288372600415926e-18,0.0,2.557598940213367e-13,0.0,7.189675897321772e-07,1.7324598348744235e-09,106.32675431363222,101.46576302534316,SLSQP,SLSQP,0.021314655998139642,0.022759936000511516,7,SLSQP:4|projected-start:3,0,3,3,0,15,True,True,1.8740619430027436,0.8219121849979274,,
representative,Sigma-,BR,ok,S020.1,parameter,0.9984815422823519,5.654053310664978e-05,8.675548458799762,5.455277998966945e-05,5.609881019186247e-05,0.9985360950623415,0.99842544347216,0.0028503505546275676,-0.0031283704993807504,9.67839880935439,9.672420088300381,1.1102230246251565e-16,1.1102230246251565e-16,1.9635878256241313e-12,1.9635878256241313e-12,1.0560822142915687e-05,3.753053404791801e-11,66.0755422941795,69.53952835966616,SLSQP,SLSQP,0.02510910900309682,0.027119409998704214,22,SLSQP:19|projected-start:3,0,4,3,0,16,True,True,1.7253810960028204,2.1648100040038116,,
representative,Sigma-,BR,ok,S020R1,node,0.00044687979675651744,4.2511887271480876e-05,8.675548458799762,4.251188727148091e-05,4.251188727148091e-05,0.0004893916840279984,0.00040436790948503653,-2.726324410673442e-08,1.116376324716839e-08,9.675548431536518,9.675548469963525,2.168404344971009e-19,2.168404344971009e-19,5.1007012018158135e-15,5.1007012018158135e-15,1.2310986966744899e-06,4.428933493829789e-06,32.56050941441953,26.903652630647798,SLSQP,SLSQP,0.028058790005161427,0.02700121400266653,7,SLSQP:4|projected-start:3,0,4,3,0,16,True,True,1.7253810960028204,1.0588729119990603,,
representative,Xi0,BR,ok,S023.1,parameter,0.9952445620926724,0.00012033722758188412,7.4915062108282795,0.00012033722758186816,0.00012033722758186816,0.9953648993202543,0.9951242248650906,-0.0003107353739046914,0.0003092027175739531,8.491195475454376,8.491815413545854,0.0,0.0,0.0,0.0,4.3846819302502045e-11,8.263164725580964e-07,95.56879553780132,100.57075108883318,SLSQP,SLSQP,0.03914770899427822,0.029186943000240717,7,SLSQP:4|projected-start:2|projected-start+KKT:1,1,5,5,0,11,True,True,1.8095938909973484,3.0144244999974035,,
representative,Xi0,BR,ok,S023R10,node,0.00025207235904967866,8.127146461943514e-06,7.4915062108282795,8.12714646194351e-06,8.12714646194351e-06,0.00026019950551162217,0.00024394521258773515,-2.5046625792057853e-05,3.208486348604822e-05,8.491481164202488,8.491538295691766,8.223673478302551e-17,2.2768245622195593e-17,1.0118771104730348e-11,2.801505513504777e-12,4.013710891888249e-05,5.0725960201371254e-05,90.32666948975891,84.68956449438626,SLSQP,SLSQP,0.03959536700131139,0.030374730995390564,7,SLSQP:4|projected-start:2|projected-start+KKT:1,1,5,5,0,11,True,True,1.8095938909973484,2.0524532920026104,,
representative,Xi masses,MASS,ok,S022M,parameter,1321.7108381820517,0.06645795814676839,0.7886428477448615,0.06645795814665689,0.06645795814665689,1321.7772961401984,1321.644380223905,-4.122877084178356e-08,4.1151000607086985e-08,1.7886428065160906,1.788642888895862,0.0,0.0,0.0,0.0,1.5760726057578722e-12,3.6206610709286932e-12,30.094213161331442,30.094214400908516,SLSQP,SLSQP,0.0160515360039426,0.013594522002676968,7,SLSQP:4|projected-start:3,0,2,2,0,6,True,True,0.8215305900012027,0.9210270839976147,,
representative,Xi masses,MASS,ok,S022M1,node,1321.7108381820517,0.06645795814676839,0.7886428477448615,0.06645795814665689,0.06645795814665689,1321.7772961401984,1321.644380223905,-4.122877084178356e-08,4.1151000607086985e-08,1.7886428065160906,1.788642888895862,0.0,0.0,0.0,0.0,1.5760726057578722e-12,3.6206610709286932e-12,30.094213161331442,30.094214400908516,SLSQP,SLSQP,0.011151920996780973,0.01214454000000842,7,SLSQP:4|projected-start:3,0,2,2,0,6,True,True,0.8215305900012027,0.35281102499720873,,
representative,Omega mean lives,SPECIALT,ok,S024T,parameter,8.207651819252343e-11,1.033178096267116e-12,0.13142063483257355,1.0331780962671192e-12,1.0331780962671192e-12,8.310969628879055e-11,8.104334009625631e-11,5.85171910927329e-11,-5.830003146911622e-11,1.1314206348910907,1.1314206347742735,0.0,0.0,0.0,0.0,0.0,0.0,1935774681330.0068,1935774681216.941,projected-start,projected-start,0.00531140599923674,0.0065152359966305085,7,projected-start:7,0,1,1,0,4,True,True,0.7532190499987337,0.6211110340009327,,
representative,Omega mean lives,SPECIALT,ok,S024TA,node,8.207651819252343e-11,1.033178096267116e-12,0.13142063483257355,1.0331780962671192e-12,1.0331780962671192e-12,8.310969628879055e-11,8.104334009625631e-11,5.85171910927329e-11,-5.830003146911622e-11,1.1314206348910907,1.1314206347742735,0.0,0.0,0.0,0.0,0.0,0.0,1935774681330.0068,1935774681216.941,projected-start,projected-start,0.005020175005483907,0.004978238001058344,7,projected-start:7,0,1,1,0,4,True,True,0.7532190499987337,0.294090094997955,,
representative,omega(782),BR,ok,M001.1,parameter,0.892048645817102,0.006455134654544064,48.89957688644143,0.006505565394032686,0.0064299192847997455,0.8985542112111347,0.8856187265323022,0.004048687450023181,0.0023025141347901013,49.90362557389145,49.90187940057622,9.969802761133906e-14,1.2212453270876722e-15,1.5444763424285358e-11,1.8918975241329503e-13,1.922726083132671e-05,1.1881278380175859e-07,36.63762734703667,39.52984452814862,SLSQP,SLSQP,0.06182291600271128,0.05859090200101491,22,SLSQP:20|projected-start:2,0,10,16,0,49,True,True,2.6676030720045674,3.4658430950003094,,
representative,omega(782),BR,ok,M001G2,node,6.61475701878748e-05,8.295760833664363e-07,48.89957688644143,8.295760833664369e-07,8.295760833664369e-07,6.697714627124123e-05,6.531799410450836e-05,-0.0033309448310632206,0.0034863987685795905,49.89624594161037,49.90306328521001,1.663334924215721e-17,9.565634821238373e-19,2.005042042034137e-11,1.15307504797159e-12,6.092253046422897e-06,2.5331409817809413e-06,205.81301828986142,203.0786519912892,SLSQP,SLSQP,0.07674701100040693,0.06381879100081278,7,SLSQP:5|projected-start:2,0,10,16,0,49,True,True,2.6676030720045674,1.6836624679999659,,
representative,D+-,BRU,ok,S031.44,parameter,0.05399420190457996,0.0009754242967116994,64.95158123703864,0.0009754242967116994,0.0009754242967116994,0.05496962620129166,0.05301877760786826,-5.201977506885669e-05,4.472872140581785e-05,65.95152921726357,65.95162596576004,2.7755575615628914e-17,2.7755575615628914e-17,2.84548741600933e-14,2.84548741600933e-14,0.0008853360457160173,0.0005305301057549335,192701.63750215297,179412.51175127216,SLSQP,SLSQP,2.2271141780001926,0.22580039699823828,7,SLSQP:5|projected-start:2,0,18,35,0,46,True,True,3.189064940001117,5.07173752199742,,
representative,D+-,BRU,ok,S031B02,node,0.42831162722348887,0.004905858583918997,64.95158123703864,0.004905858583919009,0.004905858583919009,0.4332174858074079,0.42340576863956986,-0.0014246169118763419,0.0013969521826737719,65.95015662012676,65.95297818922131,1.6653345369377348e-16,5.551115123125783e-17,3.394583248682636e-14,1.1315277495608788e-14,8.313455382517467e-08,2.0477072018171164e-07,550377.931502016,540863.0049892883,trust-constr-exact-hess+KKT,trust-constr-exact-hess+KKT,1.2439975759989466,0.6456194150014198,7,SLSQP:1|projected-start:2|trust-constr-exact-hess+KKT:4,4,18,35,0,46,True,True,3.189064940001117,9.088914363004733,,
representative,a_2(1320),BR,ok,M012.1,parameter,0.7005901846193545,0.021865751769407662,9.326849140361317,0.022549056512201626,0.02118244702661365,0.7231392411315561,0.6794077375927409,-0.0009175300034041101,-0.0030144255564277245,10.325931610357912,10.323834714804889,3.3306690738754696e-16,1.1102230246251565e-16,1.5232355644572e-14,5.077451881524e-15,7.073693534533808e-08,3.865350614733645e-09,20.309827120783932,24.849353152886607,SLSQP,SLSQP,0.02416849700239254,0.025942961001419462,17,SLSQP:14|projected-start:3,0,4,5,0,18,True,True,2.006694467003399,2.012318879002123,,
representative,a_2(1320),BR,ok,M012R1,node,0.0695513721929025,0.011876532122204202,9.326849140361317,0.011969317529408913,0.011830139418601837,0.08152068972231141,0.05772123277430066,0.004978008263302414,0.0027892890792049485,10.331827148624619,10.329638429440521,2.7755575615628914e-17,2.7755575615628914e-17,2.337010107835895e-15,2.337010107835895e-15,1.383678371272938e-07,3.2304947874896806e-05,19.256940663541528,13.913539416235272,SLSQP,SLSQP,0.024617477996798698,0.022544655003002845,22,SLSQP:20|projected-start:2,0,4,5,0,18,True,True,2.006694467003399,1.4299063539947383,,
representative,D0-topological,BR,ok,S032.334,parameter,0.14599970927714426,0.0049999880787694176,1.426453686530685e-07,0.004999988078769418,0.004999988078769418,0.15099969735591368,0.14099972119837484,-0.00012119662876830528,0.00011138112080577578,0.9998789460166003,1.0001115237661744,3.1530333899354446e-14,1.5765166949677223e-14,6.306081815121967e-12,3.1530409075609835e-12,6.583996250692185e-09,8.587619165267416e-06,67.98419087202194,62.63673152257425,SLSQP,SLSQP,0.032735901993873995,0.03356916499615181,7,SLSQP:5|projected-start:2,0,4,4,0,3,True,True,1.6078539700029069,1.598691986000631,,
representative,D0-topological,BR,ok,S032S34,node,0.14599970927714426,0.0049999880787694176,1.426453686530685e-07,0.004999988078769418,0.004999988078769418,0.15099969735591368,0.14099972119837484,-0.00012119662876830528,0.00011138112080577578,0.9998789460166003,1.0001115237661744,3.1530333899354446e-14,1.5765166949677223e-14,6.306081815121967e-12,3.1530409075609835e-12,6.583996250692185e-09,8.587619165267416e-06,67.98419087202194,62.63673152257425,SLSQP,SLSQP,0.03445092499896418,0.02514633499959018,7,SLSQP:5|projected-start:2,0,4,4,0,3,True,True,1.6078539700029069,0.7389230830012821,,
representative,Nu-mix s(23)-normal,SPECIAL,ok,S067P23,parameter,0.5305309199517628,0.022454484484563324,4.674866981215404,0.020963366374260217,0.01596373506324411,0.551494286326023,0.5145671848885187,0.00041006708560331617,0.0006532833483525735,5.675277048301007,5.675520264563756,0.0,0.0,0.0,0.0,0.0,0.0,97.67110559610396,109.61661868379366,projected-start,projected-start,0.005128887001774274,0.005072271000244655,22,projected-start:22,0,1,0,0,6,True,True,0.6841582830020343,0.7036248199947295,,
representative,Ds*+-,BR,ok,S074.1,parameter,0.9355319696024337,0.0037821145694163475,0.0020351069083442493,0.0037821145694163505,0.0037821145694163505,0.93931408417185,0.9317498550330173,-0.002324349529994274,0.0017698365340763633,0.9997107573783499,1.0038049434424205,8.881784197001252e-14,1.1102230246251565e-16,2.3483646605586252e-11,2.9354558256982814e-14,2.410884870499861e-07,8.607158572063183e-10,40.494378332551655,45.31865123141839,SLSQP,SLSQP,0.019836294995911885,0.02314154200576013,7,SLSQP:4|projected-start:3,0,3,2,0,4,True,True,1.6362465720012551,1.550642392001464,,
representative,Ds*+-,BR,ok,S074R01,node,0.007199999872385079,0.0017176066443234373,0.0020351069083442493,0.001798119455776099,0.0016370938328707759,0.008998119328161178,0.005562906039514303,-0.00491621007651033,-0.0038627574547899224,0.9971188968318339,0.9981723494535543,3.469446951953614e-18,1.734723475976807e-18,2.019931026361524e-15,1.009965513180762e-15,1.709841077346533e-05,1.2602446071784205e-05,13.420620417417508,10.02539905356276,SLSQP,SLSQP,0.019313258002512157,0.01806848999694921,19,SLSQP:16|projected-start:3,0,3,2,0,4,True,True,1.6362465720012551,1.0461797960015247,,
representative,D_s1,BR,ok,M173.3,parameter,0.043261345458141184,0.012496147287167504,3.3745414310162407,0.013570034944658457,0.011471072705017044,0.05683138040279964,0.03179027275312414,-0.00310057954627041,-0.003209572027059515,4.37144085146997,4.371331858989181,5.551115123125783e-17,7.223388553967425e-14,4.442261279063438e-15,5.780492489381298e-12,3.2700820743059324e-07,1.0396802710767159e-06,8.65538364994671,6.8144905110562135,SLSQP,SLSQP,0.02981173100124579,0.039803776002372615,22,SLSQP:20|projected-start:2,0,5,7,0,8,True,True,1.7844874290021835,2.461060774003272,,
representative,D_s1,BR,ok,M173R1,node,0.4817826116444502,0.11162410422059797,3.3745414310162407,0.11511235747749166,0.10857188262081602,0.5968949691219418,0.37321072902363417,0.002438200122908185,5.994276514975638e-05,4.3769796311391485,4.37460137378139,2.5723867480564877e-13,6.106226635438361e-16,2.3045083013367696e-12,5.470347715732513e-15,4.519630026755272e-07,2.5448459459457745e-07,4.756899138776723,5.39556703418123,SLSQP,SLSQP,0.03156204099650495,0.03244830399489729,20,SLSQP:18|projected-start:2,0,5,7,0,8,True,True,1.7844874290021835,1.4107037369976752,,
representative,Lam-b-0,BRU,ok,S040.10,parameter,5.620626900476748e-06,1.154823936430577e-06,14.321408287472362,1.2811328044776718e-06,1.0555812543935744e-06,6.90175970495442e-06,4.565045646083174e-06,-0.0005905747504826309,0.003262629350377466,15.32081771272188,15.32467091682274,4.212633659874537e-17,4.741690438729573e-17,3.647857934859997e-11,4.10598558719312e-11,3.444961664566008e-07,5.102942337424662e-06,2.1063643776446535,1.3516776017798333,trust-constr-exact-hess+KKT,trust-constr-exact-hess+KKT,3.4836945030037896,12.527651436001179,20,SLSQP:1|projected-start:2|trust-constr-exact-hess+KKT:17,17,10,10,4,16,True,True,2.0522996360014076,132.6466557820022,,
representative,Lam-b-0,BRU,ok,S040.11,parameter,0.004302283037325328,0.0002767340210835911,14.321408287472362,0.00027781501335344926,0.00027241005200416037,0.0045800980506787775,0.004029872985321168,0.001690956692094403,-0.0006877100018911619,15.323099244164457,15.320720577470471,3.642919299551295e-17,5.117434254131581e-17,1.3163973425771542e-13,1.8492248383821929e-13,2.0103838089757567e-08,1.1365879450209336e-06,4719.717875331475,3781.581911652462,trust-constr-exact-hess+KKT,trust-constr-exact-hess+KKT,0.25236385199968936,0.33060581700556213,21,projected-start:2|trust-constr-exact-hess+KKT:19,19,10,10,4,16,True,True,2.0522996360014076,29.695238593994873,,
representative,Lam-b-0,BRU,ok,S040.15,parameter,0.0600849246718655,0.015255750599285736,14.321408287472362,0.014779008393058062,0.014063895083716534,0.07486393306492356,0.046021029588148965,0.0021464898811363042,-0.0040649389263371916,15.323554777353499,15.317343348546025,0.0,2.0816681711721685e-17,0.0,1.3645137665462562e-15,3.672706733597775e-08,3.8333356419744664e-05,25507.75809103012,10364.078300881136,trust-constr-exact-hess+KKT,trust-constr-exact-hess+KKT,0.1902027540054405,0.27285332099563675,18,projected-start:2|trust-constr-exact-hess+KKT:16,16,10,10,4,16,True,True,2.0522996360014076,5.853530211999896,,
representative,Lam-b-0,BRU,ok,S040.29,parameter,0.00031533157588346366,2.2121652321338334e-05,14.321408287472362,2.238089043447904e-05,2.1603176095056915e-05,0.0003377124663179427,0.00029372839978840674,0.0005677632143807898,-0.004935864303408977,15.321976050686743,15.316472423168953,1.4690939437178585e-17,1.83772268236293e-17,6.640977456737192e-13,8.30734818388896e-13,0.0003970826433603417,3.8335336028473464e-05,316.32549524681747,253.60665464671007,SLSQP,trust-constr-exact-hess+KKT,7.373867573005555,8.41795594299765,22,SLSQP:1|projected-start:2|trust-constr-exact-hess+KKT:19,19,10,10,4,16,True,True,2.0522996360014076,151.49475526800234,,
representative,Lam-b-0,BRU,ok,S040.4,parameter,0.0068005547088304885,0.0009510951368053415,14.321408287472362,0.0009733864290742168,0.0009288038445364657,0.007773941137904705,0.005871750864294023,-0.0018097880289751345,0.0034994551424887277,15.319598499443387,15.324907742614851,3.469446951953614e-18,3.469446951953614e-18,3.647844277289894e-15,3.647844277289894e-15,2.9620061223352264e-08,9.055876852891802e-09,3807.4168684241426,2392.6517993381744,trust-constr-exact-hess+KKT,trust-constr-exact-hess+KKT,0.18038149899803102,0.2091793189974851,21,SLSQP:2|projected-start:2|trust-constr-exact-hess+KKT:17,17,10,10,4,16,True,True,2.0522996360014076,6.611935180000728,,
representative,Lam-b-0,BRU,ok,S040.9,parameter,4.637502482018266e-06,9.253174578624001e-07,14.321408287472362,1.0265240548161006e-06,8.457979888273499e-07,5.6640265368343664e-06,3.791704493190916e-06,0.0030736695774500333,-0.003045754516564969,15.324481957049812,15.318362532955797,7.722399380117456e-18,2.1510401695522957e-17,8.345675653799045e-12,2.324651017091442e-11,0.0002726389314601509,8.314745030963737e-07,1.778772745718474,1.1522232038327074,trust-constr-exact-hess+KKT,trust-constr-exact-hess+KKT,1.652922913999646,5.318945283004723,20,projected-start:2|trust-constr-exact-hess+KKT:18,18,10,10,4,16,True,True,2.0522996360014076,111.58346070999687,,
representative,Lam-b-0,BRU,ok,S040R04,node,13.965823296744208,3.5679816234771824,14.321408287472362,3.4564821977435223,3.3031704873597327,17.42230549448773,10.662652809384475,5.4908105587614386e-05,-0.0009489099962518566,15.32146319557795,15.32045937747611,3.410605131648481e-13,5.329070518200751e-15,9.558920116647546e-14,1.493581268226179e-15,3.1256032435843173e-07,1.3358949623605074e-05,25126.343003493657,10358.142857022596,trust-constr-exact-hess+KKT,trust-constr-exact-hess+KKT,0.4010527539940085,0.26471137800399447,20,SLSQP:4|projected-start:2|trust-constr-exact-hess+KKT:14,14,10,10,4,16,True,True,2.0522996360014076,7.586356986997998,,
representative,Lam-b-0,BRU,ok,S040R05,node,1.5806851036602887,0.19627458340101003,14.321408287472362,0.19627458340101,0.19627458340101,1.7769596870612987,1.3844105202592787,-0.0005852575730660448,0.0007183279978093537,15.320823029899296,15.322126615470172,1.3322676295501878e-15,1.3322676295501878e-15,6.7877745883593194e-15,6.7877745883593194e-15,4.068628823640978e-09,4.327932358011804e-08,4988.881119920298,3257.753367065746,trust-constr-exact-hess+KKT,trust-constr-exact-hess+KKT,0.43508498099981807,0.2193764579933486,7,projected-start:2|trust-constr-exact-hess+KKT:5,5,10,10,4,16,True,True,2.0522996360014076,3.805384444000083,,
representative,Lam-b-0,BRU,ok,S040R10,node,5.620626900476748e-06,1.154823936430577e-06,14.321408287472362,1.2811328044776718e-06,1.0555812543935744e-06,6.90175970495442e-06,4.565045646083174e-06,-0.0005905747504826309,0.003262629350377466,15.32081771272188,15.32467091682274,4.212633659874537e-17,4.741690438729573e-17,3.647857934859997e-11,4.10598558719312e-11,3.444961664566008e-07,5.102942337424662e-06,2.1063643776446535,1.3516776017798333,trust-constr-exact-hess+KKT,trust-constr-exact-hess+KKT,3.510426077002194,12.86823455800186,20,SLSQP:1|projected-start:2|trust-constr-exact-hess+KKT:17,17,10,10,4,16,True,True,2.0522996360014076,132.7852447749974,,
representative,Lam-b-0,BRU,ok,S040R11,node,0.004302283037325328,0.0002767340210835911,14.321408287472362,0.00027781501335344926,0.00027241005200416037,0.0045800980506787775,0.004029872985321168,0.001690956692094403,-0.0006877100018911619,15.323099244164457,15.320720577470471,3.642919299551295e-17,5.117434254131581e-17,1.3163973425771542e-13,1.8492248383821929e-13,2.0103838089757567e-08,1.1365879450209336e-06,4719.717875331475,3781.581911652462,trust-constr-exact-hess+KKT,trust-constr-exact-hess+KKT,0.24796099599916488,0.3248853609984508,21,projected-start:2|trust-constr-exact-hess+KKT:19,19,10,10,4,16,True,True,2.0522996360014076,29.769870235999406,,
representative,Lam-b-0,BRU,ok,S040R15,node,0.0600849246718655,0.015255750599285736,14.321408287472362,0.014779008393058062,0.014063895083716534,0.07486393306492356,0.046021029588148965,0.0021464898811363042,-0.0040649389263371916,15.323554777353499,15.317343348546025,0.0,2.0816681711721685e-17,0.0,1.3645137665462562e-15,3.672706733597775e-08,3.8333356419744664e-05,25507.75809103012,10364.078300881136,trust-constr-exact-hess+KKT,trust-constr-exact-hess+KKT,0.16751688300428214,0.3103785639978014,18,projected-start:2|trust-constr-exact-hess+KKT:16,16,10,10,4,16,True,True,2.0522996360014076,6.038600921994657,,
representative,Lam-b-0,BRU,ok,S040R20,node,0.8250863407469561,0.08938039027296374,14.321408287472362,0.09007867457197138,0.08868210597395632,0.9151650153189275,0.7364042347729998,0.000592159787792923,0.0013397776591759225,15.322000447260155,15.322748065131538,1.0826894936144527e-12,2.3058221998439876e-12,1.2113277759338117e-11,2.5797853341231886e-11,4.195872258080051e-06,9.509189887893022e-06,4.523084031439081,3.9249906391918774,trust-constr-exact-hess+KKT,trust-constr-exact-hess+KKT,0.2539617759975954,0.4307343390028109,21,SLSQP:2|projected-start:2|trust-constr-exact-hess+KKT:17,17,10,10,4,16,True,True,2.0522996360014076,67.8144823900002,,
representative,Lam-b-0,BRU,ok,S040R23,node,0.07329400998208177,0.002240681136207082,14.321408287472362,0.0022406811362070816,0.0022406811362070816,0.07553469111828885,0.07105332884587469,-0.0024509849986831256,0.002562112182358689,15.31895730247368,15.323970399654721,6.2727600891321345e-15,4.579669976578771e-15,2.799488060916317e-12,2.043874026775187e-12,3.245915382377601e-05,1.3356446810154643e-05,9104.604709737981,8627.290801145058,trust-constr-exact-hess+KKT,trust-constr-exact-hess+KKT,0.23786873800418107,0.3366543539959821,7,projected-start:2|trust-constr-exact-hess+KKT:5,5,10,10,4,16,True,True,2.0522996360014076,3.795233469994855,,
representative,Lam-b-0,BRU,ok,S040R29,node,0.00031533157588346366,2.2121652321338334e-05,14.321408287472362,2.238089043447904e-05,2.1603176095056915e-05,0.0003377124663179427,0.00029372839978840674,0.0005677632143807898,-0.004935864303408977,15.321976050686743,15.316472423168953,1.4690939437178585e-17,1.83772268236293e-17,6.640977456737192e-13,8.30734818388896e-13,0.0003970826433603417,3.8335336028473464e-05,316.32549524681747,253.60665464671007,SLSQP,trust-constr-exact-hess+KKT,7.129712318004749,7.466810644000361,22,SLSQP:1|projected-start:2|trust-constr-exact-hess+KKT:19,19,10,10,4,16,True,True,2.0522996360014076,148.16605143099878,,
representative,Lam-b-0,BRU,ok,S040R4,node,0.0068005547088304885,0.0009510951368053415,14.321408287472362,0.0009733864290742168,0.0009288038445364657,0.007773941137904705,0.005871750864294023,-0.0018097880289751345,0.0034994551424887277,15.319598499443387,15.324907742614851,3.469446951953614e-18,3.469446951953614e-18,3.647844277289894e-15,3.647844277289894e-15,2.9620061223352264e-08,9.055876852891802e-09,3807.4168684241426,2392.6517993381744,trust-constr-exact-hess+KKT,trust-constr-exact-hess+KKT,0.1581405109973275,0.20026261499879183,21,SLSQP:2|projected-start:2|trust-constr-exact-hess+KKT:17,17,10,10,4,16,True,True,2.0522996360014076,6.675129525996454,,
representative,Lam-b-0,BRU,ok,S040R9,node,4.637502482018266e-06,9.253174578624001e-07,14.321408287472362,1.0265240548161006e-06,8.457979888273499e-07,5.6640265368343664e-06,3.791704493190916e-06,0.0030736695774500333,-0.003045754516564969,15.324481957049812,15.318362532955797,7.722399380117456e-18,2.1510401695522957e-17,8.345675653799045e-12,2.324651017091442e-11,0.0002726389314601509,8.314745030963737e-07,1.778772745718474,1.1522232038327074,trust-constr-exact-hess+KKT,trust-constr-exact-hess+KKT,1.6267921260005096,5.235084724001354,20,projected-start:2|trust-constr-exact-hess+KKT:18,18,10,10,4,16,True,True,2.0522996360014076,110.77205327700358,,
representative,Lam-b-0,BRU,ok,nuisance_S042.10,parameter,1.9999891533003736e-05,4.000064314614534e-07,14.321408287472362,4.0000643146145224e-07,4.0000643146145224e-07,2.0399897964465188e-05,1.9599885101542283e-05,-0.0005244932973251792,0.0005601941053825499,15.320883794175037,15.321968481577745,0.0,0.0,0.0,0.0,4.380659787848702e-06,1.9785257132721004e-05,4998724.530812421,5001436.315027519,SLSQP,SLSQP,0.08027263000258245,0.07948395400308073,7,SLSQP:4|projected-start:2|trust-constr-exact-hess+KKT:1,1,10,10,4,16,True,True,2.0522996360014076,2.173380581996753,,
representative,Lam-b-0,BRU,ok,nuisance_S042.30,parameter,0.0025421032117043103,7.824088152895593e-05,14.321408287472362,7.824088152895599e-05,7.824088152895599e-05,0.0026203440932332663,0.0024638623301753543,-0.0027537043236538494,0.0031452117310450944,15.318654583148708,15.324553499203407,0.0,0.0,0.0,0.0,1.3719055641833132e-08,3.357010384100468e-06,25518.353696106726,25616.584037279245,trust-constr-exact-hess+KKT,trust-constr-exact-hess+KKT,0.18910799299919745,0.18622589100414189,7,projected-start:2|trust-constr-exact-hess+KKT:5,5,10,10,4,16,True,True,2.0522996360014076,2.7486150299955625,,
representative,Lam-b-0,BRU,ok,nuisance_S051.2,parameter,0.40799839744516536,0.007000083914657784,14.321408287472362,0.007000083914657784,0.007000083914657784,0.41499848135982315,0.4009983135305076,-0.0004482308202611307,0.00046752577730124756,15.320960056652101,15.321875813249664,0.0,0.0,0.0,0.0,4.700493908869462e-06,8.504642717418241e-06,285.6523004011745,285.7831212041872,trust-constr-exact-hess+KKT,trust-constr-exact-hess+KKT,0.4048108759961906,0.561138643999584,7,projected-start:2|trust-constr-exact-hess+KKT:5,5,10,10,4,16,True,True,2.0522996360014076,12.129993050002668,,
representative,Lam-b-0,BRU,ok,nuisance_S051.4,parameter,0.08402184988951568,0.01100781995488818,14.321408287472362,0.010964820658189406,0.011007819954888184,0.09498667054770508,0.0730140299346275,-0.002436449072506619,-0.0025636511263993356,15.318971838399856,15.318844636345963,0.0,0.0,0.0,0.0,0.0004415491256758506,4.662253384929719e-05,181.59850314364903,181.58597681399385,trust-constr-exact-hess+KKT,trust-constr-exact-hess+KKT,0.41950851999718,0.6537291200002073,15,projected-start:2|trust-constr-exact-hess+KKT:13,13,10,10,4,16,True,True,2.0522996360014076,10.41844574300194,,
representative,"K_L eta+-,00 param.",SPECIAL,ok,S013E00,parameter,0.0022204634585523218,6.283238421998102e-06,9.068552950338661,6.283238421998013e-06,6.283238421998013e-06,0.0022267466969743198,0.0022141802201303237,-0.0001472003861930915,3.2525090402302226e-05,10.068405749952468,10.068585475429064,0.0,0.0,0.0,0.0,0.008514885965269059,0.0009486905073572416,318248.16837913764,318329.66548236244,SLSQP,SLSQP,0.028917470001033507,0.028924580998136662,7,SLSQP:3|projected-start:2|trust-constr-exact-hess+KKT:2,2,2,3,0,7,True,True,1.0801563060012995,1.7154235519992653,,
representative,"K_L eta+-,00 param.",SPECIAL,ok,S013EP,node,0.0022278992664605908,6.258012620420316e-06,9.068552950338661,6.258012620420639e-06,6.258012620420639e-06,0.0022341572790810114,0.00222164125384017,-3.5449238501072955e-05,-7.930178666804011e-05,10.06851750110016,10.068473648551993,0.0,0.0,0.0,0.0,6.813811771705512e-07,4.158102913404187e-07,238197.85401787586,238193.7761558163,trust-constr-exact-hess+KKT,trust-constr-exact-hess+KKT,0.08872150599927409,0.06313129900081549,7,SLSQP:2|projected-start:2|trust-constr-exact-hess+KKT:3,3,2,3,0,7,True,True,1.0801563060012995,1.0825859030010179,,
representative,B+J/psi,BRU,ok,S041.3,parameter,0.0010197581716238475,1.886976649379146e-05,73.72540226729407,1.886976649379153e-05,1.886976649379153e-05,0.001038627938117639,0.001000888405130056,-0.002163835823040472,0.0030502308428452807,74.72323843147103,74.72845249813692,4.8138576458356397e-17,2.233456475320139e-17,2.5510955037093316e-12,1.183616382351627e-12,0.0003059102891285864,2.8160599844541077e-07,3581.010420266114,3349.015061290436,SLSQP,trust-constr-exact-hess+KKT,3.4326390720016207,2.0244418760048575,7,SLSQP:1|projected-start:2|trust-constr-exact-hess+KKT:4,4,19,21,6,72,True,True,2.7584803229983663,16.20472604999668,,
representative,B+J/psi,BRU,ok,S041B16,node,1.3153284196238874e-06,1.4335018717626667e-07,73.72540226729407,1.4335018717626672e-07,1.4335018717626672e-07,1.4586786068001541e-06,1.1719782324476207e-06,-0.0014420799829224507,0.0013064042260424458,74.72396018731115,74.72670867152011,1.6582787524871065e-17,5.409618269286952e-17,1.1568026419442683e-10,3.7737085495641254e-10,7.134356098018231e-06,3.0840750589046576e-06,0.9305617689487926,0.6031833108205438,trust-constr-exact-hess+KKT,SLSQP,1.0606613810014096,8.30349153100542,7,SLSQP:3|projected-start:2|trust-constr-exact-hess+KKT:2,2,19,21,6,72,True,True,2.7584803229983663,37.68481107499974,,
representative,B+J/psi,BRU,ok,nuisance_M070.1,parameter,0.05975680650430626,0.0003184477264739877,73.72540226729407,0.00031844772647399155,0.00031844772647399155,0.06007525423078025,0.05943835877783227,-2.365962667738586e-05,3.28142591570213e-05,74.7253786076674,74.72543508155323,0.0,0.0,0.0,0.0,4.896720440199609e-06,4.7343506169333e-06,6280.1461884947885,6280.851119364502,trust-constr-exact-hess+KKT,trust-constr-exact-hess+KKT,0.2162542080041021,0.6954432220009039,7,SLSQP:1|projected-start:2|trust-constr-exact-hess+KKT:4,4,19,21,6,72,True,True,2.7584803229983663,4.053138869996474,,
representative,B+J/psi,BRU,ok,nuisance_M070.50,parameter,0.0021225040123496403,2.8623867136476322e-05,73.72540226729407,2.862386713647653e-05,2.862386713647653e-05,0.002151127879486117,0.0020938801452131638,-0.00014753436072112436,0.00015359171875672928,74.72525473293335,74.72555585901283,0.0,0.0,0.0,0.0,1.5819668758505103e-06,9.881152266658574e-06,69855.8392997438,69888.52546747685,trust-constr-exact-hess+KKT,trust-constr-exact-hess+KKT,0.35995455800002674,0.37465392400190467,7,SLSQP:1|projected-start:2|trust-constr-exact-hess+KKT:4,4,19,21,6,72,True,True,2.7584803229983663,4.281299209003919,,
representative,pi0,BR,ok,S009.1,parameter,0.9882312211792603,0.0002352973907850485,4.641108520914203,0.00023529739078509415,0.00023529739078509415,0.9884665185700454,0.9879959237884752,-0.00046637195760901307,0.0004669003963195806,5.640642148956594,5.641575421310523,1.1102230246251565e-16,1.1102230246251565e-16,4.718382218013543e-13,4.718382218013543e-13,1.5571565224997672e-08,1.3052116846784112e-08,136.74590095400794,142.46775953721973,SLSQP,SLSQP,0.017517600004794076,0.01963790400623111,7,SLSQP:4|projected-start:3,0,3,3,0,6,True,True,1.6033832019966212,1.5060267329972703,,
representative,pi0,BR,ok,S009K3P,node,0.03479180134170919,0.0006893090600454831,4.641108520914203,0.0006893090600454815,0.0006893090600454815,0.035481110401754674,0.03410249228166371,0.000949529683854422,-0.0009477366677721477,5.642058050598058,5.640160784246431,5.693262291637032e-18,2.5126991073264367e-17,8.259375397243974e-15,3.645243118029872e-14,5.668437710432077e-08,1.1955731561263222e-07,142.302194161064,136.513286786446,SLSQP,SLSQP,0.01803933199698804,0.018170151000958867,7,SLSQP:4|projected-start:3,0,3,3,0,6,True,True,1.6033832019966212,0.8032683390047168,,
representative,B0S-BR,BRU,ok,S086.37,parameter,0.00022555326772398878,1.2404980617894127e-05,25.78548667623456,1.2647265395587386e-05,1.2162695840200885e-05,0.00023820053311957617,0.0002133905718837879,0.0011517600832604558,-0.0008567282678626498,26.78663843631782,26.784629947966696,5.4752209710517974e-17,2.6617163334519134e-17,4.413727953072185e-12,2.145683589067765e-12,4.445405535889289e-05,5.064300162985926e-05,277.34322674501476,239.2783487181619,trust-constr-exact-hess+KKT,trust-constr-exact-hess+KKT,0.2890436510060681,0.2916638150054496,23,SLSQP:1|projected-start:2|trust-constr-exact-hess+KKT:20,20,14,12,7,27,True,True,2.3290155430004233,10.778677198002697,,
representative,B0S-BR,BRU,error,S086R04,,,,,,,,,,,,,,,,,,,,,,,,,,,,14,12,7,27,True,True,2.3290155430004233,,RuntimeError,"Profile minimization failed for S086R04=0.17620981704368507: success=True, finite=True, constraint_violation=5.21e-14, scaled_constraint_violation=8.04e-12, projected_grad_norm=88.7, message=`xtol` termination condition is satisfied."
representative,B0S-BR,BRU,ok,nuisance_M004.1,parameter,0.5014600875290954,0.0048793745565099455,25.78548667623456,0.004879374556509997,0.004879374556509941,0.5063394620856054,0.4965807129725855,-0.001266916011438468,0.0014822871907540502,26.78421976022312,26.786968963425313,0.0,0.0,0.0,0.0,2.119053539500895e-05,7.889577162869394e-06,409.51117009568736,410.35463794371896,trust-constr-exact-hess+KKT,trust-constr-exact-hess+KKT,0.776613196998369,1.0607884009950794,7,projected-start:2|trust-constr-exact-hess+KKT:5,5,14,12,7,27,True,True,2.3290155430004233,7.348971339000855,,
representative,B0S-BR,BRU,ok,nuisance_M092.16,parameter,0.17754404971369495,0.022022698369139084,25.78548667623456,0.02357116934821918,0.02073230588657235,0.20111521906191412,0.1568117438271226,-0.00037387741014782705,-0.0031672196971932465,26.78511279882441,26.782319456537365,0.0,0.0,0.0,0.0,8.20700657109337e-05,8.207006251705588e-05,80.12491420312342,102.34326768284109,trust-constr-exact-hess+KKT,trust-constr-exact-hess+KKT,0.2245749620051356,0.250822629997856,22,projected-start:2|trust-constr-exact-hess+KKT:20,20,14,12,7,27,True,True,2.3290155430004233,9.511586990003707,,
representative,rho(770) neutral,BR,ok,M009.8,parameter,0.0002998207663281509,2.0692716328651897e-05,9.473451187895,2.0611885405493087e-05,2.053105448233429e-05,0.000320432651733644,0.0002792897118458166,-0.0012113891103613383,-0.0043084926782110955,10.472239798784639,10.469142695216789,5.421010862427522e-18,4.228388472693467e-18,2.6197676401340267e-13,2.0434187593045408e-13,5.895735222489742e-06,1.7467919164503883e-07,43.59310338762776,38.16282871570549,SLSQP,SLSQP,0.0462844200010295,0.04520470299758017,22,SLSQP:20|projected-start:2,0,9,8,0,21,True,True,2.304136405000463,2.700696717001847,,
representative,rho(770) neutral,BR,ok,M009G1,node,1.4152028844462165e-08,9.657720120021643e-10,9.473451187895,9.619994650802797e-10,9.619994650802797e-10,1.5114028309542445e-08,1.3190029379381885e-08,0.0012642569286889227,0.00029913924720759155,10.474715444823689,10.473750327142207,3.9243348524871e-23,8.361501486801021e-22,4.063417456415485e-14,8.657841998823924e-13,1.2155100170238113e-05,2.7733130036723272e-05,76.48350867819327,66.71866702664123,SLSQP,SLSQP,0.04630048900435213,0.04544532400177559,23,SLSQP:21|projected-start:2,0,9,8,0,21,True,True,2.304136405000463,2.0263974529952975,,
representative,chi_c012 psi(2S),BR,ok,M055B1,node,2.1292315014647724e-05,1.03778182228255e-06,393.9145251307138,1.0458894927691313e-06,1.0296741517959683e-06,2.2338204507416856e-05,2.0262640862851756e-05,0.001973192836032922,0.0008972938487090687,394.91649832354983,394.9154224245625,4.1131919918668824e-18,1.1441721051511089e-17,3.963445787497144e-12,1.102517003655507e-11,0.24748085729127997,5.6070598696119085e-06,331799.7492417463,309400.44367910567,SLSQP,trust-constr-exact-hess+KKT,5.6340748720031115,6.189394472996355,21,SLSQP:1|projected-start:2|projected-start+KKT:1|trust-constr-exact-hess+KKT:17,18,52,118,3,258,True,True,19.974560498994833,206.92848047400184,,
representative,chi_c012 psi(2S),BR,ok,M056W,parameter,10.850292771298506,0.5898569827605392,393.9145251307138,0.5944652404383568,0.5760322097270887,11.444758011736862,10.274260561571417,0.004898636756706765,-0.0004577154924163551,394.9194237674705,394.9140674152214,0.0,0.0,0.0,0.0,2.1286655165269556e-06,2.369738670576577e-06,3.362012469117053,3.6213639165656417,trust-constr-exact-hess+KKT,trust-constr-exact-hess+KKT,1.1391429109935416,1.3957369240015396,21,projected-start:2|projected-start+KKT:1|trust-constr-exact-hess+KKT:18,19,52,118,3,258,True,True,19.974560498994833,42.81033640100213,,
representative,chi_c012 psi(2S),BR,ok,nuisance_M070.2,parameter,0.05966546334839426,0.00032657196414752175,393.9145251307138,0.00032657196414752343,0.00032657196414752343,0.05999203531254178,0.059338891384246736,-4.4201692901424394e-05,4.70022846457141e-05,394.9144809290209,394.91457213299844,0.0,0.0,0.0,0.0,1.9054454535218272e-06,5.796364817451883e-06,6123.81448168196,6124.651401480774,trust-constr-exact-hess+KKT,trust-constr-exact-hess+KKT,2.82289648099686,3.5117062630015425,7,projected-start:2|projected-start+KKT:1|trust-constr-exact-hess+KKT:4,5,52,118,3,258,True,True,19.974560498994833,33.51417565700103,,
representative,chi_c012 psi(2S),BR,ok,nuisance_M070.334,parameter,0.002883720594067693,0.00011890083598519375,393.9145251307138,0.00011890083598519374,0.00011890083598519374,0.0030026214300528866,0.002764819758082499,-6.424183141007234e-06,6.305029614850355e-06,394.91451870653066,394.9145314357434,0.0,0.0,0.0,0.0,3.2256925357979745e-06,1.7654890919128908e-06,16820.575774480843,16820.89681660873,trust-constr-exact-hess+KKT,trust-constr-exact-hess+KKT,0.8824786889963434,0.8137869849961135,7,projected-start:2|projected-start+KKT:1|trust-constr-exact-hess+KKT:4,5,52,118,3,258,True,True,19.974560498994833,18.52118014900043,,
representative,pi masses,MASS,ok,S009D,node,4.5935632159966815,0.0004502863076770236,8.268000373637513,0.00045028630767696143,0.00045028630767696143,4.5940135023043585,4.5931129296890045,4.875229109302381e-10,3.5979752510684193e-10,9.268000374125036,9.26800037399731,5.329070518200751e-15,5.329070518200751e-15,1.1834849133416529e-11,1.1834849133416529e-11,2.5122058138153634e-07,2.5122122448893795e-07,6281.39714197923,6281.39714107564,SLSQP,SLSQP,0.015149738996115047,0.015277290003723465,7,SLSQP:4|projected-start:3,0,2,1,0,6,True,True,0.8346091350031202,1.080677170000854,,
representative,pi masses,MASS,ok,S009M,parameter,134.97682776768465,0.0004619963450640545,8.268000373637513,0.0004619963450522846,0.0004619963450522846,134.9772897640297,134.9763657713396,2.9527846834298543e-10,4.0333425488370267e-10,9.268000373932791,9.268000374040847,0.0,0.0,0.0,0.0,1.3306998880580068e-06,3.3648939279373735e-07,4329.038577972892,4329.038578256546,SLSQP,SLSQP,0.01695622500119498,0.016651163998176344,7,SLSQP:4|projected-start:3,0,2,1,0,6,True,True,0.8346091350031202,0.3405298430006951,,
representative,eta_c J/psi psi(2S),BRU,error,M026G01,,,,,,,,,,,,,,,,,,,,,,,,,,,,21,50,2,115,True,True,5.009786973998416,,RuntimeError,"Profile minimization failed for M026G01=6.728685663970308e-06: success=True, finite=True, constraint_violation=3.03e-18, scaled_constraint_violation=6.25e-12, projected_grad_norm=1.92, message=Optimization terminated successfully"
representative,eta_c J/psi psi(2S),BRU,error,M026W,,,,,,,,,,,,,,,,,,,,,,,,,,,,21,50,2,115,True,True,5.009786973998416,,RuntimeError,"Profile minimization failed for M026W=30.472281478090622: success=True, finite=True, constraint_violation=0, scaled_constraint_violation=0, projected_grad_norm=1.89, message=Optimization terminated successfully"
representative,eta_c J/psi psi(2S),BRU,error,nuisance_M071.13,,,,,,,,,,,,,,,,,,,,,,,,,,,,21,50,2,115,True,True,5.009786973998416,,RuntimeError,"Profile minimization failed for nuisance_M071.13=0.3466230102159484: success=True, finite=True, constraint_violation=0, scaled_constraint_violation=0, projected_grad_norm=1.89, message=KKT polish: The solution converged."
representative,eta_c J/psi psi(2S),BRU,error,nuisance_M071.254,,,,,,,,,,,,,,,,,,,,,,,,,,,,21,50,2,115,True,True,5.009786973998416,,RuntimeError,"Profile minimization failed for nuisance_M071.254=0.000740164331756676: success=True, finite=True, constraint_violation=0, scaled_constraint_violation=0, projected_grad_norm=1.89, message=KKT polish: The solution converged."
representative,psi masses,MASS,ok,M053DM,node,87.57974237984672,0.304595404736933,61.40792289543626,0.30459540473694346,0.30459540473694346,87.88433778458366,87.27514697510978,1.4895206845721987e-08,-1.4764097500119533e-08,62.407922910331465,62.40792288067216,8.526512829121202e-14,8.526512829121202e-14,2.7992913538814596e-13,2.7992913538814596e-13,1.443404838378045e-09,4.1932145275763974e-10,9.285849695550432,9.285849556820814,SLSQP,SLSQP,0.015605478998622857,0.016205404994252604,7,SLSQP:4|projected-start:3,0,2,1,0,14,True,True,0.9918131659942446,1.0382654130007722,,
representative,psi masses,MASS,ok,M071M,parameter,3686.0973622588267,0.009718613313699392,61.40792289543626,0.009718613313907554,0.009718613313907554,3686.1070808721406,3686.087643645513,7.809077828824229e-10,-9.119105470745126e-10,62.407922896217165,62.40792289452435,0.0,0.0,0.0,0.0,2.0901336217349353e-13,2.0731061230940967e-12,205.79067569787455,205.79067552369457,SLSQP,SLSQP,0.01408537899988005,0.010955628997180611,7,SLSQP:4|projected-start:3,0,2,1,0,14,True,True,0.9918131659942446,0.3475820170060615,,
representative,K+-,BR,ok,S010.24,parameter,2.5494792506568467e-05,3.404206858952092e-07,53.47496861357058,3.4042068589520765e-07,3.4042068589520765e-07,2.5835213192463675e-05,2.515437182067326e-05,-0.0028041354982164535,0.004824909330579885,54.472164478072365,54.47979352290116,7.091359834413002e-18,7.572474548453445e-18,2.083116604904532e-11,2.2244460640046006e-11,0.0006714469940856035,0.0007149046660521638,182.06753408122415,179.4708901393902,SLSQP,SLSQP,0.06215233799593989,0.0642437679998693,7,SLSQP:4|projected-start:2|trust-constr-exact-hess+KKT:1,1,8,25,0,35,True,True,2.6086237269992125,4.4637904409974,,
representative,K+-,BR,ok,S010R1,node,0.6356035131106732,0.0008646773831979552,53.47496861357058,0.0008646773831979537,0.0008646773831979537,0.6364681904938712,0.6347388357274752,-0.0007717052398135138,0.0007779734181880826,54.47419690833077,54.47574658698877,0.0,1.1102230246251565e-16,0.0,1.28397370649278e-13,1.3262732370417035e-07,1.3185085205356435e-07,627.1294170885647,629.4330021162921,SLSQP,SLSQP,0.06222502099990379,0.06370149699796457,7,SLSQP:4|projected-start:2|trust-constr-exact-hess+KKT:1,1,8,25,0,35,True,True,2.6086237269992125,3.020266300998628,,
representative,eta,BR,ok,S014.4,parameter,0.04276975196532355,0.0005777252472583059,46.437799760775654,0.0005777252472583053,0.0005777252472583053,0.04334747721258186,0.04219202671806525,-0.0037896807347408412,0.0039296231742227405,47.43401008004091,47.44172938394988,4.163336342344337e-17,2.7755575615628914e-17,7.206429634332519e-14,4.804286422888345e-14,0.0003739440838639849,0.0002981711049286482,165.3659985377579,163.08855262574608,SLSQP,SLSQP,0.06584310800099047,0.0737743869976839,7,SLSQP:3|projected-start:2|projected-start+KKT:1|trust-constr-exact-hess+KKT:1,2,9,28,0,55,True,True,2.85318768399884,5.663983520993497,,
representative,eta,BR,ok,S014R02,node,0.28054608023005684,0.0023474633933310307,46.437799760775654,0.0023566331722111866,0.0023382936144508704,0.282902713402268,0.27820778661560597,0.0017454967357508622,-0.0016283244356074533,47.439545257511405,47.43617143634005,5.551115123125783e-17,7.216449660063518e-16,2.36472915356043e-14,3.074147899628559e-13,1.1156059941768413e-05,5.397198046727744e-08,188.47643079310137,188.51195922282315,SLSQP,SLSQP,0.13396368800022174,0.06050564500037581,23,SLSQP:18|projected-start:2|projected-start+KKT:1|trust-constr-exact-hess+KKT:2,3,9,28,0,55,True,True,2.85318768399884,5.140421395000885,,
representative,B masses,MASS,ok,M186DM2,node,560.4756549955691,0.12144265072851669,51.74672793031673,0.12144265072856797,0.12144265072856797,560.5970976462977,560.3542123448406,3.337510630530005e-05,-3.3290477645664396e-05,52.746761305423036,52.746694639839085,0.0,0.0,0.0,0.0,1.2708031150944022e-06,1.246435380539724e-06,23.290619131287343,23.289841214132817,SLSQP,SLSQP,0.09197842700086767,0.08830901500186883,7,SLSQP:5|projected-start:2,0,15,17,0,68,True,True,1.3118949830022757,1.5385780590004288,,
representative,B masses,MASS,ok,S086M,parameter,5366.931931296072,0.09823166730473508,51.74672793031673,0.0982316673052992,0.0982316673052992,5367.030162963378,5366.833699628767,7.714965875038615e-06,-7.731978485026048e-06,52.746735645282605,52.746720198338245,0.0,0.0,0.0,0.0,2.3173154016296458e-05,2.3014026549383484e-05,20.360112359180587,20.359954172038783,SLSQP,SLSQP,0.07962336899799993,0.08357543600141071,7,SLSQP:5|projected-start:2,0,15,17,0,68,True,True,1.3118949830022757,0.731191889004549,,
representative,B0,BRU,ok,S042.181,parameter,0.05075844032905078,0.0010520449222064495,82.90199359780131,0.0009123202059759042,0.0010520449222064451,0.051670760535026686,0.049706395406844336,-0.0007822207351182442,0.002491202980735352,83.90121137706619,83.90448480078204,1.3877787807814457e-17,2.7755575615628914e-17,1.3191250216491354e-14,2.6382500432982708e-14,5.7944786381669034e-09,1.5174118765638126e-06,166279.17882898607,146922.5129753761,trust-constr-exact-hess+KKT,trust-constr-exact-hess+KKT,0.2002982999983942,0.39936746499734,14,SLSQP:2|projected-start:2|projected-start+KKT:1|trust-constr-exact-hess+KKT:9,10,25,36,3,98,True,True,3.3988159720029216,6.438725111001986,,
representative,B0,BRU,error,S042B09,,,,,,,,,,,,,,,,,,,,,,,,,,,,25,36,3,98,True,True,3.3988159720029216,,RuntimeError,"Profile minimization failed for S042B09=0.01516416184157636: success=False, finite=True, constraint_violation=2.43e-17, scaled_constraint_violation=3.01e-14, projected_grad_norm=4.96e+03, message=KKT polish: The iteration is not making good progress, as measured by the 
 improvement from the last ten iterations."
representative,B0,BRU,ok,nuisance_M070.1,parameter,0.05972044408402624,0.0003198024962210207,82.90199359780131,0.00031980249622101664,0.00031980249622101664,0.06004024658024726,0.059400641587805225,-1.1050713723648187e-05,1.1217883084668756e-05,83.90198254708758,83.90200481568439,0.0,0.0,0.0,0.0,2.8555503250638533e-05,2.7376002545270366e-07,6253.765879741817,6253.955907691616,trust-constr-exact-hess+KKT,trust-constr-exact-hess+KKT,0.21753367200290086,0.2001164110042737,7,projected-start:2|projected-start+KKT:1|trust-constr-exact-hess+KKT:4,5,25,36,3,98,True,True,3.3988159720029216,3.6411128869949607,,
representative,B0,BRU,ok,nuisance_M070.50,parameter,0.0021205178676741605,2.879042956667961e-05,82.90199359780131,2.8790429566679862e-05,2.8790429566679862e-05,0.0021493082972408404,0.0020917274381074807,-7.849329983855569e-05,7.971942370943452e-05,83.90191510450147,83.90207331722502,0.0,0.0,0.0,0.0,0.00011184137972067953,9.910694527316615e-05,69459.11616090378,69476.07735409548,trust-constr-exact-hess+KKT,trust-constr-exact-hess+KKT,0.7580851410020841,1.2441208689997438,7,SLSQP:1|projected-start:2|projected-start+KKT:1|trust-constr-exact-hess+KKT:3,4,25,36,3,98,True,True,3.3988159720029216,5.837649834000331,,
representative,Lambda,BR,ok,S018.1,parameter,0.6410694823418706,0.004860555312171396,6.886770669582673,0.004860555312171444,0.004860555312171444,0.645930037654042,0.6362089270296991,5.947390950122866e-05,-5.824233651363642e-05,7.886830143492174,7.8867124272461595,5.551115123125783e-16,0.0,1.1420742624253537e-13,0.0,1.9520192763074223e-06,7.863308222743101e-07,133.06207570144946,134.65065088191201,SLSQP,SLSQP,0.015731393003079575,0.01559744100086391,7,SLSQP:4|projected-start:3,0,3,4,0,11,True,True,1.8189727700009826,1.5340497319994029,,
representative,Lambda,BR,ok,S018R00,node,0.00015071305011268298,1.8863000088533092e-05,6.886770669582673,1.886300008853309e-05,1.886300008853309e-05,0.00016957605020121607,0.0001318500500241499,2.5619689733247242e-05,-2.7808057556200083e-05,7.886796289272406,7.886742861525117,4.607859233063394e-19,2.8658173924223096e-16,2.442802953632245e-14,1.5192797428678663e-11,2.508450184357099e-07,2.3454662248084705e-05,22.307980978774154,17.344877967823724,SLSQP,SLSQP,0.02157750200422015,0.020090434998564888,7,SLSQP:4|projected-start:2|projected-start+KKT:1,1,3,4,0,11,True,True,1.8189727700009826,1.9603272210006253,,
representative,K+l3 lin form fact,SPECIAL,ok,S010L+M,node,0.02959007609509109,0.00024615088835803166,8.57372091443585,0.00024615088835803003,0.00024615088835803003,0.02983622698344912,0.02934392520673306,4.88086016048328e-10,4.880558179820582e-10,9.573720914923936,9.573720914923905,0.0,0.0,0.0,0.0,1.2311817382106605e-11,2.448889430131432e-12,8125.097635508554,8125.097635508433,SLSQP,SLSQP,0.01892699799645925,0.016155356002855115,7,SLSQP:4|projected-start:3,0,2,1,0,9,True,True,0.8949340050021419,1.0267449930033763,,
representative,K+l3 lin form fact,SPECIAL,ok,S010L0,parameter,0.017604333211620294,0.0009525563448478098,8.57372091443585,0.0009525563448478103,0.0009525563448478103,0.018556889556468104,0.016651776866772484,4.5622705613368453e-10,4.558984301183955e-10,9.573720914892077,9.573720914891748,0.0,0.0,0.0,0.0,2.0236257114447653e-11,1.4097167877480388e-11,2099.6133317781128,2099.6133317777685,SLSQP,SLSQP,0.01799321799626341,0.04145959600282367,7,SLSQP:4|projected-start:3,0,2,1,0,9,True,True,0.8949340050021419,0.42281021200324176,,
representative,K+mu3 lin form fact,SPECIAL,ok,S010L+M,parameter,0.030921483800773614,0.0016449338940963197,6.870067145717988,0.001644933894096319,0.001644933894096319,0.03256641769486993,0.029276549906677295,1.2514522751416735e-10,1.2501288892963203e-10,7.870067145843133,7.8700671458430005,0.0,0.0,0.0,0.0,3.1913416131870233e-12,0.0,1215.8543315498825,1215.8543315498032,SLSQP,SLSQP,0.01341135300026508,0.013410954001301434,7,SLSQP:4|projected-start:3,0,2,0,0,3,True,True,0.826438786003564,0.9662451940021128,,
representative,Lambda/Sigmas masses,MASS,ok,S018M,parameter,1115.6831387084653,0.0064288675293031625,23.858119749762935,0.006428867529393756,0.006428867529393756,1115.6895675759947,1115.676709840936,-1.115720156263933e-06,1.115491009784364e-06,24.85811863404278,24.858120865253944,0.0,0.0,0.0,0.0,4.5829472955476895e-10,1.035357459099841e-09,311.09660838720646,311.09695544773336,SLSQP,SLSQP,0.02634289000707213,0.03072797800268745,7,SLSQP:4|projected-start:3,0,4,4,0,20,True,True,0.9880894360030652,1.0259031049936311,,
representative,Lambda/Sigmas masses,MASS,ok,S020D,node,8.079340239839667,0.040484557208787963,23.858119749762935,0.04048455720878863,0.04048455720878863,8.119824797048455,8.038855682630878,-4.374228552705972e-07,4.376240063663772e-07,24.85811931234008,24.85812018738694,6.750155989720952e-14,6.750155989720952e-14,1.6673409455632378e-12,1.6673409455632378e-12,2.9405487634606846e-09,5.1091610176757236e-09,69.86433102603286,69.86436159328964,SLSQP,SLSQP,0.02931313100270927,0.028179362998344004,7,SLSQP:4|projected-start:3,0,4,4,0,20,True,True,0.9880894360030652,0.4812627799983602,,
representative,Xibar+,BR,ok,S022.1,parameter,0.9988728737680855,0.00035175393286400594,1.0051053042890827,0.00035175393286401846,0.00035175393286401846,0.9992246277009496,0.9985211198352215,-0.0006103082784902902,0.0006809694531675348,2.0044949960105924,2.0057862737422503,2.220446049250313e-16,1.1102230246251565e-16,6.312498146563085e-13,3.156249073281542e-13,7.707533369858588e-08,8.011377472760079e-07,5.499886208221275,9.871460597216116,SLSQP,SLSQP,0.04220648200134747,0.03174574900185689,7,SLSQP:4|projected-start:2|projected-start+KKT:1,1,5,4,0,5,True,True,1.6983746559999418,3.012501457000326,,
representative,Xibar+,BR,ok,S022R1,node,0.0005640014591635566,3.0999959888412515e-05,1.0051053042890827,3.099995988841244e-05,3.099995988841244e-05,0.0005950014190519691,0.0005330014992751442,9.154629167218431e-05,-9.673263329146309e-05,2.005196850580755,2.0050085716557913,0.0,3.2526065174565133e-19,0.0,1.0492292664779563e-14,2.2431886739932585e-07,2.1753295605937258e-07,54.29016756285844,48.628483385464314,SLSQP,SLSQP,0.02250715399713954,0.02261693300533807,7,SLSQP:4|projected-start:3,0,5,4,0,5,True,True,1.6983746559999418,0.9612345100031234,,
representative,Xi_Lam_alpha,SPECIAL,ok,S018A-,parameter,0.7494529308670189,0.0033458979097326204,59.14720718601083,0.003345897909732609,0.003345897909732609,0.7527988287767515,0.7461070329572863,-0.0004375344773990264,0.0004340531932385261,60.14676965153343,60.14764123920407,0.0,0.0,0.0,0.0,4.916955731459893e-12,6.991740519879386e-12,597.3570566136227,598.1366907749464,SLSQP,SLSQP,0.015713879001850728,0.014623565002693795,7,SLSQP:4|projected-start:2|projected-start+KKT:1,1,2,1,0,17,True,True,1.084309863006638,1.4856760129987379,,
representative,Xi_Lam_alpha,SPECIAL,ok,S022A,node,-0.3847706369305015,0.003244951559672456,59.14720718601083,0.0032449515596724154,0.0032449515596724154,-0.3815256853708291,-0.3880155884901739,0.002222809396656089,-0.0022136584954282057,60.14942999540749,60.1449935275154,0.0,0.0,0.0,0.0,3.1651851625596515e-09,7.09381271246408e-11,881.6860089327108,880.6637772198078,SLSQP,SLSQP,0.018186415007221512,0.0161147310063825,7,SLSQP:4|projected-start:3,0,2,1,0,17,True,True,1.084309863006638,0.5545082919998094,,
representative,Omega_c masses,MASS,ok,S053D,node,70.73325248168567,0.8530056025232406,3.4182282643396706,0.7763683804215447,0.9329748777597899,71.50962086210721,69.80027760392588,-0.003588331257263988,0.0022193529690115454,4.414639933082407,4.420447617308683,9.947598300641403e-14,2.5579538487363607e-13,1.1661820592052177e-13,2.998753866527703e-13,2.3020077012793003e-09,1.9707646672338045e-09,4.0028687531964025,2.799957923535848,SLSQP,SLSQP,0.01174010599788744,0.011662202996376436,20,SLSQP:17|projected-start:3,0,2,1,0,6,True,True,0.8344665979966521,1.1903590219953912,,
representative,Omega_c masses,MASS,ok,S053M,parameter,2766.0145435840054,0.9427447612492951,3.4182282643396706,0.8801406169473012,1.0090315022748655,2766.8946842009527,2765.0055120817306,-0.0016618715714864507,0.00010087094269284336,4.416566392768185,4.418329135282364,0.0,0.0,0.0,0.0,4.575204415324663e-07,1.5370725536811847e-07,2.438020436481737,1.8566519395810686,SLSQP,SLSQP,0.013215260005381424,0.012457550001272466,22,SLSQP:19|projected-start:3,0,2,1,0,6,True,True,0.8344665979966521,0.535150388997863,,
representative,Omega masses,MASS,ok,S024M,node,1672.4519528578708,0.2931124490386013,5.9763409107916425,0.29311244903874467,0.29311244903874467,1672.7450653069095,1672.158840408832,-3.7063685454086226e-12,-2.6468605085483432e-11,6.976340910787936,6.976340910765174,0.0,0.0,0.0,0.0,0.0,8.881784197001252e-16,6.823319877883585,6.823319877805924,projected-start,projected-start,0.004796497996721882,0.004708248998213094,7,projected-start:7,0,1,1,0,10,True,True,0.8729387359999237,0.7308458070037887,,
representative,Omega masses,MASS,ok,S024MB,parameter,1672.4519528578708,0.2931124490386013,5.9763409107916425,0.29311244903874467,0.29311244903874467,1672.7450653069095,1672.158840408832,-3.7063685454086226e-12,-2.6468605085483432e-11,6.976340910787936,6.976340910765174,0.0,0.0,0.0,0.0,0.0,8.881784197001252e-16,6.823319877883585,6.823319877805924,projected-start,projected-start,0.0052991539996583015,0.005295212999044452,7,projected-start:7,0,1,1,0,10,True,True,0.8729387359999237,0.2495211150016985,,
representative,K^*(892) charged,BR,ok,M018R2,node,0.0009820160111841864,8.990822998865874e-05,10.734077752199546,9.025943401205208e-05,8.955702596526562e-05,0.0010722754451962385,0.0008924589852189208,0.0020508790476299055,-0.002559143580365131,11.736128631247176,11.731518608619181,0.0,1.734723475976807e-18,0.0,1.9294379126311682e-14,3.6481928589182644e-13,2.482014593852e-12,33.53240068251824,28.15992512190864,SLSQP,SLSQP,0.014546849997714162,0.013664428995980415,23,SLSQP:20|projected-start:3,0,3,2,0,14,True,True,1.711533091001911,1.7708279279977432,,
representative,K^*(892) charged,BR,ok,M018W1,parameter,51.410975480077816,0.8183229667777557,10.734077752199546,0.8183229667777567,0.8183229667777567,52.22929844685557,50.59265251330006,8.606374175457177e-05,-8.478879895079672e-05,11.7341638159413,11.733992963400595,0.0,0.0,0.0,0.0,7.684040719064732e-06,8.970641305621241e-06,2.4441286608943193,2.4439201067792795,SLSQP,SLSQP,0.019127673003822565,0.01832988200476393,7,SLSQP:4|projected-start:3,0,3,2,0,14,True,True,1.711533091001911,0.5957246770049096,,
representative,D0,BRU,ok,S032.9,parameter,0.012399071040156468,0.0002179298610892578,150.03284190593968,0.00021792986108925758,0.00021792986108925758,0.012617000901245725,0.01218114117906721,-0.0007184867988314636,0.0010325132204229703,151.03212341914085,151.0338744191601,8.673617379884035e-18,8.673617379884035e-18,3.980004087797574e-14,3.980004087797574e-14,0.03494390674652489,2.2831358681266508e-07,45823.08500971172,42817.72606542722,SLSQP,trust-constr-exact-hess+KKT,10.96678952700313,11.692965968999488,7,SLSQP:1|projected-start:2|trust-constr-exact-hess+KKT:4,4,36,71,1,138,True,True,6.748950379995222,73.96396383499814,,
representative,D0,BRU,ok,S032B01,node,0.23999724106252465,0.008085123218410128,150.03284190593968,0.008085123218410123,0.008085123218410123,0.24808236428093478,0.23191211784411453,-0.0014118374105009934,0.0014438950597650546,151.03143006852918,151.03428580099944,2.220446049250313e-16,1.0269562977782698e-15,2.7463354475467662e-14,1.2701801444903794e-13,9.710260028378e-07,1.1141164361715174e-06,77504.01222947452,72610.58969102871,trust-constr-exact-hess+KKT,trust-constr-exact-hess+KKT,9.893537764997745,10.282599407997623,7,projected-start:2|trust-constr-exact-hess+KKT:5,5,36,71,1,138,True,True,6.748950379995222,54.36275960900093,,
representative,D0,BRU,ok,nuisance_S014.1,parameter,0.3933724906188329,0.001792612742561107,150.03284190593968,0.001792612742561095,0.001792612742561095,0.395165103361394,0.3915798778762718,-5.464402036636784e-05,5.55451785828609e-05,151.0327872619193,151.03289745111826,0.0,0.0,0.0,0.0,9.641740926857603e-07,5.00651370238288e-06,1115.5904706188323,1115.7924288906981,trust-constr-exact-hess+KKT,trust-constr-exact-hess+KKT,4.516855162997672,5.77425309499813,7,projected-start:2|trust-constr-exact-hess+KKT:5,5,36,71,1,138,True,True,6.748950379995222,36.668280532998324,,
representative,psi(3770),BRU,ok,M053R1,node,0.9284471018517002,0.04432456795361086,20.066086452877776,0.04380513942290443,0.04432456795361084,0.9722522412746046,0.8841225338980894,9.304831220191545e-05,4.634075543918925e-05,21.06617950118998,21.066132793633216,0.0,0.0,0.0,0.0,1.0434939598373291e-08,1.080168655218742e-08,207143.2145540177,192142.0505806045,trust-constr-exact-hess+KKT,trust-constr-exact-hess+KKT,0.18854008600465022,0.21894340699509485,15,SLSQP:2|projected-start:2|trust-constr-exact-hess+KKT:11,11,4,6,0,23,True,True,1.8118499409974902,4.065954576006334,,
representative,psi(3770),BRU,ok,M053W,parameter,27.18308615005658,0.9492746500561604,20.066086452877776,0.9492746500561609,0.9492746500561609,28.132360800112743,26.23381150000042,-0.00165316621375311,0.002321859887391753,21.064433286664023,21.06840831276517,0.0,0.0,0.0,0.0,1.052582679032293e-08,1.0644321549740882e-08,2.1012284876205753,2.114276932157859,trust-constr-exact-hess+KKT,trust-constr-exact-hess+KKT,0.09038266500283498,0.05819438899925444,7,SLSQP:1|projected-start:2|trust-constr-exact-hess+KKT:4,4,4,6,0,23,True,True,1.8118499409974902,1.7553244349983288,,
representative,Nu-mix Dm(32)-invert,SPECIAL,ok,S067DM1,parameter,-0.0025276917817653615,2.633838452343627e-05,9.897670135966422,2.5618194321623284e-05,2.7161459039793095e-05,-0.0025020735874437382,-0.0025548532408051546,-0.002736941962005801,-0.001265453517184767,10.894933194004416,10.896404682449237,0.0,0.0,0.0,0.0,0.0,0.0,82078.91489874055,71433.51959306156,projected-start,projected-start,0.0055492050014436245,0.00516912999592023,20,projected-start:20,0,1,0,0,7,True,True,0.7548621629975969,0.7394893320015399,,
representative,Nu-mix Dm(32)-normal,SPECIAL,ok,S067DM1,parameter,0.0024485044438909503,2.6876134024354435e-05,9.050051702078118,2.6456194430224313e-05,2.5826285039028465e-05,0.0024749606383211746,0.002422678158851922,-0.0048370399844106515,6.0295197009452295e-05,10.045214662093708,10.050111997275128,0.0,0.0,0.0,0.0,0.0,1.4551915228366852e-11,73987.81767968729,78585.71035650976,projected-start,projected-start,0.0051441169998724945,0.00508329500007676,20,projected-start:20,0,1,0,0,9,True,True,0.8326637999998638,0.7777276650012936,,
representative,Lambda_c,BRU,ok,S033.4,parameter,0.06346097963262481,0.001944763326882959,58.76139291947947,0.0019447633268829534,0.0019295698633916836,0.06540574295950777,0.06153140976923313,0.004912483270793189,0.0008153188652997301,59.76630540275026,59.76220823834477,2.7755575615628914e-17,2.0816681711721685e-17,1.4271955477541414e-14,1.0703966608156061e-14,7.147784244175047e-08,6.310485284098822e-08,136603.15868332997,122106.05054912774,trust-constr-exact-hess+KKT,trust-constr-exact-hess+KKT,2.224774153997714,1.0675627929958864,14,SLSQP:2|projected-start:2|trust-constr-exact-hess+KKT:10,10,29,55,3,88,True,True,4.90023668599315,24.534477610999602,,
representative,Lambda_c,BRU,ok,S033P03,node,0.001486559829501634,7.755450589322555e-05,58.76139291947947,7.816040047051642e-05,7.69486113159348e-05,0.0015647202299721504,0.0014096112181856992,0.004167512702949239,-0.0033056460425555656,59.76556043218242,59.758087273436914,2.667137344314341e-17,2.1467203015212988e-17,3.439048851637797e-13,2.768014929367007e-13,5.710595677949168e-08,1.196182659975682e-07,1967.4581250339747,1624.5727650616616,trust-constr-exact-hess+KKT,trust-constr-exact-hess+KKT,2.3130222050021985,2.0437733529979596,21,projected-start:2|trust-constr-exact-hess+KKT:19,19,29,55,3,88,True,True,4.90023668599315,54.86247694699705,,
representative,Lambda_c,BRU,ok,nuisance_M001.8,parameter,7.820955057256742e-05,1.2589261114068207e-05,58.76139291947947,1.2933498722655993e-05,1.2195846704253586e-05,9.114304929522341e-05,6.601370386831383e-05,-0.001750624549330837,-0.000558567230747542,59.75964229493014,59.76083435224872,0.0,0.0,0.0,0.0,4.2664787550219765e-08,7.475955409615031e-08,149750.60680331502,170144.6054549319,trust-constr-exact-hess+KKT,trust-constr-exact-hess+KKT,0.84239671099931,1.3012960580017534,20,projected-start:2|trust-constr-exact-hess+KKT:18,18,29,55,3,88,True,True,4.90023668599315,25.090154621000693,,
representative,Lambda_c,BRU,ok,nuisance_M004.6,parameter,0.0002835270548286983,2.129706502136131e-05,58.76139291947947,2.129706502136127e-05,2.1297065021361325e-05,0.00030482411985005954,0.00026222998980733695,-0.0032577152387247565,0.003625722118826502,59.758135204240745,59.765018641598296,0.0,0.0,0.0,0.0,3.763506178936118e-08,8.986046784265498e-08,93313.73450871251,94609.24296338613,trust-constr-exact-hess+KKT,trust-constr-exact-hess+KKT,1.3920223289969726,1.331398624999565,7,projected-start:2|trust-constr-exact-hess+KKT:5,5,29,55,3,88,True,True,4.90023668599315,12.666500872997858,,
representative,Nu-mix s(23)-invert,SPECIAL,ok,S067P23,parameter,0.5345749399420513,0.018820393126464205,5.677658403273123,0.018967427447764695,0.015879706700454133,0.553542367389816,0.5186952332415972,0.0014139714437702011,0.004848185472879685,6.679072374716894,6.682506588746003,0.0,0.0,0.0,0.0,1.4210854715202004e-14,1.4210854715202004e-14,102.80621005203554,114.34345823367985,projected-start,projected-start,0.005827305998536758,0.0059048139955848455,19,projected-start:19,0,1,0,0,5,True,True,0.676353383998503,0.7455849000034505,,
representative,Lam_c/Sig_c masses,MASS,ok,B102D,node,341.53731727869217,0.04561926632466524,44.7047663738659,0.04561926632470659,0.04561926632470659,341.5829365450169,341.49169801236746,7.892306801693394e-05,-8.289184587795262e-05,45.70484529693392,45.70468348202002,3.410605131648481e-13,1.1368683772161603e-13,7.476238454550614e-12,2.4920794848502046e-12,5.303644212265153e-06,6.488027793464568e-05,62.00321969265038,61.99822529647778,SLSQP,SLSQP,0.061305368995817844,0.05508105199987767,7,SLSQP:5|projected-start:2,0,14,15,0,54,True,True,1.27892080800666,1.406072805999429,,
representative,Lam_c/Sig_c masses,MASS,ok,B102M,parameter,2627.9987610126445,0.14671148932254974,44.7047663738659,0.14728458107765618,0.14671148932256983,2628.146045593722,2627.852049523322,0.001574878864211371,-0.001101375053060849,45.70634125273011,45.70366499881284,0.0,0.0,0.0,0.0,9.805463397656688e-06,3.825199656950776e-06,13.617969364092746,13.599763025280197,SLSQP,SLSQP,0.06315003800409613,0.07013554500008468,15,SLSQP:13|projected-start:2,0,14,15,0,54,True,True,1.27892080800666,1.2220746029997827,,
representative,Xi(1530) mass,MASS,ok,B049D,node,3.1712881678681697,0.6290657351591009,13.302742322341667,0.6290657351591009,0.6290657351591009,3.8003539030272706,2.542222432709069,3.731547367458177e-05,-3.731519323046939e-05,14.302779637815341,14.302705007148436,1.0080825063596421e-13,1.2656542480726785e-13,1.6025074169787388e-13,2.0119586512728658e-13,1.2573301977663508e-12,1.2545039137897739e-12,4.496318491130337,4.49615071263481,SLSQP,SLSQP,0.013193955004680902,0.012856596003985032,7,SLSQP:4|projected-start:3,0,2,1,0,14,True,True,0.931422671994369,1.0182719100048416,,
representative,Xi(1530) mass,MASS,ok,B049M0,parameter,1531.8009433487878,0.2414446093436002,13.302742322341667,0.241444609343489,0.241444609343489,1532.0423879581313,1531.5594987394443,5.905038014120123e-06,-5.905265211936239e-06,14.30274822737968,14.302736417076455,0.0,0.0,0.0,0.0,7.41295913542217e-13,4.198863479132342e-13,8.283497863708941,8.283448948543148,SLSQP,SLSQP,0.010745002997282427,0.010677309997845441,7,SLSQP:4|projected-start:3,0,2,1,0,14,True,True,0.931422671994369,0.31962181300332304,,
representative,K0mu3 form factors,SPECIAL,ok,S013LZ,parameter,0.010718082801878432,0.0010588115854114088,24.612023546176893,0.0010588115854114084,0.0010588115854114084,0.01177689438728984,0.009659271216467024,-5.358630481566706e-07,5.275493002443454e-07,25.612023010313845,25.612024073726193,0.0,0.0,0.0,0.0,5.6418002420362693e-11,1.3126768884704742e-11,1888.9096866117584,1888.9106909569668,SLSQP,SLSQP,0.021622307001962326,0.02086051500373287,7,SLSQP:4|projected-start:2|projected-start+KKT:1,1,3,0,0,9,True,True,0.8401903209960437,1.3330596829982824,,
representative,K0mu3 pole mass,SPECIAL,ok,S013MVM,parameter,899.6548670044019,12.342534491910326,12.883837132605986,12.342534491910328,12.342534491910328,911.9974014963122,887.3123325124916,7.991722839051363e-10,8.007354779238085e-10,13.883837133405159,13.883837133406722,0.0,0.0,0.0,0.0,6.938893903907228e-16,3.0531133177191805e-16,0.16204127303918037,0.1620412730393063,SLSQP,SLSQP,0.018095529994752724,0.016185727996344212,7,SLSQP:4|projected-start:3,0,2,0,0,4,True,True,0.7920944869983941,0.9484491949988296,,
representative,K_L,BR,ok,S013.11,parameter,0.000864334219654159,3.250920867016352e-06,37.402748927450766,3.250920867016319e-06,3.250920867016319e-06,0.0008675851405211754,0.0008610832987871427,-0.001187108177639118,0.0014314108882231835,38.40156181927313,38.40418033833899,2.168404344971009e-19,2.168404344971009e-19,6.670123431706718e-14,6.670123431706718e-14,2.603133854394989e-06,2.5147808808996076e-06,604.9610329301992,602.9346626177658,SLSQP,SLSQP,0.09506624600180658,0.11158554500434548,7,SLSQP:5|projected-start:2,0,12,32,1,28,True,True,3.170874500996433,2.6330546329991193,,
representative,K_L,BR,ok,S013R1,node,0.24355491958499342,0.001118413207878229,37.402748927450766,0.0011184132078782272,0.0011184132078782272,0.24467333279287165,0.2424365063771152,-0.001883042357221143,0.0019356941166961406,38.400865885093545,38.40468462156746,2.7422508708241367e-14,0.0,2.451912094302367e-11,0.0,0.00047065033932801065,2.6739435140922796e-06,515.2340843129791,513.4113286995972,SLSQP,SLSQP,0.1049177500026417,0.12006232099520275,7,SLSQP:5|projected-start:2,0,12,32,1,28,True,True,3.170874500996433,1.8245843969998532,,
representative,K_L,BR,ok,nuisance_S009K3P,parameter,0.036095135117235735,0.0007990955641678983,37.402748927450766,0.0007990955641678996,0.0007959740971203721,0.036894230681403635,0.03529916102011536,-0.003119805860698932,-0.0026654539948296474,38.39962912159007,38.400083473455936,0.0,0.0,0.0,0.0,0.0004089215684651751,1.0198314265525207e-06,2491.935154545852,2509.3543992166105,SLSQP,SLSQP,0.09921198299707612,0.09855728599359281,15,SLSQP:12|projected-start:2|trust-constr-exact-hess+KKT:1,1,12,32,1,28,True,True,3.170874500996433,4.7831380130010075,,
representative,eta_c(2S),BRU,error,M059.4,,,,,,,,,,,,,,,,,,,,,,,,,,,,3,4,0,5,True,True,1.842252713999187,,RuntimeError,"Profile minimization failed for M059.4=0.04284085552630322: success=False, finite=True, constraint_violation=0.957, scaled_constraint_violation=80.3, projected_grad_norm=inf, message=Constraint violation exceeds 'gtol'"
representative,eta_c(2S),BRU,ok,M059R25,node,4.0244465248233336e-06,7.565432535078871e-07,2.5878422220963664,7.62453747675917e-07,7.506327593398567e-07,4.7869002724992505e-06,3.273813765483477e-06,0.0011310271159672425,-0.001441792091531724,3.5889732492123336,3.5864004300048347,2.9483742507380696e-19,7.652597963596403e-18,3.897165478731392e-13,1.011521539332136e-11,5.985071012301371e-08,0.0002386893321080378,3370.586338495582,1702.2374143362927,SLSQP,SLSQP,0.04514686999755213,0.029180058001657017,21,SLSQP:19|projected-start:2,0,3,4,0,5,True,True,1.842252713999187,2.173105690999364,,
representative,D^*(2007)0,BR,ok,M061.2,parameter,0.3532815217580827,0.008641188737325523,2.4985615424147083,0.008843716598356588,0.008438660876294524,0.3621252383564393,0.34484286088178817,0.0010449149795923596,-0.002956171441708566,3.4996064573943007,3.4956053709729997,1.1102230246251565e-16,5.551115123125783e-17,1.2848035824394855e-14,6.4240179121974275e-15,7.105427357601002e-15,0.0,72.30284405305098,77.20368471946425,projected-start,projected-start,0.005793470001663081,0.005746278999140486,21,SLSQP:1|projected-start:20,0,2,3,0,5,True,True,1.5394666270003654,2.0246829249954317,,
representative,D^*(2007)0,BR,ok,M061R1,node,0.3532815217580827,0.008641188737325523,2.4985615424147083,0.008843716598356588,0.008438660876294524,0.3621252383564393,0.34484286088178817,0.0010449149795923596,-0.002956171441708566,3.4996064573943007,3.4956053709729997,1.1102230246251565e-16,5.551115123125783e-17,1.2848035824394855e-14,6.4240179121974275e-15,7.105427357601002e-15,0.0,72.30284405305098,77.20368471946425,projected-start,projected-start,0.005872412002645433,0.006004066999594215,21,SLSQP:1|projected-start:20,0,2,3,0,5,True,True,1.5394666270003654,1.196021436000592,,
representative,Xi_c,BRU,ok,S048.12,parameter,0.014550120787045484,0.0026634382197829654,1.4473348300717912,0.002715458497513104,0.002601013886506803,0.017265579284558588,0.011949106900538681,-0.0004296582205434163,-0.0035939868060590463,2.446905171851248,2.4437408432657324,1.734723475976807e-17,2.0816681711721685e-17,6.513098231796658e-15,7.81571787815599e-15,5.887955580470568e-10,0.0008172059145236678,6754.094968783677,3512.542827077548,trust-constr-exact-hess+KKT,SLSQP,0.10690644200076349,0.03695750299812062,22,SLSQP:5|projected-start:2|trust-constr-exact-hess+KKT:15,15,4,7,0,8,True,True,1.6061154789931607,4.317496040996048,,
representative,Xi_c,BRU,ok,S048R00,node,0.014325813130196942,0.002642631124452697,1.4473348300717912,0.0027148905692619494,0.002580694457473335,0.01704070369945889,0.011745118672723607,0.0006887847441769956,0.0031904909027486994,2.4480236148159684,2.45052532097454,2.0816681711721685e-17,1.214306433183765e-17,7.877255935988013e-15,4.595065962659674e-15,9.855316379301568e-05,2.41332557644808e-10,6526.498086735469,3447.576891754933,SLSQP,trust-constr-exact-hess+KKT,0.0383704160049092,0.17133737000403926,22,SLSQP:2|projected-start:2|projected-start+KKT:1|trust-constr-exact-hess+KKT:17,18,4,7,0,8,True,True,1.6061154789931607,4.417538997004158,,
representative,Xi_c masses,MASS,ok,B130D+0,node,-2.8375033456695746,0.39221251292854403,145.82387207313852,0.39221251292854387,0.39221251292854387,-2.4452908327410308,-3.2297158585981185,-1.0946938488132218e-05,1.0054251390556601e-05,146.82386112620003,146.8238821273899,2.922107000813412e-13,2.922107000813412e-13,7.450315592929034e-13,7.450315592929034e-13,5.604213707332715e-09,5.6665050559264345e-09,7.211434452607142,7.211497673177357,SLSQP,SLSQP,0.05814827500580577,0.055457447000662796,7,SLSQP:5|projected-start:2,0,12,18,0,42,True,True,1.2569854370012763,1.3319662290014094,,
representative,Xi_c masses,MASS,ok,B146M0,parameter,2646.111052319194,0.20130520548692976,145.82387207313852,0.2005188570278733,0.20209155394559275,2646.311571176222,2645.9089607652486,-0.0016160719203242024,0.0022282773687152257,146.8222560012182,146.82610035050723,0.0,0.0,0.0,0.0,8.309013440765193e-11,2.3510332322115714e-08,9.998225291689566,9.884887660408205,SLSQP,SLSQP,0.05145482200168772,0.04885140300029889,23,SLSQP:21|projected-start:2,0,12,18,0,42,True,True,1.2569854370012763,1.3889073780010222,,
representative,"D,D*,D_s,D_s* masses",MASS,ok,M061DM,node,142.01422091226118,0.019627906387996833,342.3590517007435,0.01962790638799561,0.01962790638799561,142.03384881864918,141.99459300587318,7.152720456815587e-06,-7.164228236433701e-06,343.359058853464,343.3590445365153,0.0,0.0,0.0,0.0,1.2935209498931963e-06,0.0009164601135753999,144.10285067560406,144.10225846114812,SLSQP,SLSQP,0.06119371800014051,0.05778322699916316,7,SLSQP:4|projected-start:2|projected-start+KKT:1,1,12,16,0,123,True,True,1.2239657969985274,1.7151317590032704,,
representative,"D,D*,D_s,D_s* masses",MASS,ok,S034M,parameter,1968.3508640225111,0.06700802103651227,342.3590517007435,0.06700802103637216,0.06700802103637216,1968.4178720435475,1968.2838560014748,-0.0011673850363536076,-0.0009813421622197893,343.35788431570717,343.3580703585813,0.0,0.0,0.0,0.0,8.941446509718671e-07,1.5843819853831083e-06,29.813718466992356,29.816494399628308,SLSQP,SLSQP,0.059542934999626596,0.058846760002779774,7,SLSQP:4|projected-start:2|projected-start+KKT:1,1,12,16,0,123,True,True,1.2239657969985274,0.8721970789993065,,
representative,D_s,BRU,ok,S034.40,parameter,0.05452815257391708,0.000641994198682934,12.092755137477859,0.0006419941986829381,0.0006419941986829381,0.055170146772600015,0.05388615837523414,-0.00010410396395243993,0.00021344361466724138,13.092651033513906,13.092968581092526,1.3877787807814457e-17,1.3877787807814457e-17,2.1616687247774294e-14,2.1616687247774294e-14,0.00554501079637084,0.001171116354931656,294530.93763656827,281895.87685204577,SLSQP,SLSQP,0.15546399600134464,0.1421870129997842,7,SLSQP:4|projected-start:2|projected-start+KKT:1,1,13,19,1,33,True,True,2.238099180001882,3.4015272940014256,,
representative,D_s,BRU,ok,S034P72,node,0.10259000880252048,0.01504605514934849,12.092755137477859,0.01510482880227565,0.01498728149642134,0.11769483760479613,0.08760272730609914,0.0018987943420967213,-0.002628570807843289,13.094653931819956,13.090126566670016,1.6653345369377348e-16,4.85722573273506e-16,1.1068246928563502e-14,3.228238687497688e-14,6.219229233979941e-08,2.8961998281749865e-06,4723.922222903705,3595.188735528929,trust-constr-exact-hess+KKT,trust-constr-exact-hess+KKT,0.27673993699863786,0.24486359900038224,23,SLSQP:5|projected-start:2|trust-constr-exact-hess+KKT:16,16,13,19,1,33,True,True,2.238099180001882,8.076469433995953,,
representative,D_s,BRU,ok,nuisance_M001.1,parameter,0.8921055234241531,0.006997304514443932,12.092755137477859,0.006997304514443914,0.006997304514443914,0.899102827938597,0.8851082189097091,-6.023903207363901e-06,7.805918476933016e-06,13.092749113574651,13.092762943396336,0.0,0.0,0.0,0.0,2.8863745378656807e-06,3.4181062198191416e-06,285.8217659573825,285.8276568316207,trust-constr-exact-hess+KKT,trust-constr-exact-hess+KKT,0.18517663500097115,0.18215837200114038,7,projected-start:2|trust-constr-exact-hess+KKT:5,5,13,19,1,33,True,True,2.238099180001882,2.625222122995183,,
representative,rho(770) charged,BR,ok,M009.3,parameter,0.0004499550836457602,2.094324292830005e-05,10.707777277352145,2.110686201367741e-05,2.0861433385611417e-05,0.00047106194565943763,0.0004290936502601488,0.004495531107806983,0.0026356276233929776,11.712272808459952,11.710412904975538,1.6263032587282567e-19,0.0,7.765288615024734e-15,0.0,1.6721896797500544e-14,4.210173876195711e-15,63.023652632874615,58.60589256606887,SLSQP,SLSQP,0.013221281005826313,0.012961992004420608,22,SLSQP:19|projected-start:3,0,3,1,0,10,True,True,1.82464096199692,1.7533933609956875,,
representative,rho(770) charged,BR,ok,M009W3,node,0.06760557845739426,0.002959619307606413,10.707777277352145,0.0029596193076064092,0.0029596193076064092,0.07056519776500067,0.06464595914978785,-5.459192731294138e-05,-4.359788938401721e-05,11.707722685424832,11.707733679462761,4.236375391864791e-15,7.66786961767337e-15,1.4313919972670243e-12,2.590829705011874e-12,4.850026959364039e-05,5.008008362334066e-05,67.40280711701696,61.75161378277023,projected-start,projected-start,0.01781697599653853,0.014866814999550115,7,SLSQP:2|projected-start:5,0,3,1,0,10,True,True,1.82464096199692,0.7783508639986394,,
representative,B+J/psi,BRU,ok,S041.20,parameter,0.0006081020556143905,2.068172302060851e-05,73.72540226729407,2.0843298981706895e-05,2.0520147059510077e-05,0.0006289453545960974,0.0005875819085548804,-0.0034879565858148,0.004561529551352805,74.72191431070826,74.72996379684542,2.927345865710862e-17,8.673617379884035e-18,1.415426491687312e-12,4.1938562716661094e-13,9.634585407267387e-07,2.368056613052033e-06,1178.326112963755,1071.2463513281518,trust-constr-exact-hess+KKT,trust-constr-exact-hess+KKT,2.842234969997662,3.8197313259952352,21,SLSQP:6|projected-start:2|trust-constr-exact-hess+KKT:13,13,19,21,6,72,True,True,2.808592322995537,32.34392037399812,,
representative,B+J/psi,BRU,ok,S041.222,parameter,3.921622810773803e-05,8.403657568556966e-07,73.72540226729407,8.43648435593413e-07,8.370830781179788e-07,4.0059876543331446e-05,3.8379145029620054e-05,-0.0018578489774512263,0.002658729607304622,74.72354441831662,74.72806099690138,2.0735366548785272e-18,4.330710052721787e-17,2.467421641068348e-12,5.153363303290135e-11,3.703852477372191e-07,3.5914045180931874e-05,118.77241197157451,111.35201970153707,trust-constr-exact-hess+KKT,SLSQP,9.36635732799914,0.23635206199833192,23,SLSQP:5|projected-start:2|trust-constr-exact-hess+KKT:16,16,19,21,6,72,True,True,2.808592322995537,136.07297773299797,,
representative,B+J/psi,BRU,ok,S041B46,node,0.5963198653716675,0.01904877228272602,73.72540226729407,0.019272000082914187,0.018825544482537704,0.6155918654545817,0.5774943208891298,0.0016211365912397468,-0.001636078314774636,74.72702340388531,74.7237661889793,2.864375403532904e-14,2.5424107263916085e-14,1.5037060452081746e-12,1.334684823072372e-12,2.7971302967540225e-07,1.8693091927466123e-05,2375.5690325911546,2295.132059215762,trust-constr-exact-hess+KKT,trust-constr-exact-hess+KKT,0.23939919500116957,1.13924065700121,23,SLSQP:7|projected-start:2|trust-constr-exact-hess+KKT:14,14,19,21,6,72,True,True,2.808592322995537,16.783312122999632,,
representative,B+J/psi,BRU,ok,S041B91,node,3.921622810773803e-05,8.403657568556966e-07,73.72540226729407,8.43648435593413e-07,8.370830781179788e-07,4.0059876543331446e-05,3.8379145029620054e-05,-0.0018578489774512263,0.002658729607304622,74.72354441831662,74.72806099690138,2.0735366548785272e-18,4.330710052721787e-17,2.467421641068348e-12,5.153363303290135e-11,3.703852477372191e-07,3.5914045180931874e-05,118.77241197157451,111.35201970153707,trust-constr-exact-hess+KKT,SLSQP,9.567787396001222,0.20316562500374857,23,SLSQP:5|projected-start:2|trust-constr-exact-hess+KKT:16,16,19,21,6,72,True,True,2.808592322995537,135.6176620920014,,
representative,B+J/psi,BRU,ok,nuisance_M070.54,parameter,0.005722118905539609,0.000328846225159094,73.72540226729407,0.00033013078072612143,0.0003249925584580104,0.00605224968626573,0.005397126347081598,-0.0019099804243154495,0.00025726894166666625,74.72349228686976,74.72565953623574,0.0,0.0,0.0,0.0,4.4829360725868053e-08,5.6168446245164195e-05,6098.535425691481,6231.220516149582,trust-constr-exact-hess+KKT,trust-constr-exact-hess+KKT,0.2129088639994734,0.23733402600191766,23,SLSQP:6|projected-start:2|trust-constr-exact-hess+KKT:15,15,19,21,6,72,True,True,2.808592322995537,12.06259427400073,,
representative,B0S-BR,BRU,ok,S086.5,parameter,0.0029875217173795736,0.00013439063663641613,25.78548667623456,0.00013596552690949915,0.00013281574636333322,0.003123487244289073,0.0028547059710162404,0.0002051285133788383,0.0006444692414788733,26.785691804747938,26.786131145476038,1.6479873021779667e-17,2.47198095326695e-17,1.2262664597954645e-13,1.839399689693197e-13,5.06212185896696e-05,5.064299184961858e-05,4461.743305617457,3900.1576372865247,trust-constr-exact-hess+KKT,trust-constr-exact-hess+KKT,0.31017943999904674,0.16328294100094354,23,projected-start:2|trust-constr-exact-hess+KKT:21,21,14,12,7,27,True,True,2.335741153001436,9.317872606996389,,
representative,B0S-BR,BRU,ok,S086.7,parameter,0.0009926908145392493,3.5337951327429156e-05,25.78548667623456,3.561402907217479e-05,3.50618735826837e-05,0.001028304843611424,0.0009576289409565656,-0.003985501033529459,0.004606188750930329,26.78150117520103,26.79009286498549,3.0791341698588326e-17,4.336808689942018e-18,8.713391846993752e-13,1.2272382883089793e-13,0.0001034092837038279,5.8903132578683e-05,1834.1394017537775,1671.9437746130773,trust-constr-exact-hess+KKT,trust-constr-exact-hess+KKT,1.5529410720046144,1.1917850350000663,21,projected-start:2|trust-constr-exact-hess+KKT:19,19,14,12,7,27,True,True,2.335741153001436,26.630294533999404,,
representative,B0S-BR,BRU,ok,S086R29,node,1.8166083598062617e-05,1.383482303929104e-06,25.78548667623456,1.399694987178275e-06,1.3672696206799345e-06,1.9565778585240892e-05,1.6798813977382683e-05,-0.001917562905422443,0.002069971857370234,26.783569113329136,26.78755664809193,1.717782817031721e-17,2.606489785290933e-17,1.2416369997311858e-11,1.884006595450101e-11,3.406616117361304e-05,4.563767621918025e-05,16.93697213499509,13.163780315748872,trust-constr-exact-hess+KKT,trust-constr-exact-hess+KKT,0.40472172199952183,0.3622268300023279,23,projected-start:2|trust-constr-exact-hess+KKT:21,21,14,12,7,27,True,True,2.335741153001436,12.146343497006455,,
representative,B0S-BR,BRU,ok,S086R3,node,0.0029875217173795736,0.00013439063663641613,25.78548667623456,0.00013596552690949915,0.00013281574636333322,0.003123487244289073,0.0028547059710162404,0.0002051285133788383,0.0006444692414788733,26.785691804747938,26.786131145476038,1.6479873021779667e-17,2.47198095326695e-17,1.2262664597954645e-13,1.839399689693197e-13,5.06212185896696e-05,5.064299184961858e-05,4461.743305617457,3900.1576372865247,trust-constr-exact-hess+KKT,trust-constr-exact-hess+KKT,0.3390538089952315,0.16304628400393995,23,projected-start:2|trust-constr-exact-hess+KKT:21,21,14,12,7,27,True,True,2.335741153001436,8.330306233998272,,
representative,B0S-BR,BRU,ok,nuisance_S041.3,parameter,0.00101713945599657,1.8832567231745158e-05,25.78548667623456,1.8832567231745175e-05,1.8832567231745175e-05,0.0010359720232283151,0.0009983068887648248,-0.0020408343121225414,0.002457827196497675,26.783445841922436,26.787944503431056,0.0,0.0,0.0,0.0,8.286693522798421e-05,3.621914917163064e-05,106063.78140270803,106380.48674203579,trust-constr-exact-hess+KKT,trust-constr-exact-hess+KKT,1.4759433240033104,0.6416382759998669,7,SLSQP:1|projected-start:2|trust-constr-exact-hess+KKT:4,4,14,12,7,27,True,True,2.335741153001436,8.713198752004246,,
representative,chi_c012 psi(2S),BR,ok,M055B10,node,1.242369315517419e-05,7.575646432764551e-07,393.9145251307138,7.575646432764554e-07,7.575646432764554e-07,1.3181257798450645e-05,1.1666128511897734e-05,-6.454296055835584e-06,6.192104592628311e-06,394.91451867641774,394.9145313228184,3.1922291340334205e-19,2.3606594209592433e-18,4.2138042771202737e-13,3.116116151816997e-12,1.3978854392664262e-06,3.6718440177580395e-06,103270.13309189325,91400.22944042292,trust-constr-exact-hess+KKT,trust-constr-exact-hess+KKT,4.5343772179985535,7.70158147100301,7,projected-start:2|projected-start+KKT:1|trust-constr-exact-hess+KKT:4,5,52,118,3,258,True,True,20.59188423299929,49.34474153300107,,
representative,chi_c012 psi(2S),BR,ok,M055B11,node,3.5720473631297055e-05,2.19769722037197e-06,393.9145251307138,2.1976972203719718e-06,2.1976972203719718e-06,3.7918170851669026e-05,3.352277641092508e-05,-0.002212230430757245,0.0021103712124954654,394.91231290028304,394.9166355019263,1.81603863891322e-18,8.74138001566438e-19,8.263370504722426e-13,3.977517892198481e-13,6.201684015717068e-06,5.802444513416935e-06,268248.39082149736,238755.82711621362,trust-constr-exact-hess+KKT,trust-constr-exact-hess+KKT,14.720835824002279,5.86752214399894,7,projected-start:2|projected-start+KKT:1|trust-constr-exact-hess+KKT:4,5,52,118,3,258,True,True,20.59188423299929,90.93536103299994,,
representative,chi_c012 psi(2S),BR,ok,M056.11,parameter,0.00022145356099718502,8.529678088187875e-06,393.9145251307138,8.562997143219845e-06,8.496359033155915e-06,0.00023001655814040487,0.0002129572019640291,-0.0015501179665307063,0.001784552566164166,394.91297501274727,394.91630968327996,1.0950441942103595e-17,1.9705374484924043e-17,1.2838048316580737e-12,2.3102131500381673e-12,7.095537416567751e-06,4.772653131824048e-06,385.7339147904669,337.5288426572694,trust-constr-bfgs-hess+KKT,trust-constr-exact-hess+KKT,20.882686377000937,20.25189798900101,23,projected-start:2|projected-start+KKT:1|trust-constr-bfgs-hess+KKT:1|trust-constr-exact-hess+KKT:19,21,52,118,3,258,True,True,20.59188423299929,632.3458316870019,,
representative,chi_c012 psi(2S),BR,ok,M056.6,parameter,0.014095013351982131,0.0005568019491889345,393.9145251307138,0.0005611519644169727,0.0005524519339608971,0.014656165316399104,0.013542561418021234,-0.0004999931571205707,0.0010961927597463728,394.9140251375567,394.91562132347354,5.204170427930421e-18,4.336808689942018e-17,9.34653773305046e-15,7.788781444208717e-14,0.003777266179523567,0.01910115933921266,23820.33694975914,21036.19229956745,SLSQP,SLSQP,20.793051943997853,21.499561171003734,21,SLSQP:2|projected-start:2|projected-start+KKT:1|trust-constr-exact-hess+KKT:16,17,52,118,3,258,True,True,20.59188423299929,631.1068115130038,,
representative,chi_c012 psi(2S),BR,ok,nuisance_M070.335,parameter,0.00527011256901173,0.0004048548796363814,393.9145251307138,0.0004048548796363816,0.0004048548796363816,0.005674967448648111,0.004865257689375348,-0.0008121640925082829,0.0007707426365755055,394.9137129666213,394.9152958733504,0.0,0.0,0.0,0.0,2.5265915599956953e-06,3.883225167788744e-06,4933.937048194997,4945.664334258048,trust-constr-exact-hess+KKT,trust-constr-exact-hess+KKT,4.297006608998345,4.653412683997885,7,projected-start:2|projected-start+KKT:1|trust-constr-exact-hess+KKT:4,5,52,118,3,258,True,True,20.59188423299929,38.3652760469995,,
representative,eta_c J/psi psi(2S),BRU,error,M026.31,,,,,,,,,,,,,,,,,,,,,,,,,,,,21,50,2,115,True,True,4.929737486003432,,RuntimeError,"Profile minimization failed for M026.31=0.00016441221966372545: success=True, finite=True, constraint_violation=0, scaled_constraint_violation=0, projected_grad_norm=1.9, message=Optimization terminated successfully"
representative,eta_c J/psi psi(2S),BRU,ok,M026.45,parameter,0.0011024612508969101,9.57386368450934e-05,185.51089892931617,0.0001907293155898346,0.0001869895250880731,0.0012931905664867447,0.000915471725808837,-0.0007335008254756303,0.004431627004350958,186.5101654284907,186.51533055632052,2.190088388420719e-17,1.1926223897340549e-17,2.2875700559266537e-13,1.245706466098673e-13,2.925216234745567e-08,1.806685262846169e-07,538.4118147382677,284.6760806996276,trust-constr-exact-hess+KKT,trust-constr-exact-hess+KKT,3.8032958109979518,8.254098143996089,20,projected-start:2|trust-constr-exact-hess+KKT:18,18,21,50,2,115,True,True,4.929737486003432,177.72348280699953,,
representative,eta_c J/psi psi(2S),BRU,error,M026G03,,,,,,,,,,,,,,,,,,,,,,,,,,,,21,50,2,115,True,True,4.929737486003432,,RuntimeError,"Profile minimization failed for M026G03=1.339674883770437e-05: success=True, finite=True, constraint_violation=2.43e-18, scaled_constraint_violation=1.16e-12, projected_grad_norm=2.13, message=`xtol` termination condition is satisfied."
representative,eta_c J/psi psi(2S),BRU,error,M026G07,,,,,,,,,,,,,,,,,,,,,,,,,,,,21,50,2,115,True,True,4.929737486003432,,RuntimeError,"Profile minimization failed for M026G07=9.239218621239836e-06: success=True, finite=True, constraint_violation=7.95e-19, scaled_constraint_violation=9.98e-13, projected_grad_norm=1.56, message=`xtol` termination condition is satisfied."
representative,B0,BRU,error,S042.390,,,,,,,,,,,,,,,,,,,,,,,,,,,,25,36,3,98,True,True,3.462426709003921,,RuntimeError,"Profile minimization failed for S042.390=0.01516416184157636: success=False, finite=True, constraint_violation=2.43e-17, scaled_constraint_violation=3.01e-14, projected_grad_norm=4.96e+03, message=KKT polish: The iteration is not making good progress, as measured by the 
 improvement from the last ten iterations."
representative,B0,BRU,ok,S042.69,parameter,0.0005901331326085796,3.131724279036022e-05,82.90199359780131,3.792322369145179e-05,3.54765640984549e-05,0.0006280563563000314,0.0005546565685101247,-0.004014188822438314,-0.00034104854395877737,83.89797940897887,83.90165254925735,4.412702842016003e-17,6.613633252161577e-18,1.409032995514624e-12,2.1118184945059478e-13,3.967882059210138e-08,5.0199776437182445e-08,620.9121378528569,486.4361104548708,trust-constr-exact-hess+KKT,trust-constr-exact-hess+KKT,0.2502801270020427,0.16339818400592776,21,SLSQP:3|projected-start:2|projected-start+KKT:1|trust-constr-exact-hess+KKT:15,16,25,36,3,98,True,True,3.462426709003921,8.651441447997058,,
representative,B0,BRU,ok,S042B31,node,6.664496100431552e-06,5.220661058754948e-07,82.90199359780131,5.220661058754948e-07,5.220661058754948e-07,7.186562206307047e-06,6.142429994556058e-06,-0.003801783929120006,0.003766343484784329,83.89819181387219,83.90575994128609,3.37703565740817e-17,3.3771203607028955e-17,6.468597787525292e-11,6.468760033826616e-11,2.1655680866984725e-08,0.00011268656235893736,6.179996155658196,4.566364471200651,SLSQP,SLSQP,0.22598764400026994,0.17300775200419594,7,SLSQP:3|projected-start:2|projected-start+KKT:1|trust-constr-exact-hess+KKT:1,2,25,36,3,98,True,True,3.462426709003921,5.893883402000938,,
representative,B0,BRU,error,S042B95,,,,,,,,,,,,,,,,,,,,,,,,,,,,25,36,3,98,True,True,3.462426709003921,,RuntimeError,"Profile minimization failed for S042B95=0.26027560212637935: success=False, finite=True, constraint_violation=8.33e-16, scaled_constraint_violation=5.45e-14, projected_grad_norm=955, message=KKT polish: The iteration is not making good progress, as measured by the 
 improvement from the last ten iterations."
representative,B0,BRU,ok,nuisance_M070.54,parameter,0.005772660839904089,0.000385133713251149,82.90199359780131,0.0003851337132511493,0.0003836292846837617,0.006157794553155238,0.005389031555220327,-0.003685037352354925,-0.0011614351078890195,83.89830856044895,83.90083216269342,0.0,0.0,0.0,0.0,6.735242235514128e-06,4.287734577846026e-06,5181.208421346552,5224.642491969199,trust-constr-exact-hess+KKT,trust-constr-exact-hess+KKT,0.9324978040021961,0.2075367399957031,15,projected-start:2|projected-start+KKT:1|trust-constr-exact-hess+KKT:12,13,25,36,3,98,True,True,3.462426709003921,9.01261621699814,,
representative,D0,BRU,ok,S032.123,parameter,0.0022086233456074275,0.0003115624933841677,150.03284190593968,0.0003127795343739496,0.0003042602474454762,0.002521402879981377,0.0019043630981619513,0.00024339006714058087,-7.336152000902985e-05,151.03308529600682,151.03276854441967,9.974659986866641e-18,2.7972416050126014e-17,3.2014957508275966e-14,8.978107649059999e-14,8.322041101280827e-07,1.7658875723338887e-06,1256.898080577106,758.8251752520235,trust-constr-exact-hess+KKT,trust-constr-exact-hess+KKT,4.676180800997827,3.820611101000395,22,projected-start:2|trust-constr-exact-hess+KKT:20,20,36,71,1,138,True,True,6.7867579349986045,106.71861454399914,,
representative,D0,BRU,ok,S032.64,parameter,0.011116600698951496,0.0006089411819039111,150.03284190593968,0.0006089411819039121,0.0006089411819039121,0.011725541880855408,0.010507659517047584,-0.0014178699279909779,0.0015064448381281181,151.03142403601169,151.0343483507778,3.469446951953614e-18,3.469446951953614e-18,5.697507501637623e-15,5.697507501637623e-15,7.439015438312606e-07,6.149686356101205e-07,14148.961784959805,11414.366887591512,trust-constr-exact-hess+KKT,trust-constr-exact-hess+KKT,2.0798818269977346,1.782949981999991,7,projected-start:2|trust-constr-exact-hess+KKT:5,5,36,71,1,138,True,True,6.7867579349986045,22.562428171004285,,
representative,D0,BRU,ok,S032B02,node,0.03669866110363063,0.0004199220317366532,150.03284190593968,0.00041992203173665116,0.00041992203173665116,0.037118583135367283,0.03627873907189398,-0.0006046971373621091,0.0005942663564155737,151.03223720880231,151.0334361722961,6.938893903907228e-17,6.800116025829084e-16,1.6524243501133646e-13,1.6193758631110972e-12,7.591559110514616e-07,5.632476266251424e-07,216902.80694720862,212854.81253681506,trust-constr-exact-hess+KKT,trust-constr-exact-hess+KKT,4.859530869005539,16.14053572699777,7,projected-start:2|trust-constr-exact-hess+KKT:5,5,36,71,1,138,True,True,6.7867579349986045,53.15222795899899,,
representative,D0,BRU,ok,S032B03,node,0.02084830862640314,0.0006465254496413938,150.03284190593968,0.0006465254496413955,0.0006465254496413955,0.021494834076044536,0.020201783176761745,-0.0012612569636019089,0.0012330910033711007,151.03158064897607,151.03407499694305,8.396061623727746e-16,1.457167719820518e-16,1.2986436386045998e-12,2.2538443314625287e-13,3.2887948577700593e-07,3.10913047919686e-07,81475.69342457634,77006.09089862945,trust-constr-exact-hess+KKT,trust-constr-exact-hess+KKT,9.490572715003509,11.57856013700075,7,projected-start:2|trust-constr-exact-hess+KKT:5,5,36,71,1,138,True,True,6.7867579349986045,65.66867740599992,,
representative,Lambda_c,BRU,ok,S033.21,parameter,0.04543896811068673,0.001786798238890476,58.76139291947947,0.0018007576001318124,0.0017658591970284784,0.04723972571081854,0.04367310891365825,0.0039779310898993,-0.0022701864670224836,59.76537085056937,59.75912273301245,1.3877787807814457e-17,6.938893903907228e-18,7.766846589479492e-15,3.883423294739746e-15,1.1247077066855768e-07,1.0885055276744221e-07,78461.54276588064,67722.34175652153,trust-constr-exact-hess+KKT,trust-constr-exact-hess+KKT,1.1516124890040373,1.7503207759946235,22,projected-start:2|trust-constr-exact-hess+KKT:20,20,29,55,3,88,True,True,4.959716341996682,44.86402319899935,,
representative,Lambda_c,BRU,ok,S033.35,parameter,0.0036459090498223517,0.00032819306527631355,58.76139291947947,0.00033332108192125594,0.00032306504863137105,0.003979230131743608,0.0033228440011909806,0.0020705385327985937,-0.0024926020418263306,59.76346345801227,59.75890031743764,2.688821387764051e-17,6.938893903907228e-18,8.19280378608935e-14,2.1142719447972517e-14,1.1154528116076005e-07,4.9727260099420025e-08,2951.5667501515763,2168.760088368455,trust-constr-exact-hess+KKT,trust-constr-exact-hess+KKT,2.0164408210039255,1.971891337998386,19,projected-start:2|trust-constr-bfgs-hess+KKT:1|trust-constr-exact-hess+KKT:16,17,29,55,3,88,True,True,4.959716341996682,47.2877757440001,,
representative,Lambda_c,BRU,ok,S033P04,node,0.01870247416917633,0.00171025480890652,58.76139291947947,0.0017102548089065195,0.0017102548089065195,0.02041272897808285,0.01699221936026981,-0.001125859779328664,0.0009981274307264698,59.76026705970014,59.762391046910196,2.7755575615628914e-17,4.5102810375396984e-17,1.622891248197975e-14,2.6371982783217093e-14,3.125733984641353e-08,1.01388624508925e-07,15265.434130470929,10610.853026497693,trust-constr-exact-hess+KKT,trust-constr-exact-hess+KKT,1.748300792001828,1.7386560440063477,7,projected-start:2|trust-constr-exact-hess+KKT:5,5,29,55,3,88,True,True,4.959716341996682,14.010391853997135,,
representative,Lambda_c,BRU,ok,S033P10,node,0.005524008092497924,0.0007377278398273898,58.76139291947947,0.0007377278398273896,0.0007377278398273896,0.006261735932325313,0.004786280252670534,-0.0028644520618641423,0.0025772630216920334,59.758528467417605,59.76397018250116,2.688821387764051e-17,2.7755575615628914e-17,3.644733521772974e-14,3.762305570862425e-14,7.115445478867494e-08,2.998776532131432e-08,3325.8701551972886,1957.6904029906852,trust-constr-exact-hess+KKT,trust-constr-exact-hess+KKT,2.7968727580009727,3.0717581900025834,7,projected-start:2|trust-constr-exact-hess+KKT:5,5,29,55,3,88,True,True,4.959716341996682,20.13386846800131,,
representative,Lambda_c,BRU,ok,nuisance_S014.12,parameter,5.849350270204951e-06,7.698389957138042e-07,58.76139291947947,7.698389957138047e-07,7.698389957138047e-07,6.619189265918756e-06,5.079511274491146e-06,-0.0010448911218148282,0.0009740533261322071,59.760348028357654,59.7623669728056,0.0,0.0,0.0,0.0,0.003442083814077519,0.06974808257240926,2592801.5866019786,2602725.2204259606,SLSQP,SLSQP,0.3376768349990016,0.32210541099630063,7,SLSQP:4|projected-start:2|trust-constr-exact-hess+KKT:1,1,29,55,3,88,True,True,4.959716341996682,6.520938371999364,,
