stage,label,algorithm,status,target,target_kind,target_value,target_std,chi2_min,error_p,error_n,upper_endpoint,lower_endpoint,upper_residual,lower_residual,upper_chi2,lower_chi2,upper_constraint_violation,lower_constraint_violation,upper_scaled_constraint_violation,lower_scaled_constraint_violation,upper_projected_grad_norm,lower_projected_grad_norm,upper_objective_grad_norm,lower_objective_grad_norm,upper_method,lower_method,upper_profile_runtime_sec,lower_profile_runtime_sec,profile_calls,profile_methods,kkt_polish_calls,n_params,n_nodes,n_nuisance,n_meas,fit_valid,hesse_accurate,fit_runtime_sec,target_runtime_sec,exception_type,exception
representative,"G(2000),G(1800)",MASS,ok,K002M,parameter,1794.8878923766824,7.396520815988,1.73542600896861,7.396520815987969,7.396520815987969,1802.2844131926704,1787.4913715606945,3.625011402164091e-11,3.58091334362598e-11,2.7354260090048603,2.7354260090044193,0.0,0.0,0.0,0.0,1.6395305252325798e-15,2.137900124893534e-15,0.2703974003222134,0.2703974003221528,SLSQP,SLSQP,0.014621146998251788,0.015698274000897072,7,SLSQP:4|projected-start:3,0,2,1,0,6,True,True,0.9343552730133524,0.9867382319935132,,
representative,"G(2000),G(1800)",MASS,ok,K003DM,node,205.24663677129956,9.42280413031302,1.73542600896861,9.422804130313011,9.422804130313011,214.66944090161257,195.82383264098655,1.1339107430785589e-10,1.1371881214472523e-10,2.7354260090820013,2.735426009082329,1.1368683772161603e-13,1.1368683772161603e-13,1.2065074912879402e-14,1.2065074912879402e-14,8.068235998053638e-16,2.7755575615628914e-17,0.30016830297555863,0.30016830297560787,SLSQP,SLSQP,0.015487480006413534,0.01492973200220149,7,SLSQP:4|projected-start:3,0,2,1,0,6,True,True,0.9343552730133524,0.3994605459884042,,
representative,"G(2000),G(1800)",MASS,ok,K003M,parameter,2000.134529147982,7.923400095299919,1.73542600896861,7.9234000952999395,7.9234000952999395,2008.057929243282,1992.211129052682,1.8958168368499173e-10,1.8961676673256989e-10,2.735426009158192,2.735426009158227,0.0,0.0,0.0,0.0,4.288236432614667e-15,1.7486012637846216e-15,0.2524168887502683,0.25241688875027135,SLSQP,SLSQP,0.016104954993352294,0.014075022001634352,7,SLSQP:4|projected-start:3,0,2,1,0,6,True,True,0.9343552730133524,0.34044368799368385,,
representative,Illustrative key,BR (NO MATRIX),ok,K001.1,parameter,0.6515229918768091,0.0076417355848783005,4.853866686017909,0.007671586114506801,0.007611885055249901,0.6591945779913159,0.6439111068215592,-0.0007622749235434156,0.0008919092792183392,5.853104411094366,5.8547585952971275,6.315257206068736e-10,0.0,8.264166086256059e-08,0.0,4.14314051144892e-14,1.5888218580782548e-14,82.41580671416513,85.65218710716464,projected-start,SLSQP,0.011066017992561683,0.010247444006381556,23,SLSQP:4|projected-start:19,0,2,3,0,4,True,True,1.5110565759969177,1.9466373670002213,,
representative,Illustrative key,BR (NO MATRIX),ok,K001R1,node,0.6515229918768091,0.0076417355848783005,4.853866686017909,0.007671586114506801,0.007611885055249901,0.6591945779913159,0.6439111068215592,-0.0007622749235434156,0.0008919092792183392,5.853104411094366,5.8547585952971275,6.315257206068736e-10,0.0,8.264166086256059e-08,0.0,4.14314051144892e-14,1.5888218580782548e-14,82.41580671416513,85.65218710716464,projected-start,SLSQP,0.011683766992064193,0.018013648994383402,23,SLSQP:4|projected-start:19,0,2,3,0,4,True,True,1.5110565759969177,1.1636013890092727,,
representative,eta^'(958),BR,ok,M002.1,parameter,0.4246146322959095,0.004962058460743696,69.5961996556645,0.004981441501605954,0.004942675419881359,0.42959607379751547,0.41967195687602815,0.00151312439419371,-0.0010466238497457425,70.5977127800587,70.59515303181476,0.0,5.551115123125783e-17,0.0,1.1187121568684221e-14,0.0017865291050070018,0.000796555108837389,116.9942429477131,117.55851181724631,SLSQP+descent-check,SLSQP,0.17489636399841402,0.11043007799889892,23,SLSQP:10|SLSQP+descent-check:11|projected-start:1|projected-start+descent-check:1,0,14,32,5,58,True,True,3.527363417990273,5.639379838001332,,
representative,eta^'(958),BR,ok,M002G1,node,0.0012796187086040335,3.980903344417883e-05,69.5961996556645,3.9809033444178875e-05,3.9809033444178875e-05,0.0013194277420482123,0.0012398096751598546,-0.003300281801870142,0.003282593349595686,70.59289937386264,70.5994822490141,5.709368994589495e-16,5.41456556557288e-17,1.4341893034392076e-11,1.3601348983178183e-12,0.010199803676257843,0.0008045934293275002,353.72281325497613,353.8574221052695,SLSQP+descent-check,SLSQP,0.14636287500616163,0.13031453201256227,7,SLSQP:1|SLSQP+descent-check:4|projected-start:1|projected-start+descent-check:1,0,14,32,5,58,True,True,3.527363417990273,2.1299680810043355,,
representative,eta^'(958),BR,ok,nuisance_M070.84,parameter,0.005274946090992055,5.854601647301336e-05,69.5961996556645,5.8546016473013524e-05,5.8546016473013524e-05,0.0053334921074650685,0.0052164000745190415,-0.0005091634488252339,0.0005247111748190036,70.59569049221568,70.59672436683933,0.0,0.0,0.0,0.0,1.4581502926319234e-10,0.010130928787027394,34137.38392275371,34185.61920795145,trust-constr-exact-hess+KKT,SLSQP,3.4894817140011583,0.08615176400053315,7,SLSQP:3|SLSQP+descent-check:1|projected-start:2|trust-constr-exact-hess+KKT:1,1,14,32,5,58,True,True,3.527363417990273,4.9182685160049004,,
representative,eta^'(958),BR,ok,nuisance_S014.1,parameter,0.3936045964045789,0.0017996558565326589,69.5961996556645,0.0017996558565326337,0.0017996558565326337,0.39540425226111153,0.39180494054804627,-7.511950684602198e-06,7.385062446019219e-06,70.59619214371382,70.59620704072695,0.0,0.0,0.0,0.0,0.00043525752542177107,0.13462667774425482,1111.3168357435827,1111.3304079785914,SLSQP,SLSQP+descent-check,0.06814278099045623,0.0903215989965247,7,SLSQP:3|SLSQP+descent-check:2|projected-start:1|projected-start+descent-check:1,0,14,32,5,58,True,True,3.527363417990273,1.5560829839960206,,
representative,phi(1020),BR,ok,M004.1,parameter,0.4988841504753729,0.0035787694113400504,89.32258680367127,0.0035787694113399993,0.0035787694113400548,0.5024629198867129,0.4953053810640328,0.0011524894141672348,-0.0009207170602536507,90.32373929308544,90.32166608661102,5.007105841059456e-14,1.1102230246251565e-16,1.399113847679997e-11,3.102247999290459e-14,0.0002456938026018877,4.30848585579051e-06,173.6723950263176,173.0919128273072,SLSQP,SLSQP,0.10563014799845405,0.10969078299240209,7,SLSQP:5|projected-start:2,0,15,30,1,84,True,True,3.450782222993439,3.1108434490015497,,
representative,phi(1020),BR,ok,M004G10,node,0.00014785824586468997,1.9164231669238283e-06,89.32258680367127,1.923909194919603e-06,1.908937138928019e-06,0.00014978215505960957,0.00014594930872576195,0.002536664744170025,-0.0023608282105982425,90.32512346841544,90.32022597546067,1.5359157358430598e-19,4.1236427843855854e-20,8.014491592211625e-14,2.1517391646880917e-14,1.9643427887939047e-06,7.843432743805074e-07,192.79007090777773,190.368873359169,SLSQP,SLSQP,0.10327486100140959,0.09432456700596958,23,SLSQP:20|SLSQP+descent-check:1|projected-start:2,0,15,30,1,84,True,True,3.450782222993439,3.7699344770080643,,
representative,phi(1020),BR,ok,nuisance_M001.1,parameter,0.8919055325610574,0.006997369420818367,89.32258680367127,0.0069973694208183,0.0069973694208183,0.8989029019818757,0.8849081631402391,-9.8021582928709e-05,9.814353791171015e-05,90.32248878208834,90.32268494720918,0.0,0.0,0.0,0.0,9.565452941416566e-08,1.2508363487553188e-07,285.8057587318014,285.8379912173864,SLSQP,SLSQP,0.08821915999578778,0.09586371399927884,7,SLSQP:5|projected-start:2,0,15,30,1,84,True,True,3.450782222993439,1.7309371290029958,,
representative,f_2(1270),BR,ok,M005.1,parameter,0.8426593634816643,0.011075961694450962,82.25794029388227,0.014883323526918457,0.009345342679693114,0.8575426870085827,0.8333140208019711,0.003559323546923565,-0.002235517406305121,83.2614996174292,83.25570477647597,1.176836406102666e-14,6.661338147750939e-16,1.0625139726623098e-12,6.014230033937603e-14,1.3749488084423623e-05,1.2152216111740726e-06,15.677676890576121,38.4101725035466,SLSQP,SLSQP,0.04323704099806491,0.04338157600432169,17,SLSQP:14|projected-start:2|projected-start+descent-check:1,0,8,12,0,44,True,True,2.360647010995308,2.5981155810004566,,
representative,f_2(1270),BR,ok,M005G1,node,0.00012105785842002719,1.5497636822531653e-05,82.25794029388227,1.5558174466369644e-05,1.543709917869364e-05,0.00013661603288639683,0.00010562075924133355,0.0004176874794268315,-0.0012420505638175428,83.2583579813617,83.25669824331845,5.279277320818903e-16,1.5805459703802454e-17,3.406504734414401e-11,1.0198625690352522e-12,0.00010358813041358359,3.646152366566685e-05,37.91420280025566,29.696904633717015,SLSQP,SLSQP,0.043718159999116324,0.04435002600075677,23,SLSQP:19|SLSQP+descent-check:1|projected-start:2|projected-start+descent-check:1,0,8,12,0,44,True,True,2.360647010995308,2.1655017340090126,,
representative,f_1(1285),BR,ok,M008.1,parameter,0.08978053619180335,0.0037358955109710254,24.021800535714654,0.0037067088272915716,0.003765082194650493,0.09348724501909492,0.08601545399715285,0.0014252614567844546,-0.002808066252896424,25.02322579717144,25.018992469461757,2.213507155346406e-14,7.494005416219807e-16,5.924970730166584e-12,2.0059462033165864e-13,3.1802295474329797e-06,3.571026369904561e-08,53.31062303759338,47.579951506545456,SLSQP,SLSQP,0.02909484699193854,0.03684788399550598,21,SLSQP:19|projected-start:2,0,5,11,0,18,True,True,2.110318681996432,2.377956552998512,,
representative,f_1(1285),BR,ok,M008R1,node,0.2743716028580421,0.01263634590172933,24.021800535714654,0.012636345901729351,0.012636345901729351,0.2870079487597714,0.2617352569563127,-0.003916470195907351,0.004352436621804401,25.017884065518746,25.026152972336458,0.0,5.551115123125783e-17,0.0,4.39297496783947e-15,7.915762366295596e-06,9.737916196787887e-06,63.875280612069574,58.97004721465321,SLSQP,SLSQP,0.03545258899976034,0.033534642003360204,7,SLSQP:5|projected-start:2,0,5,11,0,18,True,True,2.110318681996432,1.1409046510088956,,
representative,K_2^*(1430),BR,ok,M022.1,parameter,0.4986747850894472,0.011876965821860335,21.08113365071639,0.01196975461734373,0.011784177026377074,0.5106445397067909,0.4868906080630701,0.003224509888170246,-0.00290180782039684,22.08435816060456,22.078231842895992,6.661338147750939e-16,2.3869795029440866e-15,5.608619446803753e-14,2.009755301771345e-13,2.9769748540899643e-06,1.2663246555203277e-06,48.4448911976215,49.31981467623427,SLSQP,SLSQP,0.04303595799137838,0.0409354490111582,21,SLSQP:19|projected-start:2,0,8,11,0,32,True,True,2.4685113159939647,2.873228745011147,,
representative,K_2^*(1430),BR,ok,M022R1,node,0.4986747850894472,0.011876965821860335,21.08113365071639,0.01196975461734373,0.011784177026377074,0.5106445397067909,0.4868906080630701,0.003224509888170246,-0.00290180782039684,22.08435816060456,22.078231842895992,6.661338147750939e-16,2.3869795029440866e-15,5.608619446803753e-14,2.009755301771345e-13,2.9769748540899643e-06,1.2663246555203277e-06,48.4448911976215,49.31981467623427,SLSQP,SLSQP,0.03495617500448134,0.03503452600853052,21,SLSQP:19|projected-start:2,0,8,11,0,32,True,True,2.4685113159939647,1.6639116130099865,,
representative,K0l3 lin form fact,SPECIAL,ok,S013L+E,parameter,0.028248529277636703,0.0003491154983447324,16.228255403715963,0.00034911549834473407,0.00034911549834473407,0.028597644775981437,0.02789941377929197,1.6614857898389346e-06,-1.6594882481513196e-06,17.228257065201753,17.228253744227715,0.0,0.0,0.0,0.0,7.21978554306926e-12,2.8421709430404007e-12,5728.767906238947,5728.758393702097,SLSQP,SLSQP,0.01975833499454893,0.01914630200190004,7,SLSQP:4|projected-start:2|projected-start+descent-check:1,0,2,1,0,8,True,True,0.8663403170066886,1.0714081949990941,,
representative,K0l3 lin form fact,SPECIAL,ok,S013L+M,node,0.028248529277636703,0.0003491154983447324,16.228255403715963,0.00034911549834473407,0.00034911549834473407,0.028597644775981437,0.02789941377929197,1.6614857898389346e-06,-1.6594882481513196e-06,17.228257065201753,17.228253744227715,0.0,0.0,0.0,0.0,7.21978554306926e-12,2.8421709430404007e-12,5728.767906238947,5728.758393702097,SLSQP,SLSQP,0.02089747300487943,0.018907466990640387,7,SLSQP:4|projected-start:2|projected-start+descent-check:1,0,2,1,0,8,True,True,0.8663403170066886,0.41687758298940025,,
representative,f_2^'(1525),BR,ok,M013.1,parameter,0.008188959887628635,0.001512702991987802,14.202845643868436,0.0015127029919878021,0.0015127029919878021,0.009701662879616437,0.0066762568956408325,0.0009029226930579171,0.0007623551699875719,15.203748566561494,15.203607999038423,1.457167719820518e-15,2.6020852139652106e-17,9.632873918664586e-13,1.72015605690439e-14,1.5467223442431952e-05,2.1245088336070477e-06,17.12328561724845,11.814075929484568,SLSQP,SLSQP,0.03487849900557194,0.034218760003568605,7,SLSQP:5|projected-start:2,0,5,8,0,16,True,True,1.9244999549991917,1.7749709820054704,,
representative,f_2^'(1525),BR,ok,M013G1,node,7.193463989163297e-05,7.235927305363351e-06,14.202845643868436,7.23592730536335e-06,7.23592730536335e-06,7.917056719699632e-05,6.469871258626962e-05,-0.0036019827680320304,0.004355773767322546,15.199243661100404,15.207201417635758,1.2873520243829438e-19,1.350041308920999e-20,1.7791113288669222e-14,1.8657474736103735e-15,1.7883568795814668e-06,6.230401715181189e-09,27.935600914304942,23.10304093788339,SLSQP,SLSQP,0.032446103999973275,0.030315269992570393,7,SLSQP:5|projected-start:2,0,5,8,0,16,True,True,1.9244999549991917,1.0855591360013932,,
representative,rho_3(1690),BR,ok,M015.1,parameter,0.23594242938464413,0.01264858516980164,14.729555858759666,0.012599176633982107,0.012648585169801635,0.24854160601862624,0.2232938442148425,0.0018634095827785302,-0.0019209298822975285,15.731419268342444,15.727634928877368,1.0771938896425581e-13,2.4980018054066022e-15,8.516319218171111e-12,1.974925868681783e-13,4.6687795011924454e-07,1.1614301722234785e-07,40.135223125718625,37.438136918721604,SLSQP,SLSQP,0.019605563007644378,0.02243513999565039,15,SLSQP:12|projected-start:3,0,4,5,0,10,True,True,1.8593372749892296,1.7582343819958623,,
representative,rho_3(1690),BR,ok,M015R1,node,0.23594242938464413,0.01264858516980164,14.729555858759666,0.012599176633982107,0.012648585169801635,0.24854160601862624,0.2232938442148425,0.0018634095827785302,-0.0019209298822975285,15.731419268342444,15.727634928877368,1.0771938896425581e-13,2.4980018054066022e-15,8.516319218171111e-12,1.974925868681783e-13,4.6687795011924454e-07,1.1614301722234785e-07,40.135223125718625,37.438136918721604,SLSQP,SLSQP,0.02054855998721905,0.023937853999086656,15,SLSQP:12|projected-start:3,0,4,5,0,10,True,True,1.8593372749892296,0.9125291959935566,,
representative,K^*(892) neutral,BR,ok,M018.4,parameter,0.0024643834441088358,0.00020983840215640744,68.41898010882522,0.00020983840215640752,0.00020983840215640752,0.0026742218462652433,0.0022545450419524282,-0.0008713081904829778,0.0008387746384528327,69.41810880063474,69.41981888346368,0.0,0.0,0.0,0.0,2.2892749029779777e-08,4.707220391254827e-09,35.9084500474221,30.352712145620256,SLSQP,SLSQP,0.01671797499875538,0.017838621002738364,7,SLSQP:5|projected-start:2,0,3,2,0,23,True,True,1.6565128509973874,1.422225049987901,,
representative,K^*(892) neutral,BR,ok,M018R3,node,0.0024643834441088358,0.00020983840215640744,68.41898010882522,0.00020983840215640752,0.00020983840215640752,0.0026742218462652433,0.0022545450419524282,-0.0008713081904829778,0.0008387746384528327,69.41810880063474,69.41981888346368,0.0,0.0,0.0,0.0,2.2892749029779777e-08,4.707220391254827e-09,35.9084500474221,30.352712145620256,SLSQP,SLSQP,0.016284914992866106,0.01527210499625653,7,SLSQP:5|projected-start:2,0,3,2,0,23,True,True,1.6565128509973874,0.6396020880056312,,
representative,K0mu3 lin form fact,SPECIAL,ok,S013L0,parameter,0.0142251342872065,0.0008497068091454892,13.206270277113894,0.0008497068091454906,0.0008497068091454889,0.015074841096351991,0.013375427478061011,3.020339534032246e-11,3.0819791163594346e-11,14.206270277144098,14.206270277144714,0.0,0.0,0.0,0.0,6.382683226374047e-12,8.640199666842818e-12,2353.7530575658448,2353.753057566574,SLSQP,SLSQP,0.015684961006627418,0.01598407598794438,7,SLSQP:4|projected-start:3,0,2,0,0,6,True,True,0.7576776369969593,0.9391402440087404,,
representative,K(1)(1270),SPECIAL,ok,M028.2,parameter,0.3782524902683368,0.06251797859734845,4.926249862010507,0.0627621894512444,0.06202955688955669,0.4410146797195812,0.3162229333787801,0.0024395593117576553,-0.00249809832094261,5.9286894213222645,5.923751763689564,0.0,0.0,0.0,0.0,2.1316282072803006e-14,7.815970093361102e-14,31.900613449122446,32.46549186962023,SLSQP,SLSQP,0.021179626011871733,0.014243172990973108,22,SLSQP:19|projected-start:3,0,2,3,0,3,True,True,0.9245868229918415,1.2017891519935802,,
representative,K(1)(1270),SPECIAL,ok,M028R00,node,0.5598911960983564,0.14452181716812912,4.926249862010507,0.1563771224827022,0.13492466524680807,0.7162683185810585,0.4249665308515483,0.0012871960906890578,-0.002417267309271054,5.927537058101196,5.923832594701236,1.1102230246251565e-16,4.773959005888173e-15,7.682044457921403e-16,3.303279116906203e-14,2.8599733817063054e-09,1.9420219680922847e-12,43.24645588615921,41.662441302599895,SLSQP,SLSQP,0.01345558199682273,0.012957742001162842,23,SLSQP:20|projected-start:3,0,2,3,0,3,True,True,0.9245868229918415,0.7182731079956284,,
representative,pi_2(1670),BR,ok,M034.8,parameter,0.5626674399305489,0.03206079827270364,1.898665542092617,0.03231127325920924,0.03181032328619815,0.5949787131897581,0.5308571166443508,0.0026036130711193373,-0.004968943996387587,2.9012691551637366,2.8936965980962297,7.346345753944661e-13,3.3306690738754696e-16,2.291379550645591e-11,1.038860307078249e-14,1.7826482136590447e-07,6.894476247094031e-08,18.484287866143212,19.45365976322189,SLSQP,SLSQP,0.01990186500188429,0.021465251003974117,21,SLSQP:19|projected-start:2,0,4,5,0,6,True,True,1.7720943530002842,2.0454112439911114,,
representative,pi_2(1670),BR,ok,M034R11,node,0.10294855024531194,0.03926333576562616,1.898665542092617,0.039263335765626156,0.039263335765626156,0.1422118860109381,0.06368521447968578,0.00022350713206087391,-0.000318737417413395,2.898889049224678,2.898346804675204,1.231514890065455e-13,7.355227538141662e-16,3.136551864611585e-12,1.8733068382286907e-14,1.2298553077586136e-06,9.292458595400761e-08,7.786099474338256,3.783261273396411,SLSQP,SLSQP,0.025046531998668797,0.02759314801369328,7,SLSQP:5|projected-start:2,0,4,5,0,6,True,True,1.7720943530002842,0.9300407400005497,,
representative,Upsilon-1S,SPECIAL,ok,M049.6,parameter,0.0001899008590837273,3.492776300208053e-05,3.767699916631436,3.4927763002080516e-05,3.492776300208054e-05,0.0002248286220858078,0.00015497309608164674,-0.004280751498349389,0.003726819664897185,4.763419165133087,4.771426736296333,0.0,0.0,0.0,0.0,0.005966939932477544,0.00024118520468618964,56886.10486661185,57572.312392105465,SLSQP,SLSQP,0.02441077900584787,0.04213508800603449,7,SLSQP:3|SLSQP+descent-check:1|projected-start:2|projected-start+descent-check:1,0,2,3,0,5,True,True,0.9689849220012547,1.2108241819951218,,
representative,Upsilon-1S,SPECIAL,ok,M049P13,node,0.0001899008590837273,3.492776300208053e-05,3.767699916631436,3.4927763002080516e-05,3.492776300208054e-05,0.0002248286220858078,0.00015497309608164674,-0.004280751498349389,0.003726819664897185,4.763419165133087,4.771426736296333,0.0,0.0,0.0,0.0,0.005966939932477544,0.00024118520468618964,56886.10486661185,57572.312392105465,SLSQP,SLSQP,0.02027295199513901,0.03151285600324627,7,SLSQP:3|SLSQP+descent-check:1|projected-start:2|projected-start+descent-check:1,0,2,3,0,5,True,True,0.9689849220012547,0.5452999440021813,,
representative,Upsilon(2S),BRU,ok,M052.4,parameter,0.17852073259955137,0.0026295456956097907,11.781224566989838,0.002629545695609803,0.002629545695609803,0.18115027829516117,0.17589118690394157,-0.0005118653679581087,0.0005491681826157446,12.78071270162188,12.781773735172454,5.551115123125783e-17,2.7755575615628914e-17,2.111054823041773e-14,1.0555274115208864e-14,0.0011102734613834648,0.0013327253027560653,702490.2808755989,667545.4768178588,SLSQP,SLSQP,0.02477346800151281,0.027052502002334222,7,SLSQP:4|projected-start:3,0,3,3,1,14,True,True,1.618626947994926,1.3938180940021994,,
representative,Upsilon(2S),BRU,ok,M052.6,parameter,0.00029331617675005975,2.2276013347679998e-05,11.781224566989838,2.2276013347680005e-05,2.2101981993401265e-05,0.00031559219009773975,0.0002712141947566585,-0.0010947888858883204,0.0017921868618397951,12.78012977810395,12.783016753851678,2.1575623232461538e-17,5.2583805365546965e-17,9.685585520044859e-13,2.3605572749858073e-12,0.02927631801014172,0.5869318407246571,280.45976341000386,207.50365402814361,SLSQP+descent-check,SLSQP+descent-check,0.16391591799037997,0.05952786099805962,14,SLSQP+descent-check:10|projected-start+descent-check:3|trust-constr-exact-hess+KKT:1,1,3,3,1,14,True,True,1.618626947994926,2.4828733690083027,,
representative,Upsilon(2S),BRU,ok,M052R22,node,0.0016430370438150267,0.00012531789868558751,11.781224566989838,0.00012531789868558754,0.00012433885260210642,0.0017683549425006142,0.0015186981912129202,-0.001826510380006141,0.002274487027873917,12.779398056609832,12.783499054017712,7.32920668600201e-17,2.181197930606338e-15,5.848491526649675e-13,1.7405318422061857e-11,0.000733970244882403,0.0005898805531968057,141764.70029740088,122586.75754699575,SLSQP,SLSQP,0.03174320900870953,0.028601256999536417,14,SLSQP:11|projected-start:2|projected-start+descent-check:1,0,3,3,1,14,True,True,1.618626947994926,1.0822028209950076,,
representative,Upsilon(2S),BRU,ok,M052R4,node,0.17852073259955137,0.0026295456956097907,11.781224566989838,0.002629545695609803,0.002629545695609803,0.18115027829516117,0.17589118690394157,-0.0005118653679581087,0.0005491681826157446,12.78071270162188,12.781773735172454,5.551115123125783e-17,2.7755575615628914e-17,2.111054823041773e-14,1.0555274115208864e-14,0.0011102734613834648,0.0013327253027560653,702490.2808755989,667545.4768178588,SLSQP,SLSQP,0.023581086003105156,0.0232418300001882,7,SLSQP:4|projected-start:3,0,3,3,1,14,True,True,1.618626947994926,0.6930573150020791,,
representative,Upsilon(2S),BRU,ok,M052R6,node,0.00029331617675005975,2.2276013347679998e-05,11.781224566989838,2.2276013347680005e-05,2.2101981993401265e-05,0.00031559219009773975,0.0002712141947566585,-0.0010947888858883204,0.0017921868618397951,12.78012977810395,12.783016753851678,2.1575623232461538e-17,5.2583805365546965e-17,9.685585520044859e-13,2.3605572749858073e-12,0.02927631801014172,0.5869318407246571,280.45976341000386,207.50365402814361,SLSQP+descent-check,SLSQP+descent-check,0.16479357999924105,0.06590050799422897,14,SLSQP+descent-check:10|projected-start+descent-check:3|trust-constr-exact-hess+KKT:1,1,3,3,1,14,True,True,1.618626947994926,2.333175552004832,,
representative,Upsilon(2S),BRU,ok,nuisance_M048.8,parameter,0.10209900668799389,0.005022898579864835,11.781224566989838,0.005022898579864835,0.005022898579864835,0.10712190526785872,0.09707610810812906,-0.003450196954705831,0.003344244671728447,12.777774370035132,12.784568811661567,0.0,0.0,0.0,0.0,2.314506505628638e-08,7.136701463191694e-08,396.103093745988,400.1576404692484,trust-constr-exact-hess+KKT,trust-constr-exact-hess+KKT,0.6866001190064708,0.11919532400497701,7,SLSQP+descent-check:1|projected-start:2|projected-start+descent-check:1|trust-constr-exact-hess+KKT:3,3,3,3,1,14,True,True,1.618626947994926,1.6764252220018534,,
representative,K_3^*(1780),BR,ok,M060.6,parameter,0.29661633233747003,0.1369958694335377,0.01704546622691345,0.13217960839876486,0.14234727058328525,0.4287959407362349,0.15426906175418478,0.002870086467968491,-0.0033815371866243726,1.019915552694882,1.0136639290402891,1.4432899320127035e-14,1.7735812818386876e-14,1.0535280647369463e-13,1.2946239103209782e-13,2.304357573177054e-06,2.2148220928447607e-05,4.458271498804548,2.050713011688858,SLSQP,SLSQP,0.022813018993474543,0.021872241006349213,22,SLSQP:19|projected-start:2|projected-start+descent-check:1,0,4,4,0,4,True,True,1.6802810760127613,2.9670415930013405,,
representative,K_3^*(1780),BR,ok,M060R4,node,0.18772758502905385,0.009847609446542872,0.01704546622691345,0.009847609446542865,0.009847609446542865,0.1975751944755967,0.17787997558251098,0.00012235428527263004,-4.507028687372738e-06,1.0171678205121861,1.0170409591982261,3.572142581731441e-14,2.7755575615628914e-16,3.6274210519036036e-12,2.818508975838076e-14,5.570370723446639e-07,7.01509377150173e-07,37.320507454940724,34.49306070656301,SLSQP,SLSQP,0.026345011006924324,0.029395354009466246,7,SLSQP:5|projected-start:2,0,4,4,0,4,True,True,1.6802810760127613,0.735801483009709,,
representative,D^*(2010)+,BR,ok,M062.2,parameter,0.01623013079308885,0.004337511209011424,0.3257097366347475,0.004337511209011425,0.004337511209011425,0.020567642002100275,0.011892619584077425,0.00011560859521098088,0.0001072427613253435,1.3258253452299584,1.3258169793960728,7.241776622812779e-14,4.675079767757495e-15,1.6695695466486817e-11,1.0778254032046657e-12,1.292642780425064e-05,3.109403278934689e-06,11.644915522599439,6.790180836286806,SLSQP,SLSQP,0.021768170001450926,0.021592031000182033,7,SLSQP:4|projected-start:3,0,3,3,0,6,True,True,1.3511154459993122,1.4606046180124395,,
representative,D^*(2010)+,BR,ok,M062R1,node,0.6768834272502714,0.004953428232649349,0.3257097366347475,0.004953428232649326,0.004953428232649326,0.6818368554829207,0.6719299990176221,1.9097953247948496e-05,1.9984939614969832e-05,1.3257288345879954,1.3257297215743624,6.8833827526759706e-15,0.0,1.389619962050885e-12,0.0,8.535924041044767e-10,4.519380118720342e-10,121.1771633798643,122.54751826536476,SLSQP,SLSQP,0.021203316005994566,0.023412619993905537,7,SLSQP:4|projected-start:3,0,3,3,0,6,True,True,1.3511154459993122,0.6001822609978262,,
representative,K^*(1680),BR,ok,M095.1,parameter,0.3870690642468449,0.025786816812084702,2.9439591172282724,0.025786816812084667,0.025786816812084667,0.41285588105892956,0.36128224743476023,-0.0015795935586355725,0.0024102744739731286,3.942379523669637,3.9463693917022455,1.0325074129013956e-14,5.551115123125783e-17,4.004012672155497e-13,2.152694985029837e-15,5.576945156876167e-09,1.849855822060202e-10,22.95850380383399,22.031757540018827,SLSQP,SLSQP,0.019790846010437235,0.019976215000497177,7,SLSQP:5|projected-start:2,0,3,4,0,4,True,True,1.5938287820026744,1.6557251290068962,,
representative,K^*(1680),BR,ok,M095R1,node,1.0785378206653748,0.34011476078026287,2.9439591172282724,0.353400493623242,0.20725743235047256,1.4319383142886168,0.8712803883149023,-0.0005782210300298019,-0.0009171918355166397,3.9433808961982426,3.9430419253927558,0.0,3.3306690738754696e-16,0.0,9.792780137605691e-16,8.069484286698021e-05,1.466709231085414e-08,14.568928036252935,19.187847123355063,SLSQP,SLSQP,0.014359653010615148,0.01504838299297262,20,SLSQP:18|projected-start:2,0,3,4,0,4,True,True,1.5938287820026744,1.0923572669998975,,
representative,f_0(1510),BR,ok,M152.1,parameter,0.0595261433357362,0.008267733722830647,5.646165088204201,0.008493804566814304,0.008009367043992195,0.0680199479025505,0.051516776291744004,-0.001300560568594733,-0.002931708611350281,6.644864527635606,6.643233379592851,4.996003610813204e-16,1.3877787807814457e-17,6.042772757687107e-14,1.6785479882464188e-15,8.951789947312292e-07,5.54508350021516e-09,17.189594411121472,15.00516578182186,SLSQP,SLSQP,0.028052670997567475,0.03230646900192369,20,SLSQP:18|projected-start:2,0,5,6,0,10,True,True,1.8895682480069809,2.1978836729977047,,
representative,f_0(1510),BR,ok,M152R12,node,0.06384158083440801,0.01623466658514463,5.646165088204201,0.016741999915930394,0.015727333254358863,0.0805835807503384,0.048114247580049146,0.002567462876926996,-0.0013310936016548425,6.648732551081128,6.644833994602546,2.7755575615628914e-17,1.3877787807814457e-17,1.709648637997061e-15,8.548243189985305e-16,1.8078980585275585e-05,2.0532593908569497e-07,13.252171122719838,8.937295225910175,SLSQP,SLSQP,0.0290751170105068,0.029108649003319442,17,SLSQP:15|projected-start:2,0,5,6,0,10,True,True,1.8895682480069809,1.4176085770013742,,
representative,K_S,BR,ok,S012.11,parameter,0.0007142186918158561,5.5868938273325184e-06,0.5875971343822526,5.586893827332594e-06,5.586893827332594e-06,0.0007198055856431887,0.0007086317979885235,-0.00025647796606342865,1.2247767382067565e-05,1.5873406564161892,1.5876093821496347,2.8189256484623115e-18,2.8189256484623115e-18,5.045604472867201e-13,5.045604472867201e-13,0.00012159059404292804,0.00011662395096188047,322.9331068779045,318.02585912692956,SLSQP,SLSQP,0.022477009988506325,0.02293313700647559,7,SLSQP:4|projected-start:2|projected-start+descent-check:1,0,4,6,0,5,True,True,1.6602409969927976,1.577300741992076,,
representative,K_S,BR,ok,S012R1,node,0.6919512799672412,0.000508866200358463,0.5875971343822526,0.0005088662003585043,0.0005088662003585043,0.6924601461675997,0.6914424137668826,0.0033595685940466247,-0.003341926994562705,1.5909567029762992,1.5842552073876899,1.1102230246251565e-16,1.1102230246251565e-16,2.1817582379082693e-13,2.1817582379082693e-13,5.139799668228582e-07,1.395408602832909e-06,1187.3523786327203,1177.7345366815296,SLSQP,SLSQP,0.021377601005951874,0.02715205799904652,7,SLSQP:4|projected-start:2|projected-start+descent-check:1,0,4,6,0,5,True,True,1.6602409969927976,0.7603185089974431,,
representative,K0/K+- masses,MASS,ok,S010M,parameter,493.6765994580405,0.005477530497657414,29.6821180349111,0.005477530497671523,0.005477530497671523,493.6820769885382,493.67112192754286,3.742783860616328e-11,9.088196861739561e-11,30.682118034948527,30.68211803500198,0.0,0.0,0.0,0.0,4.5051038455312664e-09,4.505103845889879e-09,365.12804464562447,365.1280446553837,projected-start,projected-start,0.0054048820020398125,0.0054157020058482885,7,projected-start:7,0,2,1,0,11,True,True,0.9033801579935243,0.8846603380079614,,
representative,K0/K+- masses,MASS,ok,S011DM,node,3.934168073217279,0.012388665992751133,29.6821180349111,0.012388665992751235,0.012388665992751235,3.9465567392100303,3.921779407224528,1.922728642966831e-11,-9.420730862075288e-11,30.682118034930326,30.68211803481689,3.4638958368304884e-14,3.4638958368304884e-14,2.7960200386847836e-12,2.7960200386847836e-12,2.3447384041921737e-10,7.641150130209729e-10,228.30764235483034,228.3076423415583,SLSQP,SLSQP,0.01905761098896619,0.020278486001188867,7,SLSQP:4|projected-start:3,0,2,1,0,11,True,True,0.9033801579935243,0.4196642539900495,,
representative,K0l3 form factors,SPECIAL,ok,S013LPM,node,0.023983536559017728,0.0010099077145678164,31.99605034230223,0.0010099077145678155,0.0010099077145678155,0.024993444273585543,0.022973628844449912,2.641903051880945e-08,2.6433170319251076e-08,32.99605036872126,32.996050368735396,0.0,0.0,0.0,0.0,1.4730234703843524e-11,4.382653398497781e-11,1980.3790227516238,1980.3790227656264,SLSQP,SLSQP,0.026805668996530585,0.030195416999049485,7,SLSQP:4|projected-start:3,0,3,2,0,11,True,True,1.015308953996282,1.147983037008089,,
representative,K0l3 form factors,SPECIAL,ok,S013LZ,parameter,0.01163187563832051,0.0007543687987894037,31.99605034230223,0.0007543687987894027,0.0007543687987894027,0.012386244437109912,0.010877506839531106,3.701089212881925e-09,3.686615457354492e-09,32.996050346003315,32.99605034598884,0.0,0.0,0.0,0.0,1.0265612988967378e-10,4.1561519632514164e-11,2651.2231293294526,2651.223129310284,SLSQP,SLSQP,0.024525044005713426,0.02471627900376916,7,SLSQP:4|projected-start:3,0,3,2,0,11,True,True,1.015308953996282,0.35814717499306425,,
representative,K0l3 pole mass,SPECIAL,ok,S013MVE,parameter,877.6489945265571,4.936910219297322,17.615852437991492,4.9369102192972605,4.9369102192972605,882.5859047458544,872.7120843072598,1.2994760822948592e-10,1.3153567124390975e-10,18.61585243812144,18.615852438123028,0.0,0.0,0.0,0.0,8.326672684688674e-17,5.855045090355223e-16,0.4051116814810914,0.4051116814814141,SLSQP,SLSQP,0.018093318009050563,0.018101068009855226,7,SLSQP:4|projected-start:3,0,2,1,0,6,True,True,0.8015171820006799,0.9611719149979763,,
representative,K0l3 pole mass,SPECIAL,ok,S013MVM,node,877.6489945265571,4.936910219297322,17.615852437991492,4.9369102192972605,4.9369102192972605,882.5859047458544,872.7120843072598,1.2994760822948592e-10,1.3153567124390975e-10,18.61585243812144,18.615852438123028,0.0,0.0,0.0,0.0,8.326672684688674e-17,5.855045090355223e-16,0.4051116814810914,0.4051116814814141,SLSQP,SLSQP,0.01933515799464658,0.026373323998996057,7,SLSQP:4|projected-start:3,0,2,1,0,6,True,True,0.8015171820006799,0.4102383830031613,,
representative,K0e3 form factors,SPECIAL,ok,S013LQE,parameter,0.0016275063496911939,0.00046339324101365634,4.688273922532985,0.0004633932410136564,0.0004633932410136564,0.0020908995907048503,0.0011641131086775375,-1.0568035335722925e-09,-1.0549312534635646e-09,5.688273921476181,5.6882739214780536,0.0,0.0,0.0,0.0,3.456079866737127e-11,9.890754881780595e-12,4315.988712982606,4315.988712986551,SLSQP,SLSQP,0.01777443000173662,0.023758548006298952,7,SLSQP:4|projected-start:3,0,2,0,0,6,True,True,0.7769778899964876,0.9435630630032392,,
representative,Sigma+ decay param.,SPECIAL,ok,S019A+,parameter,0.04891593632080535,0.0025791464190908797,5.171350323532188,0.0025791464190908775,0.0025791464190908775,0.051495082739896225,0.04633678990171447,-0.0012954071841120296,0.00130449741282046,6.170054916348076,6.1726548209450085,0.0,0.0,0.0,0.0,0.0003525603554592749,2.841601753900136e-05,773.939631861908,776.9707689206044,SLSQP,SLSQP,0.01878888701321557,0.01860673099872656,7,SLSQP:4|projected-start:3,0,2,1,0,10,True,True,1.098303066988592,1.1202223959990079,,
representative,Sigma+ decay param.,SPECIAL,ok,S019A+0,node,-0.04981082129453024,0.0026298870708705217,5.171350323532188,0.002629887070870522,0.002629887070870522,-0.047180934223659717,-0.05244070836540076,0.0020412495867603297,-0.0022114463167959286,6.173391573118948,6.169138877215392,0.0,6.938893903907228e-18,0.0,2.6384759941841827e-15,0.00024179398240601013,6.52156131424382e-05,776.3044649041453,774.363262322212,SLSQP,SLSQP,0.017366532003507018,0.018297475995495915,7,SLSQP:4|projected-start:3,0,2,1,0,10,True,True,1.098303066988592,0.6139521129953209,,
representative,"K_L eta+-,00 phase",SPECIAL,ok,S012T,node,8.956361396567823e-11,3.2529229447800946e-14,16.462596012567708,3.252922944779622e-14,3.252922944779622e-14,8.959614319512602e-11,8.953108473623043e-11,2.8508987927722274e-05,-2.9641620180598238e-05,17.462624521555636,17.462566370947528,0.0,0.0,0.0,0.0,1.3812851185245241e-06,1.380937487439808e-06,5508.893942140202,5500.736659006719,SLSQP,SLSQP,0.029778797004837543,0.02875021098589059,7,SLSQP:4|projected-start:2|projected-start+descent-check:1,0,4,4,0,18,True,True,1.5186166589992354,1.5952501700085122,,
representative,"K_L eta+-,00 phase",SPECIAL,ok,S013F+-,parameter,43.39571965184173,0.3891764039734561,16.462596012567708,0.3891764039734511,0.3891764039734511,43.78489605581518,43.00654324786828,-5.059423809683494e-05,4.974733793261521e-05,17.46254541832961,17.46264575990564,0.0,0.0,0.0,0.0,0.0030329498747415844,0.003037174562749665,5.138926496551504,5.13918432955992,SLSQP+descent-check,SLSQP+descent-check,0.06340367799566593,0.062352635999559425,7,SLSQP:1|SLSQP+descent-check:3|projected-start+descent-check:3,0,4,4,0,18,True,True,1.5186166589992354,0.8851664490066469,,
representative,"K_L eta+-,00 ph CPT",SPECIAL,ok,S012T,node,8.954288004080427e-11,3.169181042395016e-14,19.98727644323181,3.16918104239488e-14,3.16918104239488e-14,8.957457185122822e-11,8.951118823038032e-11,-0.0020254387152789377,-0.0024785092353418747,20.98525100451653,20.984797933996468,0.0,1.2924697071141057e-26,0.0,4.078245104411452e-13,1.4275621579545747e-06,5.471688858231452e-07,5639.292261736574,5630.03585411544,SLSQP,SLSQP,0.041836307995254174,0.042062939013703726,7,SLSQP:5|projected-start:2,0,4,4,0,20,True,True,1.5537459129991475,1.6488115769898286,,
representative,"K_L eta+-,00 ph CPT",SPECIAL,ok,S013D,parameter,5292820914.957127,7298072.429411254,19.98727644323181,7298072.429410934,7298072.429410934,5300118987.386538,5285522842.527716,-0.00019597297442430772,-0.0005057530880847594,20.987080470257386,20.986770690143725,0.0,9.5367431640625e-07,0.0,1.3067482210274313e-13,3.6348469772419786e-06,1.0613230149073466e-05,1452.0422480861007,1451.8172655727772,trust-constr-exact-hess+KKT,trust-constr-exact-hess+KKT,0.958465433010133,0.18448061199160293,7,SLSQP:1|SLSQP+descent-check:1|projected-start:2|trust-constr-exact-hess+KKT:3,3,4,4,0,20,True,True,1.5537459129991475,2.328994750001584,,
representative,Sigma+,BR,ok,S019.5,parameter,0.0010438002755709993,2.4587015976364614e-05,21.953042471934452,2.4587015976364722e-05,2.4587015976364722e-05,0.001068387291547364,0.0010192132595946346,-9.009717897967562e-05,9.649958562363281e-05,22.952952374755473,22.953138971520076,6.288372600415926e-18,0.0,2.557598940213367e-13,0.0,7.189675897321772e-07,1.7324598348744235e-09,106.32675431363222,101.46576302534316,SLSQP,SLSQP,0.02592946200456936,0.019198299007257447,7,SLSQP:4|projected-start:3,0,3,3,0,15,True,True,1.8654997510020621,1.6036230680037988,,
representative,Sigma+,BR,ok,S019R00,node,0.0010438002755709993,2.4587015976364614e-05,21.953042471934452,2.4587015976364722e-05,2.4587015976364722e-05,0.001068387291547364,0.0010192132595946346,-9.009717897967562e-05,9.649958562363281e-05,22.952952374755473,22.953138971520076,6.288372600415926e-18,0.0,2.557598940213367e-13,0.0,7.189675897321772e-07,1.7324598348744235e-09,106.32675431363222,101.46576302534316,SLSQP,SLSQP,0.0216831319994526,0.019879161001881585,7,SLSQP:4|projected-start:3,0,3,3,0,15,True,True,1.8654997510020621,0.7758025770017412,,
representative,Sigma-,BR,ok,S020.1,parameter,0.9984815422823519,5.654053310664978e-05,8.675548458799762,5.455277998966945e-05,5.609881019186247e-05,0.9985360950623415,0.99842544347216,0.0028503505546275676,-0.0031283704993807504,9.67839880935439,9.672420088300381,1.1102230246251565e-16,1.1102230246251565e-16,1.9635878256241313e-12,1.9635878256241313e-12,1.0560822142915687e-05,3.753053404791801e-11,66.0755422941795,69.53952835966616,SLSQP,SLSQP,0.024723470996832475,0.023708851003902964,22,SLSQP:19|projected-start:3,0,4,3,0,16,True,True,1.8550052640057402,2.1118648319970816,,
representative,Sigma-,BR,ok,S020R1,node,0.00044687979675651744,4.2511887271480876e-05,8.675548458799762,4.251188727148091e-05,4.251188727148091e-05,0.0004893916840279984,0.00040436790948503653,-2.726324410673442e-08,1.116376324716839e-08,9.675548431536518,9.675548469963525,2.168404344971009e-19,2.168404344971009e-19,5.1007012018158135e-15,5.1007012018158135e-15,1.2310986966744899e-06,4.428933493829789e-06,32.56050941441953,26.903652630647798,SLSQP,SLSQP,0.03402359801111743,0.037021349009592086,7,SLSQP:4|projected-start:3,0,4,3,0,16,True,True,1.8550052640057402,1.000032891999581,,
representative,Xi0,BR,ok,S023.1,parameter,0.9952445620926724,0.00012033722758188412,7.4915062108282795,0.00012033722758186816,0.00012033722758186816,0.9953648993202543,0.9951242248650906,-0.0003107353739046914,0.0003092027175739531,8.491195475454376,8.491815413545854,0.0,0.0,0.0,0.0,4.3846819302502045e-11,8.263164725580964e-07,95.56879553780132,100.57075108883318,SLSQP,SLSQP,0.03771776299981866,0.02811489401210565,7,SLSQP:4|projected-start:2|projected-start+descent-check:1,0,5,5,0,11,True,True,1.8555560709937708,1.7990983049967326,,
representative,Xi0,BR,ok,S023R10,node,0.00025207235904967866,8.127146461943514e-06,7.4915062108282795,8.12714646194351e-06,8.12714646194351e-06,0.00026019950551162217,0.00024394521258773515,-2.5046625792057853e-05,3.208486348604822e-05,8.491481164202488,8.491538295691766,8.223673478302551e-17,2.2768245622195593e-17,1.0118771104730348e-11,2.801505513504777e-12,4.013710891888249e-05,5.0725960201371254e-05,90.32666948975891,84.68956449438626,SLSQP,SLSQP,0.03379710699664429,0.02659560099709779,7,SLSQP:4|projected-start:2|projected-start+descent-check:1,0,5,5,0,11,True,True,1.8555560709937708,0.8992597690084949,,
representative,Xi masses,MASS,ok,S022M,parameter,1321.7108381820517,0.06645795814676839,0.7886428477448615,0.06645795814665689,0.06645795814665689,1321.7772961401984,1321.644380223905,-4.122877084178356e-08,4.1151000607086985e-08,1.7886428065160906,1.788642888895862,0.0,0.0,0.0,0.0,1.5760726057578722e-12,3.6206610709286932e-12,30.094213161331442,30.094214400908516,SLSQP,SLSQP,0.012087832001270726,0.011838378006359562,7,SLSQP:4|projected-start:3,0,2,2,0,6,True,True,0.8243537990056211,0.9349371849966701,,
representative,Xi masses,MASS,ok,S022M1,node,1321.7108381820517,0.06645795814676839,0.7886428477448615,0.06645795814665689,0.06645795814665689,1321.7772961401984,1321.644380223905,-4.122877084178356e-08,4.1151000607086985e-08,1.7886428065160906,1.788642888895862,0.0,0.0,0.0,0.0,1.5760726057578722e-12,3.6206610709286932e-12,30.094213161331442,30.094214400908516,SLSQP,SLSQP,0.011411362007493153,0.011061694996897131,7,SLSQP:4|projected-start:3,0,2,2,0,6,True,True,0.8243537990056211,0.3663895679928828,,
representative,Omega mean lives,SPECIALT,ok,S024T,parameter,8.207651819252343e-11,1.033178096267116e-12,0.13142063483257355,1.0331780962671192e-12,1.0331780962671192e-12,8.310969628879055e-11,8.104334009625631e-11,5.85171910927329e-11,-5.830003146911622e-11,1.1314206348910907,1.1314206347742735,0.0,0.0,0.0,0.0,0.0,0.0,1935774681330.0068,1935774681216.941,projected-start,projected-start,0.005646238001645543,0.005584739992627874,7,projected-start:7,0,1,1,0,4,True,True,0.6935168030031491,0.6371569339971757,,
representative,Omega mean lives,SPECIALT,ok,S024TA,node,8.207651819252343e-11,1.033178096267116e-12,0.13142063483257355,1.0331780962671192e-12,1.0331780962671192e-12,8.310969628879055e-11,8.104334009625631e-11,5.85171910927329e-11,-5.830003146911622e-11,1.1314206348910907,1.1314206347742735,0.0,0.0,0.0,0.0,0.0,0.0,1935774681330.0068,1935774681216.941,projected-start,projected-start,0.0054711510019842535,0.005592996996711008,7,projected-start:7,0,1,1,0,4,True,True,0.6935168030031491,0.2789534290059237,,
representative,omega(782),BR,ok,M001.1,parameter,0.892048645817102,0.006455134654544064,48.89957688644143,0.006505565394032686,0.0064299192847997455,0.8985542112111347,0.8856187265323022,0.004048687450023181,0.0023025141347901013,49.90362557389145,49.90187940057622,9.969802761133906e-14,1.2212453270876722e-15,1.5444763424285358e-11,1.8918975241329503e-13,1.922726083132671e-05,1.1881278380175859e-07,36.63762734703667,39.52984452814862,SLSQP,SLSQP,0.06406392600911204,0.07916864300204907,22,SLSQP:20|projected-start:2,0,10,16,0,49,True,True,2.508929255011026,3.6131638390070293,,
representative,omega(782),BR,ok,M001G2,node,6.61475701878748e-05,8.295760833664363e-07,48.89957688644143,8.295760833664369e-07,8.295760833664369e-07,6.697714627124123e-05,6.531799410450836e-05,-0.0033309448310632206,0.0034863987685795905,49.89624594161037,49.90306328521001,1.663334924215721e-17,9.565634821238373e-19,2.005042042034137e-11,1.15307504797159e-12,6.092253046422897e-06,2.5331409817809413e-06,205.81301828986142,203.0786519912892,SLSQP,SLSQP,0.05452563399740029,0.0681549880100647,7,SLSQP:5|projected-start:2,0,10,16,0,49,True,True,2.508929255011026,1.7126262200035853,,
representative,D+-,BRU,ok,S031.44,parameter,0.05399420190457996,0.0009754242967116994,64.95158123703864,0.0009754242967116994,0.0009754242967116994,0.05496962620129166,0.05301877760786826,-5.201977506885669e-05,4.472872140581785e-05,65.95152921726357,65.95162596576004,2.7755575615628914e-17,2.7755575615628914e-17,2.84548741600933e-14,2.84548741600933e-14,0.0008853360457160173,0.0005305301057549335,192701.63750215297,179412.51175127216,SLSQP,SLSQP,0.1470265109965112,0.19448153300618287,7,SLSQP:5|projected-start:2,0,18,35,0,46,True,True,3.1469673840038013,2.865776247010217,,
representative,D+-,BRU,ok,S031B02,node,0.42831162722348887,0.004905858583918997,64.95158123703864,0.004905858583919009,0.004905858583919009,0.4332174858074079,0.42340576863956986,-0.0014246169118763419,0.0013969521826737719,65.95015662012676,65.95297818922131,1.6653345369377348e-16,5.551115123125783e-17,3.394583248682636e-14,1.1315277495608788e-14,8.313455382517467e-08,2.0477072018171164e-07,550377.931502016,540863.0049892883,trust-constr-exact-hess+KKT,trust-constr-exact-hess+KKT,1.3132883179932833,0.8031549559964333,7,SLSQP:1|SLSQP+descent-check:1|projected-start:2|trust-constr-exact-hess+KKT:3,3,18,35,0,46,True,True,3.1469673840038013,9.578055869991658,,
representative,a_2(1320),BR,ok,M012.1,parameter,0.7005901846193545,0.021865751769407662,9.326849140361317,0.022549056512201626,0.02118244702661365,0.7231392411315561,0.6794077375927409,-0.0009175300034041101,-0.0030144255564277245,10.325931610357912,10.323834714804889,3.3306690738754696e-16,1.1102230246251565e-16,1.5232355644572e-14,5.077451881524e-15,7.073693534533808e-08,3.865350614733645e-09,20.309827120783932,24.849353152886607,SLSQP,SLSQP,0.027724868996301666,0.028228041002876125,17,SLSQP:14|projected-start:3,0,4,5,0,18,True,True,1.9635385949950432,2.0823626659985166,,
representative,a_2(1320),BR,ok,M012R1,node,0.0695513721929025,0.011876532122204202,9.326849140361317,0.011969317529408913,0.011830139418601837,0.08152068972231141,0.05772123277430066,0.004978008263302414,0.0027892890792049485,10.331827148624619,10.329638429440521,2.7755575615628914e-17,2.7755575615628914e-17,2.337010107835895e-15,2.337010107835895e-15,1.383678371272938e-07,3.2304947874896806e-05,19.256940663541528,13.913539416235272,SLSQP,SLSQP,0.024689439989742823,0.022102921997429803,22,SLSQP:20|projected-start:2,0,4,5,0,18,True,True,1.9635385949950432,1.465109440003289,,
representative,D0-topological,BR,ok,S032.334,parameter,0.14599970927714426,0.0049999880787694176,1.426453686530685e-07,0.004999988078769418,0.004999988078769418,0.15099969735591368,0.14099972119837484,-0.00012119662876830528,0.00011138112080577578,0.9998789460166003,1.0001115237661744,3.1530333899354446e-14,1.5765166949677223e-14,6.306081815121967e-12,3.1530409075609835e-12,6.583996250692185e-09,8.587619165267416e-06,67.98419087202194,62.63673152257425,SLSQP,SLSQP,0.032800095010316,0.030080474010901526,7,SLSQP:5|projected-start:2,0,4,4,0,3,True,True,1.570875427001738,1.6303996549977455,,
representative,D0-topological,BR,ok,S032S34,node,0.14599970927714426,0.0049999880787694176,1.426453686530685e-07,0.004999988078769418,0.004999988078769418,0.15099969735591368,0.14099972119837484,-0.00012119662876830528,0.00011138112080577578,0.9998789460166003,1.0001115237661744,3.1530333899354446e-14,1.5765166949677223e-14,6.306081815121967e-12,3.1530409075609835e-12,6.583996250692185e-09,8.587619165267416e-06,67.98419087202194,62.63673152257425,SLSQP,SLSQP,0.030277006997494027,0.04012884800613392,7,SLSQP:5|projected-start:2,0,4,4,0,3,True,True,1.570875427001738,0.7760300160007318,,
representative,Nu-mix s(23)-normal,SPECIAL,ok,S067P23,parameter,0.5305309199517628,0.022454484484563324,4.674866981215404,0.020963366374260217,0.01596373506324411,0.551494286326023,0.5145671848885187,0.00041006708560331617,0.0006532833483525735,5.675277048301007,5.675520264563756,0.0,0.0,0.0,0.0,0.0,0.0,97.67110559610396,109.61661868379366,projected-start,projected-start,0.005288927000947297,0.005043458004365675,22,projected-start:22,0,1,0,0,6,True,True,0.691155170003185,0.7315909429889871,,
representative,Ds*+-,BR,ok,S074.1,parameter,0.9355319696024337,0.0037821145694163475,0.0020351069083442493,0.0037821145694163505,0.0037821145694163505,0.93931408417185,0.9317498550330173,-0.002324349529994274,0.0017698365340763633,0.9997107573783499,1.0038049434424205,8.881784197001252e-14,1.1102230246251565e-16,2.3483646605586252e-11,2.9354558256982814e-14,2.410884870499861e-07,8.607158572063183e-10,40.494378332551655,45.31865123141839,SLSQP,SLSQP,0.024124710995238274,0.020170332994894125,7,SLSQP:4|projected-start:3,0,3,2,0,4,True,True,1.549311664988636,1.547936581002432,,
representative,Ds*+-,BR,ok,S074R01,node,0.007199999872385079,0.0017176066443234373,0.0020351069083442493,0.001798119455776099,0.0016370938328707759,0.008998119328161178,0.005562906039514303,-0.00491621007651033,-0.0038627574547899224,0.9971188968318339,0.9981723494535543,3.469446951953614e-18,1.734723475976807e-18,2.019931026361524e-15,1.009965513180762e-15,1.709841077346533e-05,1.2602446071784205e-05,13.420620417417508,10.02539905356276,SLSQP,SLSQP,0.01921739299723413,0.018073297003866173,19,SLSQP:16|projected-start:3,0,3,2,0,4,True,True,1.549311664988636,1.0630636449932354,,
representative,D_s1,BR,ok,M173.3,parameter,0.043261345458141184,0.012496147287167504,3.3745414310162407,0.013570034944658457,0.011471072705017044,0.05683138040279964,0.03179027275312414,-0.00310057954627041,-0.003209572027059515,4.37144085146997,4.371331858989181,5.551115123125783e-17,7.223388553967425e-14,4.442261279063438e-15,5.780492489381298e-12,3.2700820743059324e-07,1.0396802710767159e-06,8.65538364994671,6.8144905110562135,SLSQP,SLSQP,0.027172271991730668,0.02864814999338705,22,SLSQP:20|projected-start:2,0,5,7,0,8,True,True,1.7925557609996758,2.3042545119969873,,
representative,D_s1,BR,ok,M173R1,node,0.4817826116444502,0.11162410422059797,3.3745414310162407,0.11511235747749166,0.10857188262081602,0.5968949691219418,0.37321072902363417,0.002438200122908185,5.994276514975638e-05,4.3769796311391485,4.37460137378139,2.5723867480564877e-13,6.106226635438361e-16,2.3045083013367696e-12,5.470347715732513e-15,4.519630026755272e-07,2.5448459459457745e-07,4.756899138776723,5.39556703418123,SLSQP,SLSQP,0.031874702995992266,0.032546609989367425,20,SLSQP:18|projected-start:2,0,5,7,0,8,True,True,1.7925557609996758,1.3980946440133266,,
representative,Lam-b-0,BRU,ok,S040.10,parameter,5.620626900476748e-06,1.154823936430577e-06,14.321408287472362,1.2811328044776718e-06,1.0555812543935744e-06,6.90175970495442e-06,4.565045646083174e-06,-0.0005905747504719727,0.0032626292046717964,15.32081771272189,15.324670916677034,4.212633659874537e-17,2.326206583044485e-17,3.647857934859997e-11,2.0143387313519946e-11,0.2927652656505868,0.02915921734665254,2.126612644233451,1.3519914238291832,SLSQP+descent-check,SLSQP+descent-check,0.16346189900650643,0.19521637800789904,20,SLSQP+descent-check:12|projected-start+descent-check:2|trust-constr-exact-hess+KKT:6,6,10,10,4,16,True,True,1.9622054929932347,43.537193449010374,,
representative,Lam-b-0,BRU,ok,S040.11,parameter,0.004302283037325328,0.0002767340210835911,14.321408287472362,0.00027781501335344926,0.00027241005200416037,0.0045800980506787775,0.004029872985321168,0.0016909566926077702,-0.0006877100013671367,15.32309924416497,15.320720577470995,3.469446951953614e-17,1.9081958235744878e-17,1.253711754835385e-13,6.895414651594618e-14,7.49150135469052e-06,1.3357669131959935e-05,4719.717875402954,3781.581902131208,trust-constr-exact-hess+KKT,trust-constr-exact-hess+KKT,0.21349272699444555,0.27164775400888175,21,SLSQP+descent-check:2|projected-start:2|trust-constr-exact-hess+KKT:17,17,10,10,4,16,True,True,1.9622054929932347,22.57414845499443,,
representative,Lam-b-0,BRU,ok,S040.15,parameter,0.0600849246718655,0.015255750599285736,14.321408287472362,0.014779008393058062,0.014063895083716534,0.07486393306492356,0.046021029588148965,0.002146489914334637,-0.004064938926310546,15.323554777386697,15.317343348546052,0.0,4.85722573273506e-17,0.0,3.183865455274598e-15,12.813668887872302,0.11545483636003723,25507.755852391405,10364.078345136726,SLSQP+descent-check,SLSQP+descent-check,0.16587471899401862,0.11380895800539292,18,SLSQP:2|SLSQP+descent-check:13|projected-start+descent-check:2|trust-constr-exact-hess+KKT:1,1,10,10,4,16,True,True,1.9622054929932347,3.930857235987787,,
representative,Lam-b-0,BRU,ok,S040.29,parameter,0.00031533157588346366,2.2121652321338334e-05,14.321408287472362,2.238089043447904e-05,2.1603176095056915e-05,0.0003377124663179427,0.00029372839978840674,0.0005677632143807898,-0.0049358643021690796,15.321976050686743,15.316472423170193,1.4690939437178585e-17,1.83772268236293e-17,6.640977456737192e-13,8.30734818388896e-13,0.00039688202012666356,0.5548346289312412,316.3254952464412,253.60721743171135,SLSQP,SLSQP+descent-check,7.77015966399631,0.1874711929995101,22,SLSQP:1|SLSQP+descent-check:11|projected-start:1|projected-start+descent-check:1|trust-constr-exact-hess+KKT:8,8,10,10,4,16,True,True,1.9622054929932347,86.14229906500259,,
representative,Lam-b-0,BRU,ok,S040.4,parameter,0.0068005547088304885,0.0009510951368053415,14.321408287472362,0.0009733864290742168,0.0009288038445364657,0.007773941137904705,0.005871750864294023,-0.0018097880289715818,0.003499455143183283,15.31959849944339,15.324907742615546,3.469446951953614e-18,3.469446951953614e-18,3.647844277289894e-15,3.647844277289894e-15,0.0015423493975183918,1.225420548026186,3807.4168446356175,2392.651638696782,SLSQP,SLSQP+descent-check,0.1117389400023967,0.1221514069911791,21,SLSQP:3|SLSQP+descent-check:16|projected-start:1|projected-start+descent-check:1,0,10,10,4,16,True,True,1.9622054929932347,3.244738478999352,,
representative,Lam-b-0,BRU,ok,S040.9,parameter,4.637502482018266e-06,9.253174578624001e-07,14.321408287472362,1.0265240548161006e-06,8.457979888273499e-07,5.6640265368343664e-06,3.791704493190916e-06,0.003073669577727145,-0.0030457545165614164,15.32448195705009,15.3183625329558,7.722399380117456e-18,2.1510401695522957e-17,8.345675653799045e-12,2.324651017091442e-11,0.982789913714543,0.0008478014412427307,2.032217912738613,1.1522235145887658,SLSQP+descent-check,SLSQP,0.15872235500137322,0.12035062701033894,20,SLSQP:1|SLSQP+descent-check:14|projected-start:1|projected-start+descent-check:1|trust-constr-exact-hess+KKT:3,3,10,10,4,16,True,True,1.9622054929932347,7.92624557200179,,
representative,Lam-b-0,BRU,ok,S040R04,node,13.965823296744208,3.5679816234771824,14.321408287472362,3.4564821977435223,3.3031704873597327,17.42230549448773,10.662652809384475,5.490810596775475e-05,-0.0009489099954453906,15.32146319557833,15.320459377476917,9.592326932761353e-14,9.059419880941277e-14,2.6884462828071223e-14,2.5390881559845044e-14,1.6008649119477436,1.121999417017137,25126.342928339465,10358.143426834442,SLSQP+descent-check,SLSQP+descent-check,0.12746500200591981,0.12805170999490656,20,SLSQP:1|SLSQP+descent-check:17|projected-start+descent-check:2,0,10,10,4,16,True,True,1.9622054929932347,3.169520793002448,,
representative,Lam-b-0,BRU,ok,S040R05,node,1.5806851036602887,0.19627458340101003,14.321408287472362,0.19627458340101,0.19627458340101,1.7769596870612987,1.3844105202592787,-0.0005852575723093167,0.0007183279978111301,15.320823029900053,15.322126615470173,1.4432899320127035e-14,1.3322676295501878e-15,7.353422470722597e-14,6.7877745883593194e-15,0.9099669060960694,7.480860278701554e-06,4988.881099200434,3257.7533671030524,SLSQP+descent-check,trust-constr-exact-hess+KKT,0.3457944609981496,0.1784258480038261,7,SLSQP+descent-check:2|projected-start:1|projected-start+descent-check:1|trust-constr-exact-hess+KKT:3,3,10,10,4,16,True,True,1.9622054929932347,3.432567444993765,,
representative,Lam-b-0,BRU,ok,S040R10,node,5.620626900476748e-06,1.154823936430577e-06,14.321408287472362,1.2811328044776718e-06,1.0555812543935744e-06,6.90175970495442e-06,4.565045646083174e-06,-0.0005905747504719727,0.0032626292046717964,15.32081771272189,15.324670916677034,4.212633659874537e-17,2.326206583044485e-17,3.647857934859997e-11,2.0143387313519946e-11,0.2927652656505868,0.02915921734665254,2.126612644233451,1.3519914238291832,SLSQP+descent-check,SLSQP+descent-check,0.15663992099871393,0.18084575900866184,20,SLSQP+descent-check:12|projected-start+descent-check:2|trust-constr-exact-hess+KKT:6,6,10,10,4,16,True,True,1.9622054929932347,41.74267050100025,,
representative,Lam-b-0,BRU,ok,S040R11,node,0.004302283037325328,0.0002767340210835911,14.321408287472362,0.00027781501335344926,0.00027241005200416037,0.0045800980506787775,0.004029872985321168,0.0016909566926077702,-0.0006877100013671367,15.32309924416497,15.320720577470995,3.469446951953614e-17,1.9081958235744878e-17,1.253711754835385e-13,6.895414651594618e-14,7.49150135469052e-06,1.3357669131959935e-05,4719.717875402954,3781.581902131208,trust-constr-exact-hess+KKT,trust-constr-exact-hess+KKT,0.23165650499868207,0.2790619519946631,21,SLSQP+descent-check:2|projected-start:2|trust-constr-exact-hess+KKT:17,17,10,10,4,16,True,True,1.9622054929932347,23.080439407000085,,
representative,Lam-b-0,BRU,ok,S040R15,node,0.0600849246718655,0.015255750599285736,14.321408287472362,0.014779008393058062,0.014063895083716534,0.07486393306492356,0.046021029588148965,0.002146489914334637,-0.004064938926310546,15.323554777386697,15.317343348546052,0.0,4.85722573273506e-17,0.0,3.183865455274598e-15,12.813668887872302,0.11545483636003723,25507.755852391405,10364.078345136726,SLSQP+descent-check,SLSQP+descent-check,0.1292254339932697,0.10816679299750831,18,SLSQP:2|SLSQP+descent-check:13|projected-start+descent-check:2|trust-constr-exact-hess+KKT:1,1,10,10,4,16,True,True,1.9622054929932347,4.015784086994245,,
representative,Lam-b-0,BRU,ok,S040R20,node,0.8250863407469561,0.08938039027296374,14.321408287472362,0.09007867457197138,0.08868210597395632,0.9151650153189275,0.7364042347729998,0.0005921597660236699,0.0013397776203074585,15.322000447238386,15.32274806509267,4.671707465320196e-12,5.99631455600047e-13,5.226770045479785e-11,6.708758529346305e-12,2.65062036223837,0.6719264432395201,5.242518059491388,3.982089547968696,SLSQP+descent-check,SLSQP+descent-check,0.13250836200313643,0.13272644100652542,21,SLSQP:2|SLSQP+descent-check:17|projected-start+descent-check:2,0,10,10,4,16,True,True,1.9622054929932347,3.6537918020039797,,
representative,Lam-b-0,BRU,ok,S040R23,node,0.07329400998208177,0.002240681136207082,14.321408287472362,0.0022406811362070816,0.0022406811362070816,0.07553469111828885,0.07105332884587469,-0.0024509849986831256,0.002562112182358689,15.31895730247368,15.323970399654721,6.2727600891321345e-15,4.579669976578771e-15,2.799488060916317e-12,2.043874026775187e-12,3.245915382377601e-05,1.3356446810154643e-05,9104.604709737981,8627.290801145058,trust-constr-exact-hess+KKT,trust-constr-exact-hess+KKT,0.2439629520085873,0.3507760960055748,7,SLSQP+descent-check:1|projected-start:2|trust-constr-exact-hess+KKT:4,4,10,10,4,16,True,True,1.9622054929932347,3.688720669990289,,
representative,Lam-b-0,BRU,ok,S040R29,node,0.00031533157588346366,2.2121652321338334e-05,14.321408287472362,2.238089043447904e-05,2.1603176095056915e-05,0.0003377124663179427,0.00029372839978840674,0.0005677632143807898,-0.0049358643021690796,15.321976050686743,15.316472423170193,1.4690939437178585e-17,1.83772268236293e-17,6.640977456737192e-13,8.30734818388896e-13,0.00039688202012666356,0.5548346289312412,316.3254952464412,253.60721743171135,SLSQP,SLSQP+descent-check,7.929301012001815,0.15956478800217155,22,SLSQP:1|SLSQP+descent-check:11|projected-start:1|projected-start+descent-check:1|trust-constr-exact-hess+KKT:8,8,10,10,4,16,True,True,1.9622054929932347,87.57463911500236,,
representative,Lam-b-0,BRU,ok,S040R4,node,0.0068005547088304885,0.0009510951368053415,14.321408287472362,0.0009733864290742168,0.0009288038445364657,0.007773941137904705,0.005871750864294023,-0.0018097880289715818,0.003499455143183283,15.31959849944339,15.324907742615546,3.469446951953614e-18,3.469446951953614e-18,3.647844277289894e-15,3.647844277289894e-15,0.0015423493975183918,1.225420548026186,3807.4168446356175,2392.651638696782,SLSQP,SLSQP+descent-check,0.11842748800700065,0.1235715859947959,21,SLSQP:3|SLSQP+descent-check:16|projected-start:1|projected-start+descent-check:1,0,10,10,4,16,True,True,1.9622054929932347,3.3525492629996734,,
representative,Lam-b-0,BRU,ok,S040R9,node,4.637502482018266e-06,9.253174578624001e-07,14.321408287472362,1.0265240548161006e-06,8.457979888273499e-07,5.6640265368343664e-06,3.791704493190916e-06,0.003073669577727145,-0.0030457545165614164,15.32448195705009,15.3183625329558,7.722399380117456e-18,2.1510401695522957e-17,8.345675653799045e-12,2.324651017091442e-11,0.982789913714543,0.0008478014412427307,2.032217912738613,1.1522235145887658,SLSQP+descent-check,SLSQP,0.15824809300829656,0.1324609790026443,20,SLSQP:1|SLSQP+descent-check:14|projected-start:1|projected-start+descent-check:1|trust-constr-exact-hess+KKT:3,3,10,10,4,16,True,True,1.9622054929932347,7.932160665004631,,
representative,Lam-b-0,BRU,ok,nuisance_S042.10,parameter,1.9999891533003736e-05,4.000064314614534e-07,14.321408287472362,4.0000643146145224e-07,4.0000643146145224e-07,2.0399897964465188e-05,1.9599885101542283e-05,-0.0005244932973162975,0.0005601941053825499,15.320883794175046,15.321968481577745,0.0,0.0,0.0,0.0,9.800586226126548e-05,1.5825396320047308e-05,4998724.542501012,5001436.329441496,SLSQP,SLSQP,0.08983002700551879,0.08247179600584786,7,SLSQP:4|SLSQP+descent-check:1|projected-start:2,0,10,10,4,16,True,True,1.9622054929932347,1.1507239409984322,,
representative,Lam-b-0,BRU,ok,nuisance_S042.30,parameter,0.0025421032117043103,7.824088152895593e-05,14.321408287472362,7.824088152895599e-05,7.824088152895599e-05,0.0026203440932332663,0.0024638623301753543,-0.0027537043236538494,0.0031452117311641103,15.318654583148708,15.324553499203526,0.0,0.0,0.0,0.0,0.035162614434697446,0.22781974781246792,25518.353617358698,25616.586080310964,SLSQP+descent-check,SLSQP+descent-check,0.1155497319996357,0.14747500099474564,7,SLSQP:1|SLSQP+descent-check:4|projected-start+descent-check:2,0,10,10,4,16,True,True,1.9622054929932347,1.3273904040106572,,
representative,Lam-b-0,BRU,ok,nuisance_S051.2,parameter,0.40799839744516536,0.007000083914657784,14.321408287472362,0.007000083914657784,0.007000083914657784,0.41499848135982315,0.4009983135305076,-0.0004482308201421148,0.0004675257777808639,15.32096005665222,15.321875813250143,0.0,0.0,0.0,0.0,0.7566225087867685,0.7654715748483537,285.65330757978097,285.7841306975294,SLSQP+descent-check,SLSQP+descent-check,0.1421870449994458,0.15597010600322392,7,SLSQP+descent-check:3|projected-start+descent-check:2|trust-constr-exact-hess+KKT:2,2,10,10,4,16,True,True,1.9622054929932347,3.2140206119947834,,
representative,Lam-b-0,BRU,ok,nuisance_S051.4,parameter,0.08402184988951568,0.01100781995488818,14.321408287472362,0.010964820658189406,0.011007819954888184,0.09498667054770508,0.0730140299346275,-0.0024364490913946213,-0.0025636511271667217,15.318971838380968,15.318844636345196,0.0,0.0,0.0,0.0,0.9968180630418508,4.906280106130031,181.60066747931359,181.65261411209488,SLSQP+descent-check,SLSQP+descent-check,0.16938916099024937,0.43508430500514805,15,SLSQP+descent-check:12|projected-start+descent-check:2|trust-constr-exact-hess+KKT:1,1,10,10,4,16,True,True,1.9622054929932347,5.905982444994152,,
representative,"K_L eta+-,00 param.",SPECIAL,ok,S013E00,parameter,0.0022204634585523218,6.283238421998102e-06,9.068552950338661,6.283238421998013e-06,6.283238421998013e-06,0.0022267466969743198,0.0022141802201303237,-0.0001472003861930915,3.2525090402302226e-05,10.068405749952468,10.068585475429064,0.0,0.0,0.0,0.0,0.008514885965269059,0.0009486905073572416,318248.16837913764,318329.66548236244,SLSQP,SLSQP,0.02574560399807524,0.02579342300305143,7,SLSQP:4|SLSQP+descent-check:1|projected-start:2,0,2,3,0,7,True,True,1.0992007729946636,1.2223247439978877,,
representative,"K_L eta+-,00 param.",SPECIAL,ok,S013EP,node,0.0022278992664605908,6.258012620420316e-06,9.068552950338661,6.258012620420639e-06,6.258012620420639e-06,0.0022341572790810114,0.00222164125384017,-3.544923826126478e-05,-7.93017865117207e-05,10.0685175011004,10.06847364855215,0.0,4.336808689942018e-19,0.0,6.930009498208296e-14,1.099597765092865,1.1984540211628394,238198.2194819234,238193.3778892701,SLSQP+descent-check,SLSQP+descent-check,0.052323851006804034,0.053262489003827795,7,SLSQP:2|SLSQP+descent-check:3|projected-start+descent-check:2,0,2,3,0,7,True,True,1.0992007729946636,0.6858990220061969,,
representative,B+J/psi,BRU,ok,S041.3,parameter,0.0010197581716238475,1.886976649379146e-05,73.72540226729407,1.886976649379153e-05,1.886976649379153e-05,0.001038627938117639,0.001000888405130056,-0.0021638358101512267,0.0030502308366067155,74.72323843148392,74.72845249813068,2.2551405187698492e-17,4.83554168928535e-17,1.1951078035395067e-12,2.5625869248972116e-12,0.016162607208509615,0.007230332997338259,3581.0123170985084,3349.0153036722763,SLSQP+descent-check,SLSQP+descent-check,0.2300841130054323,0.20090722100576386,7,SLSQP:1|SLSQP+descent-check:4|projected-start+descent-check:2,0,19,21,6,72,True,True,2.6940052139980253,2.984857830000692,,
representative,B+J/psi,BRU,ok,S041B16,node,1.3153284196238874e-06,1.4335018717626667e-07,73.72540226729407,1.4335018717626672e-07,1.4335018717626672e-07,1.4586786068001541e-06,1.1719782324476207e-06,-0.0014420809667541334,0.0013064042968551348,74.72396018632732,74.72670867159093,5.409618269286952e-17,5.409618269286952e-17,3.7737085495641254e-10,3.7737085495641254e-10,0.0010631291673127488,0.018100891674589982,0.9305623748505192,0.6034549328653634,SLSQP+descent-check,SLSQP+descent-check,7.2006156200077385,5.534372509995592,7,SLSQP+descent-check:5|projected-start+descent-check:2,0,19,21,6,72,True,True,2.6940052139980253,24.83363296301104,,
representative,B+J/psi,BRU,ok,nuisance_M070.1,parameter,0.05975680650430626,0.0003184477264739877,73.72540226729407,0.00031844772647399155,0.00031844772647399155,0.06007525423078025,0.05943835877783227,-2.3659619998284143e-05,3.281427170520601e-05,74.72537860767407,74.72543508156578,0.0,0.0,0.0,0.0,0.015759321336585107,0.0002171415704576414,6280.145725168268,6280.851121207753,SLSQP+descent-check,SLSQP,0.20556862599914894,0.1751366840035189,7,SLSQP:1|SLSQP+descent-check:4|projected-start:1|projected-start+descent-check:1,0,19,21,6,72,True,True,2.6940052139980253,1.8516047619923484,,
representative,B+J/psi,BRU,ok,nuisance_M070.50,parameter,0.0021225040123496403,2.8623867136476322e-05,73.72540226729407,2.862386713647653e-05,2.862386713647653e-05,0.002151127879486117,0.0020938801452131638,-0.00014753435340253418,0.00015359174784634888,74.72525473294067,74.72555585904192,0.0,0.0,0.0,0.0,0.017271201060096292,0.08045404901177676,69855.83955669939,69888.52598267062,SLSQP,SLSQP+descent-check,0.22266293200664222,0.22470577700005379,7,SLSQP:3|SLSQP+descent-check:2|projected-start:1|projected-start+descent-check:1,0,19,21,6,72,True,True,2.6940052139980253,1.9984530380024808,,
representative,pi0,BR,ok,S009.1,parameter,0.9882312211792603,0.0002352973907850485,4.641108520914203,0.00023529739078509415,0.00023529739078509415,0.9884665185700454,0.9879959237884752,-0.00046637195760901307,0.0004669003963195806,5.640642148956594,5.641575421310523,1.1102230246251565e-16,1.1102230246251565e-16,4.718382218013543e-13,4.718382218013543e-13,1.5571565224997672e-08,1.3052116846784112e-08,136.74590095400794,142.46775953721973,SLSQP,SLSQP,0.018462159001501277,0.017766539007425308,7,SLSQP:4|projected-start:3,0,3,3,0,6,True,True,1.6128668309975183,1.5693579699873226,,
representative,pi0,BR,ok,S009K3P,node,0.03479180134170919,0.0006893090600454831,4.641108520914203,0.0006893090600454815,0.0006893090600454815,0.035481110401754674,0.03410249228166371,0.000949529683854422,-0.0009477366677721477,5.642058050598058,5.640160784246431,5.693262291637032e-18,2.5126991073264367e-17,8.259375397243974e-15,3.645243118029872e-14,5.668437710432077e-08,1.1955731561263222e-07,142.302194161064,136.513286786446,SLSQP,SLSQP,0.017313713004114106,0.024298372998600826,7,SLSQP:4|projected-start:3,0,3,3,0,6,True,True,1.6128668309975183,0.847080770006869,,
representative,B0S-BR,BRU,ok,S086.37,parameter,0.00022555326772398878,1.2404980617894127e-05,25.78548667623456,1.2647265395587386e-05,1.2162695840200885e-05,0.00023820053311957617,0.0002133905718837879,0.001151760087164888,-0.0008567282674860621,26.786638436321724,26.784629947967073,5.4752209710517974e-17,2.6617163334519134e-17,4.413727953072185e-12,2.145683589067765e-12,9.002020118577255,2.559545272702621,277.48925098661624,239.2920563080723,SLSQP+descent-check,SLSQP+descent-check,0.18583378700714093,0.1721084730088478,23,SLSQP+descent-check:18|projected-start+descent-check:2|trust-constr-exact-hess+KKT:3,3,14,12,7,27,True,True,2.3294585870025912,7.805037155005266,,
representative,B0S-BR,BRU,ok,S086R04,node,0.18916298179920804,0.006476582377761481,25.78548667623456,0.006501881527674613,0.006451283227848381,0.19566486332688265,0.18271169857135966,-5.245998460523538e-05,8.811091892013678e-05,26.785434216249953,26.78557478715348,4.063416270128073e-14,2.8477220581635265e-14,6.274013103084351e-12,4.396951805850098e-12,3.633324259449495e-05,7.314178147850765e-05,1906.240291678828,1802.038954343656,trust-constr-exact-hess+KKT,trust-constr-exact-hess+KKT,0.3762958500010427,0.9037556330004008,23,SLSQP:1|SLSQP+descent-check:10|projected-start:2|trust-constr-exact-hess+KKT:9|trust-constr-exact-hess+descent-check:1,9,14,12,7,27,True,True,2.3294585870025912,15.707817526999861,,
representative,B0S-BR,BRU,ok,nuisance_M004.1,parameter,0.5014600875290954,0.0048793745565099455,25.78548667623456,0.004879374556509997,0.004879374556509941,0.5063394620856054,0.4965807129725855,-0.001266916011438468,0.0014822872168736012,26.78421976022312,26.786968963451432,0.0,0.0,0.0,0.0,0.00011125989340178208,7.139472453555253,409.51117009510483,410.4166613047151,trust-constr-exact-hess+KKT,SLSQP+descent-check,0.5221781069994904,0.24103452199778985,7,SLSQP+descent-check:2|projected-start:1|projected-start+descent-check:1|trust-constr-exact-hess+KKT:3,3,14,12,7,27,True,True,2.3294585870025912,4.644533792001312,,
representative,B0S-BR,BRU,ok,nuisance_M092.16,parameter,0.17754404971369495,0.022022698369139084,25.78548667623456,0.02357116934821918,0.02073230588657235,0.20111521906191412,0.1568117438271226,-0.0003738774100767728,-0.0031672196970902178,26.785112798824482,26.78231945653747,0.0,0.0,0.0,0.0,0.7245227391668259,0.9164869310592468,80.12819009824219,102.3473694423846,SLSQP+descent-check,SLSQP+descent-check,0.13246256399725098,0.14721942201140337,22,SLSQP:3|SLSQP+descent-check:17|projected-start+descent-check:2,0,14,12,7,27,True,True,2.3294585870025912,4.284297278005397,,
representative,rho(770) neutral,BR,ok,M009.8,parameter,0.0002998207663281509,2.0692716328651897e-05,9.473451187895,2.0611885405493087e-05,2.053105448233429e-05,0.000320432651733644,0.0002792897118458166,-0.0012113891103613383,-0.0043084926782110955,10.472239798784639,10.469142695216789,5.421010862427522e-18,4.228388472693467e-18,2.6197676401340267e-13,2.0434187593045408e-13,5.895735222489742e-06,1.7467919164503883e-07,43.59310338762776,38.16282871570549,SLSQP,SLSQP,0.054235571005847305,0.046410191993345506,22,SLSQP:20|projected-start:2,0,9,8,0,21,True,True,2.3113208239956293,2.9210972519940697,,
representative,rho(770) neutral,BR,ok,M009G1,node,1.4152028844462165e-08,9.657720120021643e-10,9.473451187895,9.619994650802797e-10,9.619994650802797e-10,1.5114028309542445e-08,1.3190029379381885e-08,0.0012642569286889227,0.00029913924720759155,10.474715444823689,10.473750327142207,3.9243348524871e-23,8.361501486801021e-22,4.063417456415485e-14,8.657841998823924e-13,1.2155100170238113e-05,2.7733130036723272e-05,76.48350867819327,66.71866702664123,SLSQP,SLSQP,0.048405787005322054,0.048145709006348625,23,SLSQP:21|projected-start:2,0,9,8,0,21,True,True,2.3113208239956293,2.087708607999957,,
representative,chi_c012 psi(2S),BR,ok,M055B1,node,2.1292315014647724e-05,1.03778182228255e-06,393.9145251307138,1.0458894927691313e-06,1.0296741517959683e-06,2.2338204507416856e-05,2.0262640862851756e-05,0.001973192836032922,0.0008972938487090687,394.91649832354983,394.9154224245625,4.1131919918668824e-18,1.1441721051511089e-17,3.963445787497144e-12,1.102517003655507e-11,0.24748085729127997,5.6070598696119085e-06,331799.7492417463,309400.44367910567,SLSQP,trust-constr-exact-hess+KKT,5.936822069008485,4.355697168997722,21,SLSQP:1|projected-start:2|projected-start+descent-check:1|trust-constr-exact-hess+KKT:17,17,52,118,3,258,True,True,20.337566586997127,184.16619591800554,,
representative,chi_c012 psi(2S),BR,ok,M056W,parameter,10.850292771298506,0.5898569827605392,393.9145251307138,0.5944652404383568,0.5760322097270887,11.444758011736862,10.274260561571417,0.004898636758014163,-0.00045771549287110247,394.9194237674718,394.9140674152209,0.0,0.0,0.0,0.0,0.3183644787182183,0.0036784856043271877,3.3770523041653355,3.621365780455306,SLSQP+descent-check,SLSQP+descent-check,0.681332239008043,0.7239433549984824,21,SLSQP+descent-check:18|projected-start+descent-check:3,0,52,118,3,258,True,True,20.337566586997127,16.43334520299686,,
representative,chi_c012 psi(2S),BR,ok,nuisance_M070.2,parameter,0.05966546334839426,0.00032657196414752175,393.9145251307138,0.00032657196414752343,0.00032657196414752343,0.05999203531254178,0.059338891384246736,-4.4201686307587806e-05,4.700228708998111e-05,394.9144809290275,394.9145721330009,0.0,0.0,0.0,0.0,1.130091026907965,0.1536564978556313,6123.814729792761,6124.651402026707,SLSQP+descent-check,SLSQP+descent-check,0.7188113200099906,0.7684487289952813,7,SLSQP+descent-check:4|projected-start+descent-check:3,0,52,118,3,258,True,True,20.337566586997127,6.366860797003028,,
representative,chi_c012 psi(2S),BR,ok,nuisance_M070.334,parameter,0.002883720594067693,0.00011890083598519375,393.9145251307138,0.00011890083598519374,0.00011890083598519374,0.0030026214300528866,0.002764819758082499,-6.424182572573045e-06,6.305030012754287e-06,394.9145187065312,394.9145314357438,0.0,0.0,0.0,0.0,0.0034900244633544668,0.05185850586109222,16820.57577445532,16820.896815181884,SLSQP,SLSQP+descent-check,0.5797288480098359,0.4132200180029031,7,SLSQP:1|SLSQP+descent-check:3|projected-start:1|projected-start+descent-check:2,0,52,118,3,258,True,True,20.337566586997127,5.952705841002171,,
representative,pi masses,MASS,ok,S009D,node,4.5935632159966815,0.0004502863076770236,8.268000373637513,0.00045028630767696143,0.00045028630767696143,4.5940135023043585,4.5931129296890045,4.875229109302381e-10,3.5979752510684193e-10,9.268000374125036,9.26800037399731,5.329070518200751e-15,5.329070518200751e-15,1.1834849133416529e-11,1.1834849133416529e-11,2.5122058138153634e-07,2.5122122448893795e-07,6281.39714197923,6281.39714107564,SLSQP,SLSQP,0.0217189130053157,0.01590726399444975,7,SLSQP:4|projected-start:3,0,2,1,0,6,True,True,0.8553493280051043,1.0516870930005098,,
representative,pi masses,MASS,ok,S009M,parameter,134.97682776768465,0.0004619963450640545,8.268000373637513,0.0004619963450522846,0.0004619963450522846,134.9772897640297,134.9763657713396,2.9527846834298543e-10,4.0333425488370267e-10,9.268000373932791,9.268000374040847,0.0,0.0,0.0,0.0,1.3306998880580068e-06,3.3648939279373735e-07,4329.038577972892,4329.038578256546,SLSQP,SLSQP,0.022874590998981148,0.01769862799847033,7,SLSQP:4|projected-start:3,0,2,1,0,6,True,True,0.8553493280051043,0.348124715994345,,
representative,eta_c J/psi psi(2S),BRU,ok,M026G01,node,6.728685663970308e-06,4.846991932175363e-07,185.51089892931617,4.960593305585723e-07,4.790191245470176e-07,7.224744994528881e-06,6.249666539423291e-06,0.004755053755246763,-0.002182641201301294,186.51565398307142,186.50871628811487,1.0368418081822165e-19,1.3348847744077698e-19,2.1391449020152895e-13,2.7540478570771303e-13,2.1983928499179206,5.208706089990597e-07,1287.3772153282214,1064.4589635899292,SLSQP+descent-check,SLSQP,0.8060713089944329,0.2670483929978218,22,SLSQP:5|SLSQP+descent-check:15|projected-start:1|projected-start+descent-check:1,0,21,50,2,115,True,True,4.838840005002567,10.334769940993283,,
representative,eta_c J/psi psi(2S),BRU,ok,M026W,parameter,30.472281478090622,0.43466298880266047,185.51089892931617,0.4346629888026605,0.4346629888026605,30.906944466893282,30.03761848928796,-0.0009350525845945867,0.0007067269011997723,186.50996387673158,186.51160565621737,0.0,0.0,0.0,0.0,2.2461683309163134,82.96650117782693,5.117115132987617,83.09423341478957,SLSQP+descent-check,SLSQP+descent-check,0.3799747550074244,0.37360562800313346,7,SLSQP+descent-check:6|projected-start+descent-check:1,0,21,50,2,115,True,True,4.838840005002567,3.416454240999883,,
representative,eta_c J/psi psi(2S),BRU,ok,nuisance_M071.13,parameter,0.3466230102159484,0.003399437275136919,185.51089892931617,0.0033994372751369184,0.0033994372751369184,0.3500224474910853,0.34322357294081146,-4.8116934578956716e-05,-1.1603098670320833e-05,186.5108508123816,186.5108873262175,0.0,0.0,0.0,0.0,3.3603089399484296,1.3517777453813662,588.3244912354967,588.3502430029619,SLSQP+descent-check,SLSQP+descent-check,0.3341403699887451,0.34221308899577707,7,SLSQP+descent-check:5|projected-start+descent-check:2,0,21,50,2,115,True,True,4.838840005002567,2.9866762309975456,,
representative,eta_c J/psi psi(2S),BRU,ok,nuisance_M071.254,parameter,0.000740164331756676,5.001674347605574e-05,185.51089892931617,4.9821365571852435e-05,5.0212121380259034e-05,0.0007899856973285285,0.000689952210376417,-0.0005998818510590809,0.0018846666598619777,186.5102990474651,186.51278359597603,0.0,0.0,0.0,0.0,12.791906783617387,2.002753748016898,39988.55820773032,40038.22246538269,SLSQP+descent-check,trust-constr-exact-hess+descent-check,0.5562630279891891,0.2707048269949155,23,SLSQP+descent-check:8|projected-start+descent-check:1|trust-constr-exact-hess+KKT+descent-check:9|trust-constr-exact-hess+descent-check:5,9,21,50,2,115,True,True,4.838840005002567,17.206441729998915,,
representative,psi masses,MASS,ok,M053DM,node,87.57974237984672,0.304595404736933,61.40792289543626,0.30459540473694346,0.30459540473694346,87.88433778458366,87.27514697510978,1.4895206845721987e-08,-1.4764097500119533e-08,62.407922910331465,62.40792288067216,8.526512829121202e-14,8.526512829121202e-14,2.7992913538814596e-13,2.7992913538814596e-13,1.443404838378045e-09,4.1932145275763974e-10,9.285849695550432,9.285849556820814,SLSQP,SLSQP,0.016353275001165457,0.021259747998556122,7,SLSQP:4|projected-start:3,0,2,1,0,14,True,True,0.9691401710006176,1.0816465670068283,,
representative,psi masses,MASS,ok,M071M,parameter,3686.0973622588267,0.009718613313699392,61.40792289543626,0.009718613313907554,0.009718613313907554,3686.1070808721406,3686.087643645513,7.809077828824229e-10,-9.119105470745126e-10,62.407922896217165,62.40792289452435,0.0,0.0,0.0,0.0,2.0901336217349353e-13,2.0731061230940967e-12,205.79067569787455,205.79067552369457,SLSQP,SLSQP,0.012460994999855757,0.011757469008443877,7,SLSQP:4|projected-start:3,0,2,1,0,14,True,True,0.9691401710006176,0.34319722499640193,,
representative,K+-,BR,ok,S010.24,parameter,2.5494792506568467e-05,3.404206858952092e-07,53.47496861357058,3.4042068589520765e-07,3.4042068589520765e-07,2.5835213192463675e-05,2.515437182067326e-05,-0.0028041354982164535,0.004824909330579885,54.472164478072365,54.47979352290116,7.091359834413002e-18,7.572474548453445e-18,2.083116604904532e-11,2.2244460640046006e-11,0.0006714469940856035,0.0007149046660521638,182.06753408122415,179.4708901393902,SLSQP,SLSQP,0.06276622299628798,0.06131877299048938,7,SLSQP:4|SLSQP+descent-check:1|projected-start:2,0,8,25,0,35,True,True,2.6345948560046963,2.3191847650014097,,
representative,K+-,BR,ok,S010R1,node,0.6356035131106732,0.0008646773831979552,53.47496861357058,0.0008646773831979537,0.0008646773831979537,0.6364681904938712,0.6347388357274752,-0.0007717052398916735,0.0007779734181880826,54.47419690833069,54.47574658698877,0.0,1.1102230246251565e-16,0.0,1.28397370649278e-13,1.985018876894348e-09,1.3185085205356435e-07,627.1294171062827,629.4330021162921,SLSQP,SLSQP,0.07314235299418215,0.07368534899433143,7,SLSQP:4|SLSQP+descent-check:1|projected-start:2,0,8,25,0,35,True,True,2.6345948560046963,1.3716204619995551,,
representative,eta,BR,ok,S014.4,parameter,0.04276975196532355,0.0005777252472583059,46.437799760775654,0.0005777252472583053,0.0005777252472583053,0.04334747721258186,0.04219202671806525,-0.003789680734819001,0.0039296231743009,47.434010080040835,47.441729383949955,6.245004513516506e-17,1.3877787807814457e-17,1.0809644451498777e-13,2.4021432114441726e-14,0.0003739403892591821,0.00029817043356978646,165.36599853775166,163.0885526257445,SLSQP,SLSQP,0.06428286099981051,0.0619399790011812,7,SLSQP:3|SLSQP+descent-check:1|projected-start:2|projected-start+descent-check:1,0,9,28,0,55,True,True,2.8826129869994475,2.6597656270023435,,
representative,eta,BR,ok,S014R02,node,0.28054608023005684,0.0023474633933310307,46.437799760775654,0.0023566331722111866,0.0023382936144508704,0.282902713402268,0.27820778661560597,0.0017454967357508622,-0.0016283244356074533,47.439545257511405,47.43617143634005,5.551115123125783e-17,7.216449660063518e-16,2.36472915356043e-14,3.074147899628559e-13,1.1156059941768413e-05,5.397198046727744e-08,188.47643079310137,188.51195922282315,SLSQP,SLSQP,0.10146724600053858,0.062093351007206365,23,SLSQP:18|SLSQP+descent-check:2|projected-start:2|projected-start+descent-check:1,0,9,28,0,55,True,True,2.8826129869994475,2.697122005003621,,
representative,B masses,MASS,ok,M186DM2,node,560.4756549955691,0.12144265072851669,51.74672793031673,0.12144265072856797,0.12144265072856797,560.5970976462977,560.3542123448406,3.337510630530005e-05,-3.3290477645664396e-05,52.746761305423036,52.746694639839085,0.0,0.0,0.0,0.0,1.2708031150944022e-06,1.246435380539724e-06,23.290619131287343,23.289841214132817,SLSQP,SLSQP,0.09233874401252251,0.09118924599897582,7,SLSQP:5|projected-start:2,0,15,17,0,68,True,True,1.322091554000508,1.5204106519959169,,
representative,B masses,MASS,ok,S086M,parameter,5366.931931296072,0.09823166730473508,51.74672793031673,0.0982316673052992,0.0982316673052992,5367.030162963378,5366.833699628767,7.714965875038615e-06,-7.731978485026048e-06,52.746735645282605,52.746720198338245,0.0,0.0,0.0,0.0,2.3173154016296458e-05,2.3014026549383484e-05,20.360112359180587,20.359954172038783,SLSQP,SLSQP,0.08263674299814738,0.0838446170091629,7,SLSQP:5|projected-start:2,0,15,17,0,68,True,True,1.322091554000508,0.7850605519925011,,
representative,B0,BRU,ok,S042.181,parameter,0.05075844032905078,0.0010520449222064495,82.90199359780131,0.0009123202059759042,0.0010520449222064451,0.051670760535026686,0.049706395406844336,-0.000782220723394289,0.0024912029841885897,83.90121137707791,83.9044848007855,5.551115123125783e-17,4.85722573273506e-17,5.2765000865965416e-14,4.616937575771974e-14,0.00017199403139625682,0.0001293957709401828,166279.178381643,146922.51263443765,SLSQP,SLSQP,0.12389527598861605,0.3185116639942862,14,SLSQP:6|projected-start:2|projected-start+descent-check:1|trust-constr-exact-hess+KKT:5,5,25,36,3,98,True,True,3.4468123520055087,6.218016065991833,,
representative,B0,BRU,ok,S042B09,node,0.014760818769016986,0.0008066861451187471,82.90199359780131,0.0007940816741012647,0.0008035350273643757,0.01555490044311825,0.01395728374165261,0.0021158119918851526,0.00012230365588550285,83.9041094097932,83.9021159014572,1.5612511283791264e-17,3.8163916471489756e-17,1.9353885495942224e-14,4.730949787896988e-14,1.571982115386747e-06,0.004948688535555456,19055.489125652104,15285.852440022772,trust-constr-exact-hess+KKT,SLSQP,0.3899887330044294,0.11578813300002366,21,SLSQP:9|SLSQP+descent-check:1|projected-start:2|projected-start+descent-check:1|trust-constr-exact-hess+KKT:7|trust-constr-exact-hess+KKT+descent-check:1,8,25,36,3,98,True,True,3.4468123520055087,8.271767531012301,,
representative,B0,BRU,ok,nuisance_M070.1,parameter,0.05972044408402624,0.0003198024962210207,82.90199359780131,0.00031980249622101664,0.00031980249622101664,0.06004024658024726,0.059400641587805225,-1.105069263473979e-05,1.1217893913340049e-05,83.90198254710867,83.90200481569522,0.0,0.0,0.0,0.0,0.0055552117578452935,3.1150127695585014e-05,6253.765856456973,6253.955902714293,SLSQP,SLSQP,0.17237223700794857,0.16136441098933574,7,SLSQP:4|projected-start:2|projected-start+descent-check:1,0,25,36,3,98,True,True,3.4468123520055087,1.6283175709977513,,
representative,B0,BRU,ok,nuisance_M070.50,parameter,0.0021205178676741605,2.879042956667961e-05,82.90199359780131,2.8790429566679862e-05,2.8790429566679862e-05,0.0021493082972408404,0.0020917274381074807,-7.849328714826243e-05,7.971946897100679e-05,83.90191510451416,83.90207331727028,0.0,0.0,0.0,0.0,2.146133486678835e-06,0.12893940273548382,69459.11615825669,69476.0771936122,SLSQP,SLSQP+descent-check,0.20770905300742015,0.19558078800037038,7,SLSQP:3|SLSQP+descent-check:1|projected-start:1|projected-start+descent-check:2,0,25,36,3,98,True,True,3.4468123520055087,1.8749295480083674,,
representative,Lambda,BR,ok,S018.1,parameter,0.6410694823418706,0.004860555312171396,6.886770669582673,0.004860555312171444,0.004860555312171444,0.645930037654042,0.6362089270296991,5.947390950122866e-05,-5.824233651363642e-05,7.886830143492174,7.8867124272461595,5.551115123125783e-16,0.0,1.1420742624253537e-13,0.0,1.9520192763074223e-06,7.863308222743101e-07,133.06207570144946,134.65065088191201,SLSQP,SLSQP,0.01619685000332538,0.015320869002607651,7,SLSQP:4|projected-start:3,0,3,4,0,11,True,True,1.9148799599934136,1.591209272010019,,
representative,Lambda,BR,ok,S018R00,node,0.00015071305011268298,1.8863000088533092e-05,6.886770669582673,1.886300008853309e-05,1.886300008853309e-05,0.00016957605020121607,0.0001318500500241499,2.5619689733247242e-05,-2.7808057556200083e-05,7.886796289272406,7.886742861525117,4.607859233063394e-19,2.8658173924223096e-16,2.442802953632245e-14,1.5192797428678663e-11,2.508450184357099e-07,2.3454662248084705e-05,22.307980978774154,17.344877967823724,SLSQP,SLSQP,0.02156425999419298,0.02006172700203024,7,SLSQP:4|projected-start:2|projected-start+descent-check:1,0,3,4,0,11,True,True,1.9148799599934136,0.7751811679918319,,
representative,K+l3 lin form fact,SPECIAL,ok,S010L+M,node,0.02959007609509109,0.00024615088835803166,8.57372091443585,0.00024615088835803003,0.00024615088835803003,0.02983622698344912,0.02934392520673306,4.88086016048328e-10,4.880558179820582e-10,9.573720914923936,9.573720914923905,0.0,0.0,0.0,0.0,1.2311817382106605e-11,2.448889430131432e-12,8125.097635508554,8125.097635508433,SLSQP,SLSQP,0.015564258996164426,0.014813030997174792,7,SLSQP:4|projected-start:3,0,2,1,0,9,True,True,0.9400145210092887,1.0236468660004903,,
representative,K+l3 lin form fact,SPECIAL,ok,S010L0,parameter,0.017604333211620294,0.0009525563448478098,8.57372091443585,0.0009525563448478103,0.0009525563448478103,0.018556889556468104,0.016651776866772484,4.5622705613368453e-10,4.558984301183955e-10,9.573720914892077,9.573720914891748,0.0,0.0,0.0,0.0,2.0236257114447653e-11,1.4097167877480388e-11,2099.6133317781128,2099.6133317777685,SLSQP,SLSQP,0.01716915800352581,0.01713112099969294,7,SLSQP:4|projected-start:3,0,2,1,0,9,True,True,0.9400145210092887,0.3407756360102212,,
representative,K+mu3 lin form fact,SPECIAL,ok,S010L+M,parameter,0.030921483800773614,0.0016449338940963197,6.870067145717988,0.001644933894096319,0.001644933894096319,0.03256641769486993,0.029276549906677295,1.2514522751416735e-10,1.2501288892963203e-10,7.870067145843133,7.8700671458430005,0.0,0.0,0.0,0.0,3.1913416131870233e-12,0.0,1215.8543315498825,1215.8543315498032,SLSQP,SLSQP,0.015187589000561275,0.0145638969988795,7,SLSQP:4|projected-start:3,0,2,0,0,3,True,True,0.7263051869958872,0.928097281997907,,
representative,Lambda/Sigmas masses,MASS,ok,S018M,parameter,1115.6831387084653,0.0064288675293031625,23.858119749762935,0.006428867529393756,0.006428867529393756,1115.6895675759947,1115.676709840936,-1.115720156263933e-06,1.115491009784364e-06,24.85811863404278,24.858120865253944,0.0,0.0,0.0,0.0,4.5829472955476895e-10,1.035357459099841e-09,311.09660838720646,311.09695544773336,SLSQP,SLSQP,0.023726075000013225,0.024132022008416243,7,SLSQP:4|projected-start:3,0,4,4,0,20,True,True,0.9706764810107416,1.0598244710126892,,
representative,Lambda/Sigmas masses,MASS,ok,S020D,node,8.079340239839667,0.040484557208787963,23.858119749762935,0.04048455720878863,0.04048455720878863,8.119824797048455,8.038855682630878,-4.374228552705972e-07,4.376240063663772e-07,24.85811931234008,24.85812018738694,6.750155989720952e-14,6.750155989720952e-14,1.6673409455632378e-12,1.6673409455632378e-12,2.9405487634606846e-09,5.1091610176757236e-09,69.86433102603286,69.86436159328964,SLSQP,SLSQP,0.02910188800888136,0.0293991200014716,7,SLSQP:4|projected-start:3,0,4,4,0,20,True,True,0.9706764810107416,0.5319061430054717,,
representative,Xibar+,BR,ok,S022.1,parameter,0.9988728737680855,0.00035175393286400594,1.0051053042890827,0.00035175393286401846,0.00035175393286401846,0.9992246277009496,0.9985211198352215,-0.0006103082784902902,0.0006809694531675348,2.0044949960105924,2.0057862737422503,2.220446049250313e-16,1.1102230246251565e-16,6.312498146563085e-13,3.156249073281542e-13,7.707533369858588e-08,8.011377472760079e-07,5.499886208221275,9.871460597216116,SLSQP,SLSQP,0.05267543099762406,0.03716361700207926,7,SLSQP:4|projected-start:2|projected-start+descent-check:1,0,5,4,0,5,True,True,1.6587005659966962,1.7954647169972304,,
representative,Xibar+,BR,ok,S022R1,node,0.0005640014591635566,3.0999959888412515e-05,1.0051053042890827,3.099995988841244e-05,3.099995988841244e-05,0.0005950014190519691,0.0005330014992751442,9.154629167218431e-05,-9.673263329146309e-05,2.005196850580755,2.0050085716557913,0.0,3.2526065174565133e-19,0.0,1.0492292664779563e-14,2.2431886739932585e-07,2.1753295605937258e-07,54.29016756285844,48.628483385464314,SLSQP,SLSQP,0.026693794003222138,0.02951339200080838,7,SLSQP:4|projected-start:3,0,5,4,0,5,True,True,1.6587005659966962,0.9331802509987028,,
representative,Xi_Lam_alpha,SPECIAL,ok,S018A-,parameter,0.7494529308670189,0.0033458979097326204,59.14720718601083,0.003345897909732609,0.003345897909732609,0.7527988287767515,0.7461070329572863,-0.0004375344773990264,0.0004340531932385261,60.14676965153343,60.14764123920407,0.0,0.0,0.0,0.0,4.916955731459893e-12,6.991740519879386e-12,597.3570566136227,598.1366907749464,SLSQP,SLSQP,0.015430030995048583,0.016113817007862963,7,SLSQP:4|projected-start:2|projected-start+descent-check:1,0,2,1,0,17,True,True,1.0611032500019064,1.0367881669953931,,
representative,Xi_Lam_alpha,SPECIAL,ok,S022A,node,-0.3847706369305015,0.003244951559672456,59.14720718601083,0.0032449515596724154,0.0032449515596724154,-0.3815256853708291,-0.3880155884901739,0.002222809396656089,-0.0022136584954282057,60.14942999540749,60.1449935275154,0.0,0.0,0.0,0.0,3.1651851625596515e-09,7.09381271246408e-11,881.6860089327108,880.6637772198078,SLSQP,SLSQP,0.019429437001235783,0.016110826007206924,7,SLSQP:4|projected-start:3,0,2,1,0,17,True,True,1.0611032500019064,0.545244556007674,,
representative,Omega_c masses,MASS,ok,S053D,node,70.73325248168567,0.8530056025232406,3.4182282643396706,0.7763683804215447,0.9329748777597899,71.50962086210721,69.80027760392588,-0.003588331257263988,0.0022193529690115454,4.414639933082407,4.420447617308683,9.947598300641403e-14,2.5579538487363607e-13,1.1661820592052177e-13,2.998753866527703e-13,2.3020077012793003e-09,1.9707646672338045e-09,4.0028687531964025,2.799957923535848,SLSQP,SLSQP,0.014606968994485214,0.012423876993125305,20,SLSQP:17|projected-start:3,0,2,1,0,6,True,True,0.8443348069995409,1.222937953993096,,
representative,Omega_c masses,MASS,ok,S053M,parameter,2766.0145435840054,0.9427447612492951,3.4182282643396706,0.8801406169473012,1.0090315022748655,2766.8946842009527,2765.0055120817306,-0.0016618715714864507,0.00010087094269284336,4.416566392768185,4.418329135282364,0.0,0.0,0.0,0.0,4.575204415324663e-07,1.5370725536811847e-07,2.438020436481737,1.8566519395810686,SLSQP,SLSQP,0.01330343600420747,0.012632270008907653,22,SLSQP:19|projected-start:3,0,2,1,0,6,True,True,0.8443348069995409,0.5186047799943481,,
representative,Omega masses,MASS,ok,S024M,node,1672.4519528578708,0.2931124490386013,5.9763409107916425,0.29311244903874467,0.29311244903874467,1672.7450653069095,1672.158840408832,-3.7063685454086226e-12,-2.6468605085483432e-11,6.976340910787936,6.976340910765174,0.0,0.0,0.0,0.0,0.0,8.881784197001252e-16,6.823319877883585,6.823319877805924,projected-start,projected-start,0.00513832300202921,0.005088100995635614,7,projected-start:7,0,1,1,0,10,True,True,0.8562128119956469,0.7297130789957009,,
representative,Omega masses,MASS,ok,S024MB,parameter,1672.4519528578708,0.2931124490386013,5.9763409107916425,0.29311244903874467,0.29311244903874467,1672.7450653069095,1672.158840408832,-3.7063685454086226e-12,-2.6468605085483432e-11,6.976340910787936,6.976340910765174,0.0,0.0,0.0,0.0,0.0,8.881784197001252e-16,6.823319877883585,6.823319877805924,projected-start,projected-start,0.005047146987635642,0.005130275007104501,7,projected-start:7,0,1,1,0,10,True,True,0.8562128119956469,0.24479247399722226,,
representative,K^*(892) charged,BR,ok,M018R2,node,0.0009820160111841864,8.990822998865874e-05,10.734077752199546,9.025943401205208e-05,8.955702596526562e-05,0.0010722754451962385,0.0008924589852189208,0.0020508790476299055,-0.002559143580365131,11.736128631247176,11.731518608619181,0.0,1.734723475976807e-18,0.0,1.9294379126311682e-14,3.6481928589182644e-13,2.482014593852e-12,33.53240068251824,28.15992512190864,SLSQP,SLSQP,0.013667496998095885,0.013008294001338072,23,SLSQP:20|projected-start:3,0,3,2,0,14,True,True,1.7241065760026686,1.7094478869985323,,
representative,K^*(892) charged,BR,ok,M018W1,parameter,51.410975480077816,0.8183229667777557,10.734077752199546,0.8183229667777567,0.8183229667777567,52.22929844685557,50.59265251330006,8.606374175457177e-05,-8.478879895079672e-05,11.7341638159413,11.733992963400595,0.0,0.0,0.0,0.0,7.684040719064732e-06,8.970641305621241e-06,2.4441286608943193,2.4439201067792795,SLSQP,SLSQP,0.018074916006298736,0.018140147993108258,7,SLSQP:4|projected-start:3,0,3,2,0,14,True,True,1.7241065760026686,0.6264823840028839,,
representative,D0,BRU,ok,S032.9,parameter,0.012399071040156468,0.0002179298610892578,150.03284190593968,0.00021792986108925758,0.00021792986108925758,0.012617000901245725,0.01218114117906721,-0.0007184867988598853,0.0010325132226398637,151.03212341914082,151.03387441916232,8.673617379884035e-18,8.673617379884035e-18,3.980004087797574e-14,3.980004087797574e-14,0.034942184971793765,0.8945506965657297,45823.08500975946,42817.72940799534,SLSQP,SLSQP+descent-check,0.45086977900064085,0.4907993050001096,7,SLSQP:1|SLSQP+descent-check:4|projected-start:1|projected-start+descent-check:1,0,36,71,1,138,True,True,6.877993166999659,5.1431148139963625,,
representative,D0,BRU,ok,S032B01,node,0.23999724106252465,0.008085123218410128,150.03284190593968,0.008085123218410123,0.008085123218410123,0.24808236428093478,0.23191211784411453,-0.0014118373991323097,0.0014438950652788662,151.03143006854054,151.03428580100496,1.0547118733938987e-15,9.43689570931383e-16,1.304509337584714e-13,1.1671925652073757e-13,0.23738365194898828,0.3102619545462322,77504.03324244633,72610.32777010874,SLSQP+descent-check,SLSQP+descent-check,0.6175133350043325,0.6381443059945013,7,SLSQP+descent-check:3|projected-start+descent-check:2|trust-constr-exact-hess+KKT:2,2,36,71,1,138,True,True,6.877993166999659,25.735919753002236,,
representative,D0,BRU,ok,nuisance_S014.1,parameter,0.3933724906188329,0.001792612742561107,150.03284190593968,0.001792612742561095,0.001792612742561095,0.395165103361394,0.3915798778762718,-5.464401985477707e-05,5.554517861128261e-05,151.03278726191982,151.0328974511183,0.0,0.0,0.0,0.0,0.11536317979707414,0.0634212806603014,1115.5904629359316,1115.7924256194879,SLSQP+descent-check,SLSQP+descent-check,0.44627204700373113,0.5557483439915814,7,SLSQP+descent-check:4|projected-start+descent-check:2|trust-constr-exact-hess+KKT:1,1,36,71,1,138,True,True,6.877993166999659,12.75859226200555,,
representative,psi(3770),BRU,ok,M053R1,node,0.9284471018517002,0.04432456795361086,20.066086452877776,0.04380513942290443,0.04432456795361084,0.9722522412746046,0.8841225338980894,9.304834856393995e-05,4.634075543918925e-05,21.06617950122634,21.066132793633216,6.772360450213455e-15,0.0,1.5279021912410432e-13,0.0,4.491495091102825,1.0801686552187226e-08,207143.58609394124,192142.0505806045,SLSQP+descent-check,trust-constr-exact-hess+KKT,0.14342540099460166,0.23748547599825542,15,SLSQP:3|SLSQP+descent-check:6|projected-start:1|projected-start+descent-check:1|trust-constr-exact-hess+KKT:4,4,4,6,0,23,True,True,1.923441314997035,4.191888995992485,,
representative,psi(3770),BRU,ok,M053W,parameter,27.18308615005658,0.9492746500561604,20.066086452877776,0.9492746500561609,0.9492746500561609,28.132360800112743,26.23381150000042,-0.00165316621375311,0.0023218598873882,21.064433286664023,21.068408312765165,0.0,0.0,0.0,0.0,0.003073114974430337,0.03671293891475737,2.1012307322892814,2.1145957048142248,SLSQP+descent-check,SLSQP+descent-check,0.059191606007516384,0.07140911900205538,7,SLSQP+descent-check:4|projected-start+descent-check:2|trust-constr-exact-hess+KKT:1,1,4,6,0,23,True,True,1.923441314997035,1.7439873999974225,,
representative,Nu-mix Dm(32)-invert,SPECIAL,ok,S067DM1,parameter,-0.0025276917817653615,2.633838452343627e-05,9.897670135966422,2.5618194321623284e-05,2.7161459039793095e-05,-0.0025020735874437382,-0.0025548532408051546,-0.002736941962005801,-0.001265453517184767,10.894933194004416,10.896404682449237,0.0,0.0,0.0,0.0,0.0,0.0,82078.91489874055,71433.51959306156,projected-start,projected-start,0.008994766001706012,0.005365637000068091,20,projected-start:20,0,1,0,0,7,True,True,0.812076722009806,0.8592427950061392,,
representative,Nu-mix Dm(32)-normal,SPECIAL,ok,S067DM1,parameter,0.0024485044438909503,2.6876134024354435e-05,9.050051702078118,2.6456194430224313e-05,2.5826285039028465e-05,0.0024749606383211746,0.002422678158851922,-0.0048370399844106515,6.0295197009452295e-05,10.045214662093708,10.050111997275128,0.0,0.0,0.0,0.0,0.0,1.4551915228366852e-11,73987.81767968729,78585.71035650976,projected-start,projected-start,0.005380965012591332,0.005738489009672776,20,projected-start:20,0,1,0,0,9,True,True,0.986908601000323,0.8787806489999639,,
representative,Lambda_c,BRU,ok,S033.4,parameter,0.06346097963262481,0.001944763326882959,58.76139291947947,0.0019447633268829534,0.0019295698633916836,0.06540574295950777,0.06153140976923313,0.004912483273244561,0.0008153188654418386,59.766305402752714,59.76220823834491,2.7755575615628914e-17,2.0816681711721685e-17,1.4271955477541414e-14,1.0703966608156061e-14,1.2050886841574084,0.087768690050075,136603.05486566343,122106.01073099449,SLSQP+descent-check,SLSQP,0.4000091850030003,0.35046824099845253,14,SLSQP:2|SLSQP+descent-check:6|projected-start:1|projected-start+descent-check:1|trust-constr-exact-hess+KKT:4,4,29,55,3,88,True,True,5.219523737003328,14.367382498996449,,
representative,Lambda_c,BRU,ok,S033P03,node,0.001486559829501634,7.755450589322555e-05,58.76139291947947,7.816040047051642e-05,7.69486113159348e-05,0.0015647202299721504,0.0014096112181856992,0.004167512702920817,-0.003305646044388766,59.76556043218239,59.75808727343508,2.667137344314341e-17,4.92227786308419e-17,3.439048851637797e-13,6.346862514811219e-13,0.033263470357136615,0.11206376004169126,1967.4581114831697,1624.572803829142,SLSQP+descent-check,SLSQP+descent-check,0.440568202000577,0.3933822630060604,21,SLSQP+descent-check:19|projected-start+descent-check:2,0,29,55,3,88,True,True,5.219523737003328,9.352293984004064,,
representative,Lambda_c,BRU,ok,nuisance_M001.8,parameter,7.820955057256742e-05,1.2589261114068207e-05,58.76139291947947,1.2933498722655993e-05,1.2195846704253586e-05,9.114304929522341e-05,6.601370386831383e-05,-0.0017506245489187222,-0.0005585672301222644,59.75964229493055,59.76083435224935,0.0,0.0,0.0,0.0,0.09421992093654008,0.6152817368463569,149750.60767316233,170144.55344799586,SLSQP,SLSQP+descent-check,0.3525238940055715,0.39140088399290107,20,SLSQP:5|SLSQP+descent-check:13|projected-start:1|projected-start+descent-check:1,0,29,55,3,88,True,True,5.219523737003328,8.533065236988477,,
representative,Lambda_c,BRU,ok,nuisance_M004.6,parameter,0.0002835270548286983,2.129706502136131e-05,58.76139291947947,2.129706502136127e-05,2.1297065021361325e-05,0.00030482411985005954,0.00026222998980733695,-0.003257715238568437,0.0036257221211783985,59.7581352042409,59.76501864160065,0.0,0.0,0.0,0.0,0.290584751164462,0.4135445478474005,93313.73704734306,94609.24443702803,SLSQP+descent-check,SLSQP+descent-check,0.3978681110020261,0.41045066399965435,7,SLSQP:1|SLSQP+descent-check:4|projected-start+descent-check:2,0,29,55,3,88,True,True,5.219523737003328,3.6632000640092883,,
representative,Nu-mix s(23)-invert,SPECIAL,ok,S067P23,parameter,0.5345749399420513,0.018820393126464205,5.677658403273123,0.018967427447764695,0.015879706700454133,0.553542367389816,0.5186952332415972,0.0014139714437702011,0.004848185472879685,6.679072374716894,6.682506588746003,0.0,0.0,0.0,0.0,1.4210854715202004e-14,1.4210854715202004e-14,102.80621005203554,114.34345823367985,projected-start,projected-start,0.006069966999348253,0.005188112001633272,19,projected-start:19,0,1,0,0,5,True,True,0.6992534260061802,0.7695962169964332,,
representative,Lam_c/Sig_c masses,MASS,ok,B102D,node,341.53731727869217,0.04561926632466524,44.7047663738659,0.04561926632470659,0.04561926632470659,341.5829365450169,341.49169801236746,7.892306801693394e-05,-8.289184587795262e-05,45.70484529693392,45.70468348202002,3.410605131648481e-13,1.1368683772161603e-13,7.476238454550614e-12,2.4920794848502046e-12,5.303644212265153e-06,6.488027793464568e-05,62.00321969265038,61.99822529647778,SLSQP,SLSQP,0.07654797000577673,0.05928970700188074,7,SLSQP:5|projected-start:2,0,14,15,0,54,True,True,1.4245611920050578,1.5083989150007255,,
representative,Lam_c/Sig_c masses,MASS,ok,B102M,parameter,2627.9987610126445,0.14671148932254974,44.7047663738659,0.14728458107765618,0.14671148932256983,2628.146045593722,2627.852049523322,0.001574878864211371,-0.001101375053060849,45.70634125273011,45.70366499881284,0.0,0.0,0.0,0.0,9.805463397656688e-06,3.825199656950776e-06,13.617969364092746,13.599763025280197,SLSQP,SLSQP,0.0701374450000003,0.07855382800335065,15,SLSQP:13|projected-start:2,0,14,15,0,54,True,True,1.4245611920050578,1.3579580250079744,,
representative,Xi(1530) mass,MASS,ok,B049D,node,3.1712881678681697,0.6290657351591009,13.302742322341667,0.6290657351591009,0.6290657351591009,3.8003539030272706,2.542222432709069,3.731547367458177e-05,-3.731519323046939e-05,14.302779637815341,14.302705007148436,1.0080825063596421e-13,1.2656542480726785e-13,1.6025074169787388e-13,2.0119586512728658e-13,1.2573301977663508e-12,1.2545039137897739e-12,4.496318491130337,4.49615071263481,SLSQP,SLSQP,0.014146425004582852,0.01437526500376407,7,SLSQP:4|projected-start:3,0,2,1,0,14,True,True,0.9618593320046784,1.0042141300073126,,
representative,Xi(1530) mass,MASS,ok,B049M0,parameter,1531.8009433487878,0.2414446093436002,13.302742322341667,0.241444609343489,0.241444609343489,1532.0423879581313,1531.5594987394443,5.905038014120123e-06,-5.905265211936239e-06,14.30274822737968,14.302736417076455,0.0,0.0,0.0,0.0,7.41295913542217e-13,4.198863479132342e-13,8.283497863708941,8.283448948543148,SLSQP,SLSQP,0.011848989990539849,0.010987258996465243,7,SLSQP:4|projected-start:3,0,2,1,0,14,True,True,0.9618593320046784,0.34059738799987826,,
representative,K0mu3 form factors,SPECIAL,ok,S013LZ,parameter,0.010718082801878432,0.0010588115854114088,24.612023546176893,0.0010588115854114084,0.0010588115854114084,0.01177689438728984,0.009659271216467024,-5.358630481566706e-07,5.275493002443454e-07,25.612023010313845,25.612024073726193,0.0,0.0,0.0,0.0,5.6418002420362693e-11,1.3126768884704742e-11,1888.9096866117584,1888.9106909569668,SLSQP,SLSQP,0.023103747007553466,0.022815256990725175,7,SLSQP:4|projected-start:2|projected-start+descent-check:1,0,3,0,0,9,True,True,0.8874095880019013,1.0448038400063524,,
representative,K0mu3 pole mass,SPECIAL,ok,S013MVM,parameter,899.6548670044019,12.342534491910326,12.883837132605986,12.342534491910328,12.342534491910328,911.9974014963122,887.3123325124916,7.991722839051363e-10,8.007354779238085e-10,13.883837133405159,13.883837133406722,0.0,0.0,0.0,0.0,6.938893903907228e-16,3.0531133177191805e-16,0.16204127303918037,0.1620412730393063,SLSQP,SLSQP,0.015549100993666798,0.016254340996965766,7,SLSQP:4|projected-start:3,0,2,0,0,4,True,True,0.8280635060073109,0.9721255690092221,,
representative,K_L,BR,ok,S013.11,parameter,0.000864334219654159,3.250920867016352e-06,37.402748927450766,3.250920867016319e-06,3.250920867016319e-06,0.0008675851405211754,0.0008610832987871427,-0.001187108177639118,0.0014314108882231835,38.40156181927313,38.40418033833899,2.168404344971009e-19,2.168404344971009e-19,6.670123431706718e-14,6.670123431706718e-14,2.603133854394989e-06,2.5147808808996076e-06,604.9610329301992,602.9346626177658,SLSQP,SLSQP,0.09466883700224571,0.10034343399456702,7,SLSQP:5|projected-start:2,0,12,32,1,28,True,True,3.0132422789902193,2.9076791669940576,,
representative,K_L,BR,ok,S013R1,node,0.24355491958499342,0.001118413207878229,37.402748927450766,0.0011184132078782272,0.0011184132078782272,0.24467333279287165,0.2424365063771152,-0.001883042357221143,0.0019356941166961406,38.400865885093545,38.40468462156746,2.7422508708241367e-14,0.0,2.451912094302367e-11,0.0,0.00047065033932801065,2.6739435140922796e-06,515.2340843129791,513.4113286995972,SLSQP,SLSQP,0.09348052699351683,0.09326172299915925,7,SLSQP:5|projected-start:2,0,12,32,1,28,True,True,3.0132422789902193,1.8193594990007114,,
representative,K_L,BR,ok,nuisance_S009K3P,parameter,0.036095135117235735,0.0007990955641678983,37.402748927450766,0.0007990955641678996,0.0007959740971203721,0.036894230681403635,0.03529916102011536,-0.003119805860698932,-0.0026654539948296474,38.39962912159007,38.400083473455936,0.0,0.0,0.0,0.0,0.0004089215684651751,1.0198314265525207e-06,2491.935154545852,2509.3543992166105,SLSQP,SLSQP,0.09662329600541852,0.09719231499184389,15,SLSQP:12|projected-start:2|projected-start+descent-check:1,0,12,32,1,28,True,True,3.0132422789902193,2.2305812660051743,,
representative,eta_c(2S),BRU,ok,M059.4,parameter,0.01899828137652683,0.011921287074888197,2.5878422220963664,0.011735016964343068,0.011688449436706789,0.030733298340869897,0.007309831939820041,0.0048926055433677895,-0.0024815600085261735,3.592734827639734,3.58536066208784,1.0408340855860843e-17,2.862293735361732e-17,8.730886850116774e-16,2.400993883782113e-15,1.345314363827773e-10,1.7995316057770745e-05,5066.963935822461,286.43008376694024,trust-constr-exact-hess+KKT,SLSQP,0.09191800600092392,0.06523681301041506,21,SLSQP:8|SLSQP+descent-check:1|projected-start:2|projected-start+descent-check:1|trust-constr-exact-hess:2|trust-constr-exact-hess+KKT:7,7,3,4,0,5,True,True,1.968549694007379,4.1659415010071825,,
representative,eta_c(2S),BRU,ok,M059R25,node,4.0244465248233336e-06,7.565432535078871e-07,2.5878422220963664,7.62453747675917e-07,7.506327593398567e-07,4.7869002724992505e-06,3.273813765483477e-06,0.0011310271159672425,-0.001441792091531724,3.5889732492123336,3.5864004300048347,2.9483742507380696e-19,7.652597963596403e-18,3.897165478731392e-13,1.011521539332136e-11,5.985071012301371e-08,0.0002386893321080378,3370.586338495582,1702.2374143362927,SLSQP,SLSQP,0.04560904600657523,0.02624722100154031,21,SLSQP:18|SLSQP+descent-check:1|projected-start:2,0,3,4,0,5,True,True,1.968549694007379,1.6207950139942113,,
representative,D^*(2007)0,BR,ok,M061.2,parameter,0.3532815217580827,0.008641188737325523,2.4985615424147083,0.008843716598356588,0.008438660876294524,0.3621252383564393,0.34484286088178817,0.0010449149795923596,-0.002956171441708566,3.4996064573943007,3.4956053709729997,1.1102230246251565e-16,5.551115123125783e-17,1.2848035824394855e-14,6.4240179121974275e-15,7.105427357601002e-15,0.0,72.30284405305098,77.20368471946425,projected-start,projected-start,0.0064781289984239265,0.006764981008018367,21,SLSQP:1|projected-start:20,0,2,3,0,5,True,True,1.5768107879994204,2.076778294009273,,
representative,D^*(2007)0,BR,ok,M061R1,node,0.3532815217580827,0.008641188737325523,2.4985615424147083,0.008843716598356588,0.008438660876294524,0.3621252383564393,0.34484286088178817,0.0010449149795923596,-0.002956171441708566,3.4996064573943007,3.4956053709729997,1.1102230246251565e-16,5.551115123125783e-17,1.2848035824394855e-14,6.4240179121974275e-15,7.105427357601002e-15,0.0,72.30284405305098,77.20368471946425,projected-start,projected-start,0.006489936000434682,0.006131077010650188,21,SLSQP:1|projected-start:20,0,2,3,0,5,True,True,1.5768107879994204,1.2185044619982364,,
representative,Xi_c,BRU,ok,S048.12,parameter,0.014550120787045484,0.0026634382197829654,1.4473348300717912,0.002715458497513104,0.002601013886506803,0.017265579284558588,0.011949106900538681,-0.00042965822054119585,-0.0035939868060594904,2.4469051718512502,2.443740843265732,1.734723475976807e-17,2.0816681711721685e-17,6.513098231796658e-15,7.81571787815599e-15,0.0006222592023935211,0.0008174095352074272,6754.095053133602,3512.5428271565384,SLSQP,SLSQP,0.08648065500892699,0.03898967200075276,22,SLSQP:11|SLSQP+descent-check:5|projected-start:2|trust-constr-exact-hess+KKT:4,4,4,7,0,8,True,True,1.6097000479931012,4.240185222006403,,
representative,Xi_c,BRU,ok,S048R00,node,0.014325813130196942,0.002642631124452697,1.4473348300717912,0.0027148905692619494,0.002580694457473335,0.01704070369945889,0.011745118672723607,0.0006887847441769956,0.0031904909027486994,2.4480236148159684,2.45052532097454,2.0816681711721685e-17,1.214306433183765e-17,7.877255935988013e-15,4.595065962659674e-15,9.855316379301568e-05,2.41332557644808e-10,6526.498086735469,3447.576891754933,SLSQP,trust-constr-exact-hess+KKT,0.041978247987572104,0.17525302100693807,22,SLSQP:6|projected-start:2|projected-start+descent-check:1|trust-constr-exact-hess+KKT:13,13,4,7,0,8,True,True,1.6097000479931012,4.216017817001557,,
representative,Xi_c masses,MASS,ok,B130D+0,node,-2.8375033456695746,0.39221251292854403,145.82387207313852,0.39221251292854387,0.39221251292854387,-2.4452908327410308,-3.2297158585981185,-1.0946938488132218e-05,1.0054251390556601e-05,146.82386112620003,146.8238821273899,2.922107000813412e-13,2.922107000813412e-13,7.450315592929034e-13,7.450315592929034e-13,5.604213707332715e-09,5.6665050559264345e-09,7.211434452607142,7.211497673177357,SLSQP,SLSQP,0.06310669200320262,0.06064091800362803,7,SLSQP:5|projected-start:2,0,12,18,0,42,True,True,1.3248671679903055,1.4859278950025328,,
representative,Xi_c masses,MASS,ok,B146M0,parameter,2646.111052319194,0.20130520548692976,145.82387207313852,0.2005188570278733,0.20209155394559275,2646.311571176222,2645.9089607652486,-0.0016160719203242024,0.0022282773687152257,146.8222560012182,146.82610035050723,0.0,0.0,0.0,0.0,8.309013440765193e-11,2.3510332322115714e-08,9.998225291689566,9.884887660408205,SLSQP,SLSQP,0.05112916299549397,0.052524665006785654,23,SLSQP:21|projected-start:2,0,12,18,0,42,True,True,1.3248671679903055,1.4233167870115722,,
representative,"D,D*,D_s,D_s* masses",MASS,ok,M061DM,node,142.01422091226118,0.019627906387996833,342.3590517007435,0.01962790638799561,0.01962790638799561,142.03384881864918,141.99459300587318,7.152720456815587e-06,-7.164228236433701e-06,343.359058853464,343.3590445365153,0.0,0.0,0.0,0.0,1.2935209498931963e-06,0.0009164601135753999,144.10285067560406,144.10225846114812,SLSQP,SLSQP,0.07378067100944463,0.07112726500781719,7,SLSQP:4|projected-start:2|projected-start+descent-check:1,0,12,16,0,123,True,True,1.2629433830006747,1.4381406430038624,,
representative,"D,D*,D_s,D_s* masses",MASS,ok,S034M,parameter,1968.3508640225111,0.06700802103651227,342.3590517007435,0.06700802103637216,0.06700802103637216,1968.4178720435475,1968.2838560014748,-0.0011673850363536076,-0.0009813421622197893,343.35788431570717,343.3580703585813,0.0,0.0,0.0,0.0,8.941446509718671e-07,1.5843819853831083e-06,29.813718466992356,29.816494399628308,SLSQP,SLSQP,0.08383870800025761,0.07412886200472713,7,SLSQP:4|projected-start:2|projected-start+descent-check:1,0,12,16,0,123,True,True,1.2629433830006747,0.6916750939999474,,
representative,D_s,BRU,ok,S034.40,parameter,0.05452815257391708,0.000641994198682934,12.092755137477859,0.0006419941986829381,0.0006419941986829381,0.055170146772600015,0.05388615837523414,-0.00010410396395243993,0.00021344361466724138,13.092651033513906,13.092968581092526,1.3877787807814457e-17,1.3877787807814457e-17,2.1616687247774294e-14,2.1616687247774294e-14,0.00554501079637084,0.001171116354931656,294530.93763656827,281895.87685204577,SLSQP,SLSQP,0.15786260599270463,0.15614676701079588,7,SLSQP:4|projected-start:2|projected-start+descent-check:1,0,13,19,1,33,True,True,2.471416711996426,2.2952824579988373,,
representative,D_s,BRU,ok,S034P72,node,0.10259000880252048,0.01504605514934849,12.092755137477859,0.01510482880227565,0.01498728149642134,0.11769483760479613,0.08760272730609914,0.001898794356078426,-0.0026285708078450654,13.094653931833937,13.090126566670014,3.9621084191310274e-14,5.134781488891349e-16,2.6333204150873997e-12,3.412709469640413e-14,0.03760785315836708,0.0007369003989241255,4723.948749652212,3595.1887285474413,SLSQP+descent-check,SLSQP,0.17369194301136304,0.1808552559959935,23,SLSQP:6|SLSQP+descent-check:13|projected-start:1|projected-start+descent-check:2|trust-constr-exact-hess+KKT:1,1,13,19,1,33,True,True,2.471416711996426,6.628330769002787,,
representative,D_s,BRU,ok,nuisance_M001.1,parameter,0.8921055234241531,0.006997304514443932,12.092755137477859,0.006997304514443914,0.006997304514443914,0.899102827938597,0.8851082189097091,-6.023903136309627e-06,7.805918523118294e-06,13.092749113574722,13.092762943396382,0.0,0.0,0.0,0.0,0.02165649183410161,0.025282028102269774,285.8217657020431,285.8276572812718,SLSQP+descent-check,SLSQP+descent-check,0.21354919800069183,0.2285111529927235,7,SLSQP+descent-check:4|projected-start+descent-check:3,0,13,19,1,33,True,True,2.471416711996426,1.8991624820046127,,
representative,rho(770) charged,BR,ok,M009.3,parameter,0.0004499550836457602,2.094324292830005e-05,10.707777277352145,2.110686201367741e-05,2.0861433385611417e-05,0.00047106194565943763,0.0004290936502601488,0.004495531107806983,0.0026356276233929776,11.712272808459952,11.710412904975538,1.6263032587282567e-19,0.0,7.765288615024734e-15,0.0,1.6721896797500544e-14,4.210173876195711e-15,63.023652632874615,58.60589256606887,SLSQP,SLSQP,0.015472333005163819,0.013613828996312805,22,SLSQP:19|projected-start:3,0,3,1,0,10,True,True,2.1667424159968505,1.9301994050038047,,
representative,rho(770) charged,BR,ok,M009W3,node,0.06760557845739426,0.002959619307606413,10.707777277352145,0.0029596193076064092,0.0029596193076064092,0.07056519776500067,0.06464595914978785,-5.459192731294138e-05,-4.359788938401721e-05,11.707722685424832,11.707733679462761,4.236375391864791e-15,7.66786961767337e-15,1.4313919972670243e-12,2.590829705011874e-12,4.850026959364039e-05,5.008008362334066e-05,67.40280711701696,61.75161378277023,projected-start,projected-start,0.01575429199147038,0.014274842003942467,7,SLSQP:2|projected-start:5,0,3,1,0,10,True,True,2.1667424159968505,0.8254461789911147,,
representative,B+J/psi,BRU,ok,S041.20,parameter,0.0006081020556143905,2.068172302060851e-05,73.72540226729407,2.0843298981706895e-05,2.0520147059510077e-05,0.0006289453545960974,0.0005875819085548804,-0.003487956570324968,0.004561529551367016,74.72191431072375,74.72996379684544,4.141652298894627e-17,8.673617379884035e-18,2.0025663697205673e-12,4.1938562716661094e-13,0.0013560962863956895,1.930770879166167e-05,1178.326121970371,1071.24635118331,SLSQP+descent-check,SLSQP,0.24547716199595015,0.21397944999625906,21,SLSQP:9|SLSQP+descent-check:10|projected-start:1|projected-start+descent-check:1,0,19,21,6,72,True,True,2.899096303997794,5.977347403997555,,
representative,B+J/psi,BRU,ok,S041.222,parameter,3.921622810773803e-05,8.403657568556966e-07,73.72540226729407,8.43648435593413e-07,8.370830781179788e-07,4.0059876543331446e-05,3.8379145029620054e-05,-0.0018578489686120747,0.002658729607304622,74.72354441832546,74.72806099690138,2.0735366548785272e-18,4.330710052721787e-17,2.467421641068348e-12,5.153363303290135e-11,0.005874416286242655,3.5914045180931874e-05,118.77240651898651,111.35201970153707,SLSQP+descent-check,SLSQP,0.19453105599677656,0.18298428499838337,23,SLSQP:6|SLSQP+descent-check:15|projected-start:1|projected-start+descent-check:1,0,19,21,6,72,True,True,2.899096303997794,5.282752523999079,,
representative,B+J/psi,BRU,ok,S041B46,node,0.5963198653716675,0.01904877228272602,73.72540226729407,0.019272000082914187,0.018825544482537704,0.6155918654545817,0.5774943208891298,0.0016211365961424917,-0.0016360783119040434,74.72702340389021,74.72376618898217,6.661338147750939e-16,2.098321516541546e-14,3.4969908028097085e-14,1.1015521028850582e-12,0.00020115423491084866,0.08413768526299013,2375.569018103396,2295.130718404733,SLSQP,SLSQP+descent-check,0.19039754298864864,0.1645927909994498,23,SLSQP:8|SLSQP+descent-check:13|projected-start:1|projected-start+descent-check:1,0,19,21,6,72,True,True,2.899096303997794,5.667435622992343,,
representative,B+J/psi,BRU,ok,S041B91,node,3.921622810773803e-05,8.403657568556966e-07,73.72540226729407,8.43648435593413e-07,8.370830781179788e-07,4.0059876543331446e-05,3.8379145029620054e-05,-0.0018578489686120747,0.002658729607304622,74.72354441832546,74.72806099690138,2.0735366548785272e-18,4.330710052721787e-17,2.467421641068348e-12,5.153363303290135e-11,0.005874416286242655,3.5914045180931874e-05,118.77240651898651,111.35201970153707,SLSQP+descent-check,SLSQP,0.20605063700350001,0.19192437900346704,23,SLSQP:6|SLSQP+descent-check:15|projected-start:1|projected-start+descent-check:1,0,19,21,6,72,True,True,2.899096303997794,5.4010991449904395,,
representative,B+J/psi,BRU,ok,nuisance_M070.54,parameter,0.005722118905539609,0.000328846225159094,73.72540226729407,0.00033013078072612143,0.0003249925584580104,0.00605224968626573,0.005397126347081598,-0.0019099804238180695,0.00025726894355670993,74.72349228687025,74.72565953623763,0.0,0.0,0.0,0.0,0.00010078572182744683,0.0027405022937680313,6098.535434236745,6231.220520100218,SLSQP,SLSQP,0.13035457000660244,0.18059789399558213,23,SLSQP:19|SLSQP+descent-check:2|projected-start:2,0,19,21,6,72,True,True,2.899096303997794,4.842264799997793,,
representative,B0S-BR,BRU,ok,S086.5,parameter,0.0029875217173795736,0.00013439063663641613,25.78548667623456,0.00013596552690949915,0.00013281574636333322,0.003123487244289073,0.0028547059710162404,0.0002051285133788383,0.000644469241482426,26.785691804747938,26.78613114547604,1.6479873021779667e-17,2.47198095326695e-17,1.2262664597954645e-13,1.839399689693197e-13,5.06212185896696e-05,5.064298829625959e-05,4461.743305617457,3900.1576372865693,trust-constr-exact-hess+KKT,trust-constr-exact-hess+KKT,0.33150078100152314,0.1753932010033168,23,SLSQP+descent-check:2|projected-start:2|trust-constr-exact-hess+KKT:19,19,14,12,7,27,True,True,2.2740107029967476,9.509890607005218,,
representative,B0S-BR,BRU,ok,S086.7,parameter,0.0009926908145392493,3.5337951327429156e-05,25.78548667623456,3.561402907217479e-05,3.50618735826837e-05,0.001028304843611424,0.0009576289409565656,-0.003985501033529459,0.00460618875094454,26.78150117520103,26.790092864985503,3.0791341698588326e-17,4.336808689942018e-18,8.713391846993752e-13,1.2272382883089793e-13,0.0001034092837038279,0.15157098914585515,1834.1394017537775,1671.9437801818742,trust-constr-exact-hess+KKT,SLSQP+descent-check,1.0067647120013135,0.947741889001918,21,SLSQP+descent-check:11|projected-start:1|projected-start+descent-check:1|trust-constr-exact-hess+KKT:8,8,14,12,7,27,True,True,2.2740107029967476,15.456072770000901,,
representative,B0S-BR,BRU,ok,S086R29,node,1.8166083598062617e-05,1.383482303929104e-06,25.78548667623456,1.399694987178275e-06,1.3672696206799345e-06,1.9565778585240892e-05,1.6798813977382683e-05,-0.0019175629053371779,0.002069971857370234,26.78356911332922,26.78755664809193,1.717782817031721e-17,2.606489785290933e-17,1.2416369997311858e-11,1.884006595450101e-11,0.6279239871413227,4.563766784446199e-05,16.948609828863123,13.163780315753593,SLSQP+descent-check,trust-constr-exact-hess+KKT,0.2856926889944589,0.35362556800828315,23,SLSQP+descent-check:8|projected-start:1|projected-start+descent-check:1|trust-constr-exact-hess+KKT:13,13,14,12,7,27,True,True,2.2740107029967476,11.48376217400073,,
representative,B0S-BR,BRU,ok,S086R3,node,0.0029875217173795736,0.00013439063663641613,25.78548667623456,0.00013596552690949915,0.00013281574636333322,0.003123487244289073,0.0028547059710162404,0.0002051285133788383,0.000644469241482426,26.785691804747938,26.78613114547604,1.6479873021779667e-17,2.47198095326695e-17,1.2262664597954645e-13,1.839399689693197e-13,5.06212185896696e-05,5.064298829625959e-05,4461.743305617457,3900.1576372865693,trust-constr-exact-hess+KKT,trust-constr-exact-hess+KKT,0.3687447289994452,0.1825920699920971,23,SLSQP+descent-check:2|projected-start:2|trust-constr-exact-hess+KKT:19,19,14,12,7,27,True,True,2.2740107029967476,8.083377392002149,,
representative,B0S-BR,BRU,ok,nuisance_S041.3,parameter,0.00101713945599657,1.8832567231745158e-05,25.78548667623456,1.8832567231745175e-05,1.8832567231745175e-05,0.0010359720232283151,0.0009983068887648248,-0.002040834312065698,0.00245782719736809,26.783445841922493,26.787944503431927,0.0,0.0,0.0,0.0,0.15539561889518635,0.00011253275551297926,106063.77426550887,106380.47823213373,SLSQP+descent-check,trust-constr-exact-hess+KKT,0.17009783699177206,3.034919252997497,7,SLSQP:1|SLSQP+descent-check:3|projected-start:1|projected-start+descent-check:1|trust-constr-exact-hess+KKT:1,1,14,12,7,27,True,True,2.2740107029967476,4.567772504000459,,
representative,chi_c012 psi(2S),BR,ok,M055B10,node,1.242369315517419e-05,7.575646432764551e-07,393.9145251307138,7.575646432764554e-07,7.575646432764554e-07,1.3181257798450645e-05,1.1666128511897734e-05,-6.454296055835584e-06,6.192104592628311e-06,394.91451867641774,394.9145313228184,3.1922291340334205e-19,2.3606594209592433e-18,4.2138042771202737e-13,3.116116151816997e-12,1.3978854392664262e-06,3.6718440177580395e-06,103270.13309189325,91400.22944042292,trust-constr-exact-hess+KKT,trust-constr-exact-hess+KKT,4.670718127003056,7.925724105996778,7,projected-start:2|projected-start+descent-check:1|trust-constr-exact-hess+KKT:4,4,52,118,3,258,True,True,21.07170590700116,47.745438762998674,,
representative,chi_c012 psi(2S),BR,ok,M055B11,node,3.5720473631297055e-05,2.19769722037197e-06,393.9145251307138,2.1976972203719718e-06,2.1976972203719718e-06,3.7918170851669026e-05,3.352277641092508e-05,-0.002212230430757245,0.0021103712124954654,394.91231290028304,394.9166355019263,1.81603863891322e-18,8.74138001566438e-19,8.263370504722426e-13,3.977517892198481e-13,6.201684015717068e-06,5.802444513416935e-06,268248.39082149736,238755.82711621362,trust-constr-exact-hess+KKT,trust-constr-exact-hess+KKT,12.831356718990719,6.105407897004625,7,projected-start:2|projected-start+descent-check:1|trust-constr-exact-hess+KKT:4,4,52,118,3,258,True,True,20.354238435000298,73.02227603198844,,
representative,chi_c012 psi(2S),BR,ok,M056.11,parameter,0.00022145356099718502,8.529678088187875e-06,393.9145251307138,8.562997143219845e-06,8.496359033155915e-06,0.00023001655814040487,0.0002129572019640291,-0.00155011796226745,0.0017845525656525751,394.91297501275153,394.91630968327945,1.0950441942103595e-17,1.9705374484924043e-17,1.2838048316580737e-12,2.3102131500381673e-12,0.15248113737632554,0.002510621534857461,385.73394120710026,337.5288425656373,SLSQP+descent-check,SLSQP+descent-check,0.7868325239978731,0.7748649760033004,23,SLSQP+descent-check:14|projected-start+descent-check:3|trust-constr-exact-hess+KKT:6,6,52,118,3,258,True,True,20.354238435000298,149.3540144139988,,
representative,chi_c012 psi(2S),BR,ok,M056.6,parameter,0.014095013351982131,0.0005568019491889345,393.9145251307138,0.0005611519644169727,0.0005524519339608971,0.014656165316399104,0.013542561418021234,-0.0004999931571774141,0.0010961927598600596,394.9140251375566,394.91562132347366,5.204170427930421e-18,4.336808689942018e-17,9.34653773305046e-15,7.788781444208717e-14,0.0037789943015237664,0.0038684245099206587,23820.33694976439,21036.19182061754,SLSQP,SLSQP,19.898476321002818,0.7303795740008354,21,SLSQP:2|SLSQP+descent-check:4|projected-start:2|projected-start+descent-check:1|trust-constr-exact-hess+KKT:12,12,52,118,3,258,True,True,20.354238435000298,324.93738031100656,,
representative,chi_c012 psi(2S),BR,ok,nuisance_M070.335,parameter,0.00527011256901173,0.0004048548796363814,393.9145251307138,0.0004048548796363816,0.0004048548796363816,0.005674967448648111,0.004865257689375348,-0.0008121640718172785,0.000770742642487221,394.913712966642,394.9152958733563,0.0,0.0,0.0,0.0,3.218217088276545,0.31738019541291795,4933.938363388088,4945.664333697119,SLSQP+descent-check,SLSQP+descent-check,0.655661650991533,0.7035255980008515,7,SLSQP+descent-check:4|projected-start+descent-check:3,0,52,118,3,258,True,True,20.354238435000298,6.007066567995935,,
representative,eta_c J/psi psi(2S),BRU,ok,M026.31,parameter,0.00016441221966372545,1.0620665023869869e-05,185.51089892931617,1.1159995669613251e-05,1.0454717132871876e-05,0.0001755722153333387,0.00015395750253085358,0.0007509779947838524,0.003408387584954653,186.51164990731095,186.51430731690112,6.388661301370835e-17,1.9895109865109006e-17,6.015311929161087e-12,1.8732452083174537e-12,0.026706275929942902,0.0011957257764975732,167.80729475847008,147.82626118287502,SLSQP+descent-check,SLSQP+descent-check,0.2564099890005309,0.26363567300722934,21,SLSQP:2|SLSQP+descent-check:17|projected-start+descent-check:2,0,21,50,2,115,True,True,4.918094163003843,7.230814145994373,,
representative,eta_c J/psi psi(2S),BRU,ok,M026.45,parameter,0.0011024612508969101,9.57386368450934e-05,185.51089892931617,0.0001907293155898346,0.0001869895250880731,0.0012931905664867447,0.000915471725808837,-0.0007335008226334594,0.004431627004777283,186.51016542849354,186.51533055632095,2.190088388420719e-17,1.1926223897340549e-17,2.2875700559266537e-13,1.245706466098673e-13,0.05255960845974403,0.01996093809882301,538.4115684762727,284.6760843058337,SLSQP+descent-check,SLSQP+descent-check,0.2649234179989435,0.2538279369910015,20,SLSQP+descent-check:18|projected-start+descent-check:2,0,21,50,2,115,True,True,4.918094163003843,6.093494312008261,,
representative,eta_c J/psi psi(2S),BRU,ok,M026G03,node,1.339674883770437e-05,2.0846538175854575e-06,185.51089892931617,2.100940175535347e-06,2.0765106386105144e-06,1.5497689013239717e-05,1.1320238199093855e-05,0.00490332908259461,0.001127303698524429,186.51580225839876,186.5120262330147,1.354607831098804e-18,1.2895036493159956e-17,6.497998946740104e-13,6.185696821401063e-12,0.0005496725358452127,7.261634714592115,1428.3891645931942,782.26535774676,SLSQP,SLSQP+descent-check,0.24695472500752658,0.28318596800090745,22,SLSQP:5|SLSQP+descent-check:15|projected-start:1|projected-start+descent-check:1,0,21,50,2,115,True,True,4.918094163003843,6.9793341390031856,,
representative,eta_c J/psi psi(2S),BRU,ok,M026G07,node,9.239218621239836e-06,7.969901891664342e-07,185.51089892931617,7.969901891664335e-07,7.969901891664335e-07,1.003620881040627e-05,8.442228432073402e-06,-0.004394001370201295,0.004232607892561191,186.50650492794597,186.51513153720873,4.368151986707929e-18,2.1071700170027376e-18,5.480810235915883e-12,2.643909605972202e-12,1.3724812220599203,2.9664003168258577,1576.315385650125,1136.1364386823552,SLSQP+descent-check,SLSQP+descent-check,0.3366025690047536,0.36086197500117123,7,SLSQP+descent-check:5|projected-start+descent-check:2,0,21,50,2,115,True,True,4.918094163003843,3.2922631679975893,,
representative,B0,BRU,ok,S042.390,parameter,0.014760818769016986,0.0008066861451187471,82.90199359780131,0.0007940816741012647,0.0008035350273643757,0.01555490044311825,0.01395728374165261,0.0021158119918851526,0.00012230365588550285,83.9041094097932,83.9021159014572,1.5612511283791264e-17,3.8163916471489756e-17,1.9353885495942224e-14,4.730949787896988e-14,1.571982115386747e-06,0.004948688535555456,19055.489125652104,15285.852440022772,trust-constr-exact-hess+KKT,SLSQP,0.3491494560003048,0.11253628101258073,21,SLSQP:9|SLSQP+descent-check:1|projected-start:2|projected-start+descent-check:1|trust-constr-exact-hess+KKT:7|trust-constr-exact-hess+KKT+descent-check:1,8,25,36,3,98,True,True,3.479718121001497,9.762512076995336,,
representative,B0,BRU,ok,S042.69,parameter,0.0005901331326085796,3.131724279036022e-05,82.90199359780131,3.792322369145179e-05,3.54765640984549e-05,0.0006280563563000314,0.0005546565685101247,-0.004014188814551289,-0.0003410485325332502,83.89797940898676,83.90165254926877,2.6454533008646308e-17,6.613633252161577e-18,8.447273978023791e-13,2.1118184945059478e-13,0.007829211756942825,0.0004964701930951237,620.9121282029961,486.4361128714375,SLSQP+descent-check,SLSQP,0.160086970005068,0.13373317899822723,21,SLSQP:6|SLSQP+descent-check:11|projected-start:1|projected-start+descent-check:2|trust-constr-exact-hess+KKT:1,1,25,36,3,98,True,True,3.479718121001497,5.925026205994072,,
representative,B0,BRU,ok,S042B31,node,6.664496100431552e-06,5.220661058754948e-07,82.90199359780131,5.220661058754948e-07,5.220661058754948e-07,7.186562206307047e-06,6.142429994556058e-06,-0.0038017839192292513,0.003766343491648172,83.89819181388208,83.90575994129296,3.37703565740817e-17,3.3771203607028955e-17,6.468597787525292e-11,6.468760033826616e-11,1.2154181583584307e-05,0.0002618642474379188,6.179996157625509,4.566364510174144,SLSQP,SLSQP,0.23358471899700817,0.21069420099956915,7,SLSQP:2|SLSQP+descent-check:2|projected-start:2|projected-start+descent-check:1,0,25,36,3,98,True,True,3.479718121001497,1.9681465800094884,,
representative,B0,BRU,ok,S042B95,node,0.29080520743599103,0.015264802654805856,82.90199359780131,0.015264802654805842,0.015264802654805842,0.3060700100907969,0.2755404047811852,-0.0041375141125143955,0.0011561377639424109,83.8978560836888,83.90314973556525,2.220446049250313e-16,5.551115123125783e-17,1.4546182479150783e-14,3.636545619787696e-15,4.299781892700813e-08,4189.031327952809,66023.11581308315,74695.15672755775,trust-constr-exact-hess+KKT,trust-constr-exact-hess+KKT+descent-check,0.7493101100117201,0.48839803399459925,7,projected-start:1|projected-start+descent-check:2|trust-constr-exact-hess+KKT:2|trust-constr-exact-hess+KKT+descent-check:2,4,25,36,3,98,True,True,3.479718121001497,5.729896075994475,,
representative,B0,BRU,ok,nuisance_M070.54,parameter,0.005772660839904089,0.000385133713251149,82.90199359780131,0.0003851337132511493,0.0003836292846837617,0.006157794553155238,0.005389031555220327,-0.003666625839727544,-0.0011499637769958326,83.89832697196158,83.90084363402431,0.0,0.0,0.0,0.0,18.693712165377498,2.079564639915305,5179.150342097122,5224.683460559199,SLSQP+descent-check,SLSQP+descent-check,0.12890238699037582,0.14315538000664674,15,SLSQP:2|SLSQP+descent-check:11|projected-start+descent-check:2,0,25,36,3,98,True,True,3.479718121001497,2.8174638589989627,,
representative,D0,BRU,ok,S032.123,parameter,0.0022086233456074275,0.0003115624933841677,150.03284190593968,0.0003127795343739496,0.0003042602474454762,0.002521402879981377,0.0019043630981619513,0.00024339007396179113,-7.336152009429497e-05,151.03308529601364,151.03276854441958,6.028164079019405e-17,2.7972416050126014e-17,1.9348169972392867e-13,8.978107649059999e-14,0.8158092447626842,1.6004300154584239e-06,1256.8978316788923,758.8251752520201,SLSQP+descent-check,trust-constr-exact-hess+KKT,0.4505805410008179,0.7661397070041858,22,SLSQP:1|SLSQP+descent-check:14|projected-start:1|projected-start+descent-check:1|trust-constr-exact-hess+KKT:5,5,36,71,1,138,True,True,6.600729219993809,26.44547648099251,,
representative,D0,BRU,ok,S032.64,parameter,0.011116600698951496,0.0006089411819039111,150.03284190593968,0.0006089411819039121,0.0006089411819039121,0.011725541880855408,0.010507659517047584,-0.001417869927792026,0.0015064448380996964,151.03142403601188,151.03434835077778,3.469446951953614e-18,3.469446951953614e-18,5.697507501637623e-15,5.697507501637623e-15,0.13400684521697753,0.009396559651523953,14148.961870612757,11414.366900531988,SLSQP+descent-check,SLSQP,0.5546077140024863,0.4843878469982883,7,SLSQP:1|SLSQP+descent-check:3|projected-start:1|projected-start+descent-check:1|trust-constr-exact-hess+KKT:1,1,36,71,1,138,True,True,6.600729219993809,9.226020793998032,,
representative,D0,BRU,ok,S032B02,node,0.03669866110363063,0.0004199220317366532,150.03284190593968,0.00041992203173665116,0.00041992203173665116,0.037118583135367283,0.03627873907189398,-0.0006046971304840554,0.0005942663624978195,151.0322372088092,151.03343617230217,9.783840404509192e-16,4.0245584642661925e-16,2.329918333659844e-12,9.584061230657514e-13,0.1525057295407475,0.4664033481732621,216902.83140025893,212854.81759046338,SLSQP,SLSQP+descent-check,0.49516772700008005,0.5266901950089959,7,SLSQP:1|SLSQP+descent-check:3|projected-start:1|projected-start+descent-check:1|trust-constr-exact-hess+KKT:1,1,36,71,1,138,True,True,6.600729219993809,14.557340434999787,,
representative,D0,BRU,ok,S032B03,node,0.02084830862640314,0.0006465254496413938,150.03284190593968,0.0006465254496413955,0.0006465254496413955,0.021494834076044536,0.020201783176761745,-0.001261256959764978,0.001233091010078624,151.0315806489799,151.03407499694976,2.255140518769849e-16,2.0816681711721685e-17,3.488092417739628e-13,3.219777616375041e-14,0.42953768662723746,1.0505971279136412,81475.9038257608,77006.31103239201,SLSQP+descent-check,SLSQP+descent-check,0.5495810830034316,0.5823782280058367,7,SLSQP+descent-check:3|projected-start+descent-check:2|trust-constr-exact-hess+KKT:2,2,36,71,1,138,True,True,6.600729219993809,27.03175468101108,,
representative,Lambda_c,BRU,ok,S033.21,parameter,0.04543896811068673,0.001786798238890476,58.76139291947947,0.0018007576001318124,0.0017658591970284784,0.04723972571081854,0.04367310891365825,0.003977931089956144,-0.0022701864670224836,59.765370850569425,59.75912273301245,1.3877787807814457e-17,6.938893903907228e-18,7.766846589479492e-15,3.883423294739746e-15,0.13280459869285935,0.07215111414330078,78461.51895849724,67722.33696948599,SLSQP+descent-check,SLSQP+descent-check,0.3912616560119204,0.4192584130069008,22,SLSQP:3|SLSQP+descent-check:16|projected-start+descent-check:2|trust-constr-exact-hess+KKT:1,1,29,55,3,88,True,True,4.868082041997695,16.293549201000133,,
representative,Lambda_c,BRU,ok,S033.35,parameter,0.0036459090498223517,0.00032819306527631355,58.76139291947947,0.00033332108192125594,0.00032306504863137105,0.003979230131743608,0.0033228440011909806,0.0020705385368202656,-0.0024926020417908035,59.76346345801629,59.75890031743768,4.423544863740858e-17,6.938893903907228e-18,1.347848364808248e-13,2.1142719447972517e-14,0.35706176032582515,0.3861795231678756,2951.565876152131,2168.7600541842203,SLSQP+descent-check,SLSQP+descent-check,0.4054921859933529,0.4074197629961418,19,SLSQP+descent-check:17|projected-start+descent-check:2,0,29,55,3,88,True,True,4.868082041997695,12.613858713986701,,
representative,Lambda_c,BRU,ok,S033P04,node,0.01870247416917633,0.00171025480890652,58.76139291947947,0.0017102548089065195,0.0017102548089065195,0.02041272897808285,0.01699221936026981,-0.0011258597792362934,0.000998127430761997,59.76026705970023,59.76239104691023,2.7755575615628914e-17,2.7755575615628914e-17,1.622891248197975e-14,1.622891248197975e-14,0.030147730526463447,0.0751641931531565,15265.434184723625,10610.852919556122,SLSQP+descent-check,SLSQP+descent-check,0.37912068598961923,0.3882744680013275,7,SLSQP+descent-check:5|projected-start+descent-check:2,0,29,55,3,88,True,True,4.868082041997695,3.472501779004233,,
representative,Lambda_c,BRU,ok,S033P10,node,0.005524008092497924,0.0007377278398273898,58.76139291947947,0.0007377278398273896,0.0007377278398273896,0.006261735932325313,0.004786280252670534,-0.0028644520601872614,0.0025772630437259636,59.75852846741928,59.763970182523195,2.688821387764051e-17,2.7755575615628914e-17,3.644733521772974e-14,3.762305570862425e-14,0.4044375767646122,2.908901017575653,3325.8703765061828,1957.6922594865416,SLSQP+descent-check,SLSQP+descent-check,0.36617658199975267,0.44181153799581807,7,SLSQP+descent-check:4|projected-start+descent-check:2|trust-constr-exact-hess+KKT:1,1,29,55,3,88,True,True,4.868082041997695,7.675515954993898,,
representative,Lambda_c,BRU,ok,nuisance_S014.12,parameter,5.849350270204951e-06,7.698389957138042e-07,58.76139291947947,7.698389957138047e-07,7.698389957138047e-07,6.619189265918756e-06,5.079511274491146e-06,-0.0010448911218148282,0.0009740533261322071,59.760348028357654,59.7623669728056,0.0,0.0,0.0,0.0,0.003442083814077519,0.06974808257240926,2592801.5866019786,2602725.2204259606,SLSQP,SLSQP,0.3489381600084016,0.3409738790069241,7,SLSQP:4|SLSQP+descent-check:1|projected-start:2,0,29,55,3,88,True,True,4.868082041997695,3.2042486860009376,,
